cas_type,cas_gender,cas_age,cas_pos_in_veh,fatality,seat_belt,unit_type,lic_type,n_occupants,stat_area,total_units,time,area_speed,acc_pos,hor_align,ver_align,moist_cond,wea_cond,dayNight,crash_type,traf_ctrls
Driver,Female,66,Driver,NotFatal,Worn,Small,Full,1,2 Metropolitan,2,off-peak,60,Divided Road,Straight road,Level,Dry,Not Raining,Daylight,Rear End,No Control
Driver,Male,21,Driver,NotFatal,Worn,Utility,Full,1,3 Country,1,off-peak,110,Not Divided,"CURVED, VIEW OBSCURED",Level,Wet,Raining,Night,Roll Over,No Control
Driver,Female,39.88915925,Driver,NotFatal,Worn,Small,Full,2,2 Metropolitan,2,off-peak,60,Divided Road,Straight road,Level,Dry,Not Raining,Daylight,Rear End,No Control
Driver,Female,86,Driver,NotFatal,Worn,Small,Full,1,2 Metropolitan,2,off-peak,50,Not Divided,Straight road,Level,Dry,Not Raining,Daylight,Right Turn,No Control
Rider,Male,41,NotApplicable,NotFatal,NotWorn,MCycling,NoLicence,1,2 Metropolitan,2,off-peak,50,Not Divided,"CURVED, VIEW OPEN",Level,Dry,Not Raining,Daylight,Hit Fixed Object,No Control
Pedestrian,Female,16,NotApplicable,NotFatal,NotWorn,Pedestrian on Road,NoLicence,1,2 Metropolitan,2,peak,60,Cross Road,Straight road,Level,Dry,Not Raining,Daylight,Hit Pedestrian,Traffic Signals
Driver,Male,22,Driver,NotFatal,Worn,Small,Provisional 2,1,2 Metropolitan,2,peak,60,Divided Road,Straight road,Level,Dry,Not Raining,Night,Rear End,No Control
Driver,Male,43,Driver,NotFatal,Worn,Small,Provisional 1 ,4,2 Metropolitan,2,peak,60,Divided Road,Straight road,Level,Dry,Not Raining,Night,Rear End,No Control
Driver,Female,65,Driver,NotFatal,Worn,Small,Full,1,2 Metropolitan,2,peak,60,T-Junction,Straight road,Level,Dry,Not Raining,Night,Rear End,No Control
Driver,Male,39.88915925,Driver,NotFatal,Worn,Small,Provisional 2,1,2 Metropolitan,2,peak,60,Not Divided,Straight road,Level,Dry,Not Raining,Daylight,Hit Fixed Object,No Control
Driver,Male,26,Driver,NotFatal,Worn,Small,Full,1,2 Metropolitan,2,off-peak,100,Other,Straight road,Slope,Dry,Not Raining,Night,Hit Fixed Object,No Control
Rider,Male,32,NotApplicable,NotFatal,NotWorn,PCycling,NoLicence,1,2 Metropolitan,1,off-peak,60,Not Divided,Straight road,Level,Dry,Not Raining,Night,Roll Over,No Control
Pedestrian,Male,61,NotApplicable,NotFatal,NotWorn,Pedestrian on Road,NoLicence,1,2 Metropolitan,2,peak,60,T-Junction,Straight road,Level,Dry,Not Raining,Night,Hit Pedestrian,No Control
Rider,Female,25,NotApplicable,NotFatal,NotWorn,PCycling,NoLicence,1,2 Metropolitan,2,peak,50,Cross Road,Straight road,Level,Dry,Not Raining,Daylight,Right Angle,Roundabout
Passenger,Female,15,Rear Seat Left Passenger,NotFatal,NotWorn,Medium,NoLicence,3,2 Metropolitan,4,off-peak,80,Not Divided,"CURVED, VIEW OBSCURED",Level,Dry,Not Raining,Night,Hit Fixed Object,No Control
Passenger,Male,17,Front Seat Left Passenger,NotFatal,NotWorn,Medium,NoLicence,3,2 Metropolitan,4,off-peak,80,Not Divided,"CURVED, VIEW OBSCURED",Level,Dry,Not Raining,Night,Hit Fixed Object,No Control
Pedestrian,Male,35,NotApplicable,Fatal,NotWorn,Pedestrian on Road,NoLicence,1,2 Metropolitan,2,off-peak,40,Cross Road,Straight road,Slope,Dry,Not Raining,Night,Hit Pedestrian,Traffic Signals
Rider,Male,53,NotApplicable,NotFatal,NotWorn,MCycling,NoLicence,1,2 Metropolitan,2,off-peak,50,Cross Road,Straight road,Level,Dry,Not Raining,Night,Rear End,Give Way Sign
Passenger,Female,58,Front Seat Left Passenger,NotFatal,NotWorn,Small,NoLicence,2,3 Country,2,off-peak,60,T-Junction,Straight road,Level,Dry,Not Raining,Daylight,Right Angle,No Control
Driver,Female,33,Driver,NotFatal,Worn,Small,Full,2,3 Country,2,off-peak,60,T-Junction,Straight road,Level,Dry,Not Raining,Daylight,Right Angle,No Control
Rider,Male,32,NotApplicable,NotFatal,NotWorn,MCycling,NoLicence,1,2 Metropolitan,2,peak,60,Cross Road,Straight road,Level,Dry,Not Raining,Daylight,Right Turn,Give Way Sign
Passenger,Female,7,Rear Seat Left Passenger,NotFatal,NotWorn,Medium,NoLicence,2,2 Metropolitan,3,peak,60,Divided Road,Straight road,Level,Dry,Not Raining,Daylight,Rear End,No Control
Driver,Male,39.88915925,Driver,NotFatal,Worn,Medium,Full,1,2 Metropolitan,2,off-peak,50,T-Junction,Straight road,Slope,Dry,Not Raining,Daylight,Hit Fixed Object,No Control
Driver,Female,26,Driver,NotFatal,Worn,Small,Full,1,2 Metropolitan,2,peak,80,Divided Road,"CURVED, VIEW OPEN",Slope,Dry,Not Raining,Daylight,Hit Fixed Object,No Control
Rider,Male,52,NotApplicable,NotFatal,NotWorn,PCycling,NoLicence,1,2 Metropolitan,2,peak,60,Cross Road,Straight road,Level,Dry,Not Raining,Daylight,Side Swipe,Roundabout
Rider,Male,25,NotApplicable,NotFatal,NotWorn,MCycling,NoLicence,1,2 Metropolitan,1,off-peak,90,Divided Road,Straight road,Level,Dry,Not Raining,Night,Roll Over,No Control
Passenger,Male,24,Front Seat Left Passenger,NotFatal,NotWorn,Medium,NoLicence,2,2 Metropolitan,2,off-peak,60,T-Junction,"CURVED, VIEW OPEN",Level,Dry,Not Raining,Daylight,Side Swipe,Roundabout
Pedestrian,Male,89,NotApplicable,NotFatal,NotWorn,Wheelchair,NoLicence,1,2 Metropolitan,2,off-peak,60,Divided Road,Straight road,Level,Dry,Not Raining,Daylight,Hit Pedestrian,No Control
Rider,Male,20,NotApplicable,NotFatal,NotWorn,PCycling,NoLicence,1,1 City,2,peak,60,Divided Road,"CURVED, VIEW OPEN",Level,Dry,Not Raining,Daylight,Rear End,No Control
Driver,Female,50,Driver,NotFatal,Worn,Small,Full,2,2 Metropolitan,3,peak,50,Cross Road,Straight road,Level,Dry,Not Raining,Daylight,Right Angle,Give Way Sign
Driver,Male,26,Driver,Fatal,Worn,Medium,Full,4,3 Country,2,off-peak,110,Not Divided,Straight road,Level,Dry,Not Raining,Night,Hit Fixed Object,No Control
Passenger,Male,20,Rear Seat Left Passenger,NotFatal,NotWorn,Medium,NoLicence,4,3 Country,2,off-peak,110,Not Divided,Straight road,Level,Dry,Not Raining,Night,Hit Fixed Object,No Control
Passenger,Male,24,Front Seat Left Passenger,NotFatal,NotWorn,Medium,NoLicence,4,3 Country,2,off-peak,110,Not Divided,Straight road,Level,Dry,Not Raining,Night,Hit Fixed Object,No Control
Passenger,Female,18,Rear Seat Right Passenger,Fatal,NotWorn,Medium,NoLicence,4,3 Country,2,off-peak,110,Not Divided,Straight road,Level,Dry,Not Raining,Night,Hit Fixed Object,No Control
Pedestrian,Male,10,NotApplicable,NotFatal,NotWorn,Pedestrian on Road,NoLicence,1,2 Metropolitan,2,peak,50,Pedestrian Crossing,Straight road,Level,Dry,Not Raining,Daylight,Hit Pedestrian,Traffic Signals
Passenger,Female,69,Front Seat Left Passenger,NotFatal,NotWorn,Medium,NoLicence,2,2 Metropolitan,2,off-peak,60,Cross Road,Straight road,Level,Dry,Not Raining,Daylight,Rear End,Traffic Signals
Driver,Female,38,Driver,NotFatal,Worn,Medium,Full,1,3 Country,2,off-peak,60,Cross Road,Straight road,Level,Dry,Not Raining,Daylight,Right Angle,Roundabout
Driver,Female,25,Driver,NotFatal,Worn,Medium,Full,1,3 Country,2,off-peak,60,Cross Road,Straight road,Level,Dry,Not Raining,Daylight,Right Angle,Roundabout
Driver,Female,57,Driver,NotFatal,Worn,Small,Full,1,2 Metropolitan,2,off-peak,60,Cross Road,Straight road,Level,Dry,Not Raining,Night,Rear End,Traffic Signals
Rider,Male,36,NotApplicable,NotFatal,NotWorn,PCycling,NoLicence,1,2 Metropolitan,2,peak,80,Divided Road,Straight road,Level,Dry,Not Raining,Daylight,Hit Fixed Object,No Control
Driver,Male,28,Driver,NotFatal,Worn,Small,Full,1,2 Metropolitan,4,off-peak,70,Divided Road,Straight road,Slope,Dry,Not Raining,Night,Rear End,No Control
Driver,Female,41,Driver,NotFatal,Worn,Small,Full,1,2 Metropolitan,2,off-peak,60,Divided Road,Straight road,Level,Dry,Not Raining,Night,Rear End,No Control
Driver,Female,47,Driver,NotFatal,Worn,Small,Full,1,2 Metropolitan,2,off-peak,60,Cross Road,Straight road,Level,Dry,Not Raining,Night,Right Angle,Traffic Signals
Passenger,Female,31,Front Seat Left Passenger,NotFatal,NotWorn,Small,NoLicence,2,1 City,2,peak,50,Cross Road,Straight road,Level,Dry,Not Raining,Daylight,Right Angle,Give Way Sign
Driver,Male,39.88915925,Driver,NotFatal,Worn,Small,Full,1,3 Country,2,off-peak,100,Not Divided,"CURVED, VIEW OPEN",Level,Wet,Raining,Night,Hit Fixed Object,No Control
Driver,Female,25,Driver,NotFatal,Worn,Medium,Full,1,2 Metropolitan,2,off-peak,80,Cross Road,"CURVED, VIEW OPEN",Level,Dry,Not Raining,Daylight,Side Swipe,Traffic Signals
Rider,Male,57,NotApplicable,NotFatal,NotWorn,MCycling,NoLicence,1,3 Country,1,off-peak,100,Not Divided,Straight road,Level,Dry,Not Raining,Daylight,Roll Over,No Control
Driver,Female,38,Driver,NotFatal,Worn,Small,Unknown,2,2 Metropolitan,2,peak,50,Not Divided,"CURVED, VIEW OPEN",Level,Dry,Not Raining,Daylight,Hit Pedestrian,No Control
Pedestrian,Female,62,NotApplicable,NotFatal,NotWorn,Pedestrian on Road,NoLicence,1,2 Metropolitan,2,peak,50,Not Divided,"CURVED, VIEW OPEN",Level,Dry,Not Raining,Daylight,Hit Pedestrian,No Control
Rider,Male,63,NotApplicable,NotFatal,NotWorn,PCycling,NoLicence,1,2 Metropolitan,1,peak,60,Divided Road,"CURVED, VIEW OPEN",Level,Wet,Raining,Daylight,Roll Over,No Control
Driver,Male,68,Driver,NotFatal,Worn,Medium,Full,1,2 Metropolitan,3,off-peak,70,T-Junction,Straight road,Level,Dry,Not Raining,Daylight,Head On,No Control
Driver,Male,41,Driver,NotFatal,Worn,Medium,Full,1,2 Metropolitan,3,off-peak,70,T-Junction,Straight road,Level,Dry,Not Raining,Daylight,Head On,No Control
Pedestrian,Male,22,NotApplicable,NotFatal,NotWorn,Pedestrian on Road,NoLicence,1,2 Metropolitan,2,off-peak,50,Not Divided,Straight road,Level,Wet,Not Raining,Daylight,Hit Pedestrian,No Control
Driver,Female,81,Driver,NotFatal,Worn,Small,Unknown,1,2 Metropolitan,2,off-peak,80,T-Junction,Straight road,Level,Dry,Not Raining,Daylight,Right Angle,No Control
Driver,Female,64,Driver,NotFatal,Worn,Small,Full,1,2 Metropolitan,2,off-peak,40,Not Divided,Straight road,Level,Dry,Not Raining,Daylight,Side Swipe,No Control
Driver,Male,40,Driver,NotFatal,Worn,Small,Full,1,2 Metropolitan,2,peak,60,Divided Road,Straight road,Level,Dry,Not Raining,Daylight,Rear End,No Control
Driver,Male,83,Driver,NotFatal,NotWorn,Medium,Full,1,3 Country,5,off-peak,50,Not Divided,Straight road,Level,Wet,Unknown,Daylight,Hit Parked Vehicle,No Control
Rider,Male,48,NotApplicable,NotFatal,NotWorn,MCycling,NoLicence,1,3 Country,1,off-peak,100,Not Divided,Straight road,Level,Dry,Not Raining,Daylight,Roll Over,No Control
Driver,Female,43,Driver,NotFatal,Worn,Medium,Unknown,1,2 Metropolitan,2,peak,80,Divided Road,Straight road,Level,Wet,Not Raining,Night,Hit Fixed Object,No Control
Pedestrian,Male,90,NotApplicable,NotFatal,NotWorn,Pedestrian on Footpath/Carpark,NoLicence,1,2 Metropolitan,2,off-peak,50,Divided Road,Straight road,Level,Dry,Not Raining,Daylight,Hit Pedestrian,No Control
Driver,Female,22,Driver,NotFatal,Worn,Small,Full,1,2 Metropolitan,3,off-peak,60,Divided Road,Straight road,Level,Wet,Raining,Daylight,Rear End,No Control
Driver,Male,23,Driver,NotFatal,Worn,Medium,Provisional 1 ,1,2 Metropolitan,2,off-peak,60,Divided Road,Straight road,Level,Dry,Not Raining,Daylight,Hit Parked Vehicle,No Control
Driver,Female,40,Driver,NotFatal,Worn,Small,Full,2,2 Metropolitan,2,off-peak,60,T-Junction,Straight road,Level,Dry,Not Raining,Daylight,Right Angle,No Control
Driver,Male,29,Driver,NotFatal,Worn,Small,Full,2,2 Metropolitan,2,off-peak,60,T-Junction,Straight road,Level,Dry,Not Raining,Daylight,Right Angle,No Control
Passenger,Male,68,Front Seat Left Passenger,NotFatal,NotWorn,Small,NoLicence,2,2 Metropolitan,2,off-peak,60,T-Junction,Straight road,Level,Dry,Not Raining,Daylight,Right Angle,No Control
Rider,Male,48,NotApplicable,Fatal,NotWorn,MCycling,NoLicence,1,2 Metropolitan,2,off-peak,60,Divided Road,Straight road,Level,Dry,Not Raining,Daylight,Roll Over,No Control
Driver,Female,27,Driver,NotFatal,Worn,Small,Full,1,2 Metropolitan,2,peak,60,Cross Road,Straight road,Level,Dry,Not Raining,Daylight,Hit Fixed Object,Roundabout
Pedestrian,Female,32,NotApplicable,NotFatal,NotWorn,Pedestrian on Road,NoLicence,1,3 Country,2,peak,50,T-Junction,Straight road,Slope,Dry,Not Raining,Daylight,Hit Pedestrian,Roundabout
Rider,Male,35,NotApplicable,NotFatal,NotWorn,MCycling,NoLicence,1,2 Metropolitan,1,peak,60,Cross Road,Straight road,Slope,Dry,Not Raining,Daylight,Left Road - Out of Control,Roundabout
Rider,Male,39.88915925,NotApplicable,NotFatal,NotWorn,PCycling,NoLicence,1,2 Metropolitan,2,off-peak,60,Cross Road,Straight road,Level,Dry,Not Raining,Night,Hit Fixed Object,Give Way Sign
Driver,Female,84,Driver,NotFatal,Worn,Small,Full,1,2 Metropolitan,2,off-peak,50,Not Divided,Straight road,Level,Dry,Not Raining,Daylight,Hit Parked Vehicle,No Control
Driver,Male,39.88915925,Driver,NotFatal,Worn,Medium,Full,2,2 Metropolitan,2,off-peak,60,Cross Road,Straight road,Level,Dry,Not Raining,Daylight,Right Angle,Traffic Signals
Passenger,Female,77,Front Seat Left Passenger,NotFatal,NotWorn,Medium,NoLicence,2,2 Metropolitan,2,off-peak,60,Cross Road,Straight road,Level,Dry,Not Raining,Daylight,Right Angle,Traffic Signals
Driver,Female,27,Driver,NotFatal,Worn,Small,Provisional 1 ,1,2 Metropolitan,2,peak,40,Not Divided,"CURVED, VIEW OPEN",Level,Dry,Not Raining,Daylight,Hit Fixed Object,No Control
Passenger,Female,41,Front Seat Left Passenger,NotFatal,NotWorn,Small,NoLicence,3,2 Metropolitan,3,off-peak,50,T-Junction,Straight road,Level,Dry,Not Raining,Daylight,Rear End,No Control
Driver,Male,60,Driver,NotFatal,Unknown,Small,Full,1,2 Metropolitan,2,off-peak,60,Not Divided,Straight road,Slope,Dry,Not Raining,Daylight,Hit Fixed Object,No Control
Driver,Male,82,Driver,NotFatal,Worn,Medium,Full,1,2 Metropolitan,2,peak,60,Divided Road,Straight road,Level,Dry,Not Raining,Daylight,Right Angle,No Control
Driver,Female,19,Driver,NotFatal,Worn,Medium,Provisional 2,1,3 Country,2,off-peak,110,Not Divided,Straight road,Level,Dry,Not Raining,Daylight,Hit Fixed Object,No Control
Driver,Male,72,Driver,NotFatal,Worn,Small,Full,2,2 Metropolitan,2,peak,60,T-Junction,Straight road,Bottom of Hill,Dry,Not Raining,Night,Right Angle,No Control
Passenger,Female,97,Front Seat Left Passenger,NotFatal,NotWorn,Small,NoLicence,2,2 Metropolitan,2,peak,60,T-Junction,Straight road,Bottom of Hill,Dry,Not Raining,Night,Right Angle,No Control
Driver,Female,37,Driver,NotFatal,Unknown,Small,Unknown,2,2 Metropolitan,2,peak,60,Divided Road,Straight road,Level,Dry,Not Raining,Daylight,Right Turn,No Control
Passenger,Male,15,Front Seat Left Passenger,NotFatal,NotWorn,Small,NoLicence,2,2 Metropolitan,2,peak,60,Divided Road,Straight road,Level,Dry,Not Raining,Daylight,Right Turn,No Control
Driver,Female,27,Driver,NotFatal,Worn,Small,Provisional 1 ,2,2 Metropolitan,2,off-peak,60,Not Divided,Straight road,Level,Dry,Not Raining,Night,Hit Fixed Object,No Control
Driver,Male,45,Driver,NotFatal,Worn,Small,Full,1,2 Metropolitan,2,off-peak,60,T-Junction,Straight road,Level,Dry,Not Raining,Night,Side Swipe,Stop Sign
Driver,Female,45,Driver,NotFatal,Worn,Small,Full,2,2 Metropolitan,2,off-peak,60,T-Junction,Straight road,Level,Dry,Not Raining,Night,Side Swipe,Stop Sign
Passenger,Male,51,Front Seat Left Passenger,NotFatal,NotWorn,Small,NoLicence,2,2 Metropolitan,2,off-peak,60,T-Junction,Straight road,Level,Dry,Not Raining,Night,Side Swipe,Stop Sign
Rider,Male,31,NotApplicable,NotFatal,NotWorn,PCycling,NoLicence,1,2 Metropolitan,2,off-peak,60,T-Junction,Straight road,Slope,Dry,Not Raining,Daylight,Right Turn,No Control
Driver,Female,35,Driver,NotFatal,Worn,Medium,Full,1,2 Metropolitan,3,off-peak,60,T-Junction,Straight road,Level,Dry,Not Raining,Daylight,Right Angle,No Control
Passenger,Female,56,Front Seat Left Passenger,NotFatal,NotWorn,Small,NoLicence,2,2 Metropolitan,3,off-peak,60,T-Junction,Straight road,Level,Dry,Not Raining,Daylight,Right Angle,No Control
Driver,Female,41,Driver,NotFatal,Worn,Small,Full,1,2 Metropolitan,2,off-peak,70,Cross Road,Straight road,Level,Wet,Raining,Daylight,Rear End,Traffic Signals
Pedestrian,Male,66,NotApplicable,NotFatal,NotWorn,Pedestrian on Footpath/Carpark,NoLicence,1,2 Metropolitan,2,off-peak,10,Not Divided,Straight road,Level,Dry,Not Raining,Daylight,Hit Pedestrian,No Control
Driver,Female,22,Driver,NotFatal,Worn,Small,Unknown,3,2 Metropolitan,2,peak,50,Not Divided,"CURVED, VIEW OPEN",Level,Dry,Not Raining,Daylight,Hit Fixed Object,No Control
Pedestrian,Male,81,NotApplicable,NotFatal,NotWorn,Pedestrian on Footpath/Carpark,NoLicence,1,2 Metropolitan,2,off-peak,70,Not Divided,"CURVED, VIEW OPEN",Level,Dry,Not Raining,Daylight,Hit Pedestrian,No Control
Driver,Female,19,Driver,NotFatal,Worn,Small,Provisional 2,2,2 Metropolitan,2,peak,60,T-Junction,Straight road,Level,Dry,Not Raining,Night,Right Angle,No Control
Passenger,Female,19,Front Seat Left Passenger,NotFatal,NotWorn,Small,NoLicence,2,2 Metropolitan,2,peak,60,T-Junction,Straight road,Level,Dry,Not Raining,Night,Right Angle,No Control
Driver,Male,51,Driver,NotFatal,Worn,Small,Unknown,1,2 Metropolitan,2,peak,50,Not Divided,Straight road,Level,Dry,Not Raining,Daylight,Rear End,No Control
Driver,Male,32,Driver,NotFatal,Worn,Small,Full,1,2 Metropolitan,2,off-peak,80,Divided Road,Straight road,Level,Dry,Not Raining,Daylight,Side Swipe,No Control
Driver,Female,34,Driver,NotFatal,Worn,Small,Full,3,2 Metropolitan,2,off-peak,50,Cross Road,Straight road,Level,Dry,Not Raining,Daylight,Right Angle,Give Way Sign
Rider,Male,36,NotApplicable,NotFatal,NotWorn,PCycling,NoLicence,1,2 Metropolitan,2,peak,60,Cross Road,Straight road,Level,Dry,Not Raining,Night,Right Turn,Give Way Sign
Passenger,Female,39.88915925,Rear Seat Middle Passenger,NotFatal,NotWorn,Small,NoLicence,2,2 Metropolitan,2,off-peak,70,Not Divided,"CURVED, VIEW OPEN",Level,Dry,Not Raining,Night,Rear End,No Control
Rider,Male,43,NotApplicable,NotFatal,NotWorn,PCycling,NoLicence,1,2 Metropolitan,2,off-peak,50,T-Junction,Straight road,Level,Dry,Not Raining,Night,Right Angle,No Control
Driver,Female,22,Driver,NotFatal,Worn,Small,Full,2,2 Metropolitan,2,peak,50,Cross Road,Straight road,Level,Dry,Not Raining,Night,Right Turn,Traffic Signals
Passenger,Male,3,Rear Seat Left Passenger,NotFatal,NotWorn,Small,NoLicence,2,2 Metropolitan,2,peak,50,Cross Road,Straight road,Level,Dry,Not Raining,Night,Right Turn,Traffic Signals
Passenger,Female,44,Front Seat Left Passenger,NotFatal,NotWorn,Small,NoLicence,2,2 Metropolitan,3,peak,60,Divided Road,Straight road,Level,Dry,Not Raining,Night,Rear End,No Control
Rider,Male,23,NotApplicable,NotFatal,NotWorn,PCycling,NoLicence,1,1 City,1,peak,60,Not Divided,Straight road,Slope,Dry,Not Raining,Night,Roll Over,No Control
Driver,Female,19,Driver,NotFatal,Worn,Small,Unknown,2,3 Country,2,peak,80,Cross Road,Straight road,Level,Dry,Not Raining,Daylight,Right Angle,Give Way Sign
Driver,Female,43,Driver,NotFatal,Worn,Small,Provisional 2,1,3 Country,2,peak,80,Cross Road,Straight road,Level,Dry,Not Raining,Daylight,Right Angle,Give Way Sign
Rider,Male,39.88915925,NotApplicable,NotFatal,NotWorn,MCycling,NoLicence,1,2 Metropolitan,2,off-peak,50,Cross Road,Straight road,Level,Dry,Not Raining,Night,Hit Fixed Object,Roundabout
Passenger,Female,67,Front Seat Left Passenger,NotFatal,NotWorn,Small,NoLicence,2,2 Metropolitan,2,off-peak,80,Multiple,"CURVED, VIEW OPEN",Level,Dry,Not Raining,Daylight,Right Angle,No Control
Driver,Female,41,Driver,NotFatal,Worn,Medium,Full,1,2 Metropolitan,2,peak,60,T-Junction,Straight road,Level,Dry,Not Raining,Daylight,Right Angle,No Control
Driver,Female,42,Driver,NotFatal,Worn,Small,Full,1,2 Metropolitan,2,peak,60,T-Junction,Straight road,Level,Dry,Not Raining,Daylight,Right Angle,No Control
Driver,Female,91,Driver,NotFatal,Worn,Small,Full,1,2 Metropolitan,2,off-peak,60,T-Junction,Straight road,Level,Dry,Not Raining,Daylight,Right Angle,No Control
Driver,Male,43,Driver,NotFatal,Worn,Small,Full,2,2 Metropolitan,2,peak,60,Not Divided,"CURVED, VIEW OPEN",Level,Dry,Not Raining,Daylight,Hit Parked Vehicle,No Control
Driver,Female,53,Driver,NotFatal,Worn,Small,Full,1,2 Metropolitan,2,peak,60,T-Junction,Straight road,Level,Dry,Not Raining,Daylight,Rear End,Stop Sign
Driver,Male,39,Driver,NotFatal,Worn,Medium,Unknown,1,2 Metropolitan,2,off-peak,90,T-Junction,Straight road,Level,Dry,Not Raining,Night,Rear End,Roundabout
Driver,Female,53,Driver,NotFatal,Worn,Small,Full,1,2 Metropolitan,2,off-peak,60,Divided Road,Straight road,Level,Dry,Not Raining,Daylight,Right Angle,No Control
Passenger,Male,81,Front Seat Left Passenger,NotFatal,NotWorn,Small,NoLicence,2,2 Metropolitan,2,off-peak,60,Divided Road,Straight road,Level,Dry,Not Raining,Daylight,Right Angle,No Control
Driver,Female,34,Driver,NotFatal,Worn,Medium,Full,1,2 Metropolitan,2,off-peak,50,T-Junction,Straight road,Level,Dry,Not Raining,Night,Hit Fixed Object,No Control
Passenger,Female,39.88915925,Passenger on Multi-Passenger Vehicle,NotFatal,NotWorn,Medium,NoLicence,21,2 Metropolitan,2,off-peak,60,Cross Road,Straight road,Level,Dry,Not Raining,Daylight,Right Turn,Traffic Signals
Driver,Male,17,Driver,NotFatal,Worn,Small,Provisional 1 ,1,2 Metropolitan,2,off-peak,110,Freeway,"CURVED, VIEW OPEN",Slope,Dry,Not Raining,Daylight,Rear End,No Control
Driver,Male,20,Driver,NotFatal,Worn,Small,Full,1,2 Metropolitan,2,off-peak,50,Cross Road,Straight road,Level,Dry,Not Raining,Daylight,Right Angle,Roundabout
Driver,Male,33,Driver,NotFatal,Worn,Small,Full,1,2 Metropolitan,2,peak,60,Divided Road,Straight road,Level,Dry,Not Raining,Daylight,Rear End,No Control
Rider,Male,27,NotApplicable,NotFatal,NotWorn,MCycling,NoLicence,1,2 Metropolitan,2,peak,50,T-Junction,Straight road,Level,Dry,Not Raining,Daylight,Right Angle,Traffic Signals
Driver,Female,53,Driver,NotFatal,Worn,Small,Full,1,2 Metropolitan,2,peak,60,Divided Road,Straight road,Level,Dry,Not Raining,Night,Rear End,No Control
Driver,Male,78,Driver,NotFatal,Worn,Small,Full,1,2 Metropolitan,2,peak,90,T-Junction,Straight road,Level,Dry,Not Raining,Night,Rear End,Traffic Signals
Driver,Male,38,Driver,NotFatal,Worn,Small,Full,3,2 Metropolitan,2,peak,90,T-Junction,Straight road,Level,Dry,Not Raining,Night,Rear End,Traffic Signals
Driver,Male,23,Driver,NotFatal,Worn,Small,Provisional 1 ,1,2 Metropolitan,2,peak,60,Not Divided,Straight road,Level,Dry,Not Raining,Night,Side Swipe,No Control
Driver,Male,19,Driver,NotFatal,Worn,Utility,Provisional 2,1,2 Metropolitan,2,peak,60,Not Divided,Straight road,Level,Dry,Not Raining,Night,Side Swipe,No Control
Driver,Male,30,Driver,NotFatal,Worn,Small,Unlicenced,1,2 Metropolitan,2,off-peak,80,Not Divided,Straight road,Level,Dry,Not Raining,Night,Hit Fixed Object,No Control
Driver,Female,48,Driver,NotFatal,Worn,Small,Full,2,2 Metropolitan,2,off-peak,70,T-Junction,"CURVED, VIEW OPEN",Slope,Dry,Not Raining,Daylight,Rear End,Traffic Signals
Rider,Male,70,NotApplicable,NotFatal,NotWorn,PCycling,NoLicence,1,2 Metropolitan,3,off-peak,60,Not Divided,Straight road,Slope,Dry,Not Raining,Night,Hit Object on Road,No Control
Rider,Male,49,NotApplicable,NotFatal,NotWorn,PCycling,NoLicence,1,2 Metropolitan,3,off-peak,60,Not Divided,Straight road,Slope,Dry,Not Raining,Night,Hit Object on Road,No Control
Rider,Male,48,NotApplicable,NotFatal,NotWorn,PCycling,NoLicence,1,2 Metropolitan,2,off-peak,60,Divided Road,Straight road,Level,Dry,Not Raining,Night,Other,No Control
Driver,Male,57,Driver,NotFatal,Worn,Small,Full,1,3 Country,2,off-peak,50,T-Junction,Straight road,Level,Dry,Not Raining,Daylight,Right Angle,No Control
Driver,Female,34,Driver,NotFatal,Worn,Small,Unknown,1,3 Country,2,peak,50,Cross Road,Straight road,Level,Wet,Not Raining,Daylight,Right Angle,Give Way Sign
Driver,Female,46,Driver,NotFatal,Worn,Medium,Full,1,3 Country,2,peak,50,Cross Road,Straight road,Level,Wet,Not Raining,Daylight,Right Angle,Give Way Sign
Driver,Male,46,Driver,NotFatal,Worn,Large,Full,1,2 Metropolitan,2,off-peak,60,T-Junction,Straight road,Level,Dry,Not Raining,Daylight,Right Turn,Traffic Signals
Driver,Female,59,Driver,NotFatal,Worn,Small,Full,1,2 Metropolitan,2,off-peak,60,T-Junction,Straight road,Level,Dry,Not Raining,Daylight,Right Turn,Traffic Signals
Driver,Male,31,Driver,NotFatal,Worn,Utility,Full,1,2 Metropolitan,2,off-peak,90,Divided Road,Straight road,Level,Dry,Not Raining,Daylight,Rear End,No Control
Driver,Male,61,Driver,NotFatal,Worn,Small,Full,3,2 Metropolitan,3,off-peak,60,Divided Road,Straight road,Level,Dry,Not Raining,Daylight,Rear End,No Control
Passenger,Male,56,Front Seat Left Passenger,NotFatal,NotWorn,Small,NoLicence,3,2 Metropolitan,3,off-peak,60,Divided Road,Straight road,Level,Dry,Not Raining,Daylight,Rear End,No Control
Driver,Male,45,Driver,NotFatal,Worn,Small,Full,1,2 Metropolitan,2,off-peak,60,T-Junction,Straight road,Level,Dry,Not Raining,Night,Right Angle,No Control
Rider,Male,41,NotApplicable,NotFatal,NotWorn,MCycling,NoLicence,1,2 Metropolitan,1,off-peak,60,T-Junction,Straight road,Level,Dry,Not Raining,Night,Roll Over,No Control