cas_type,cas_gender,cas_age,cas_pos_in_veh,fatality,seat_belt,unit_type,lic_type,n_occupants,stat_area,total_units,time,area_speed,acc_pos,hor_align,ver_align,moist_cond,wea_cond,dayNight,crash_type,traf_ctrls
Driver,Female,44,Driver,NotFatal,Worn,Small,Full,1,2 Metropolitan,2,off-peak,90,Freeway,Straight road,Level,Dry,Not Raining,Night,Rear End,No Control
Driver,Male,29,Driver,NotFatal,Worn,Small,Full,1,2 Metropolitan,2,off-peak,90,Freeway,Straight road,Level,Dry,Not Raining,Daylight,Rear End,No Control
Driver,Female,66,Driver,NotFatal,Worn,Small,Unlicenced,1,2 Metropolitan,2,off-peak,60,Divided Road,Straight road,Level,Dry,Not Raining,Daylight,Side Swipe,No Control
Driver,Male,21,Driver,NotFatal,Worn,Small,Full,1,2 Metropolitan,3,off-peak,60,Divided Road,Straight road,Level,Wet,Raining,Night,Rear End,No Control
Passenger,Male,1,Rear Seat Left Passenger,NotFatal,NotWorn,Small,NoLicence,3,2 Metropolitan,2,peak,60,Not Divided,Straight road,Level,Wet,Not Raining,Daylight,Rear End,No Control
Passenger,Female,24,Rear Seat Right Passenger,NotFatal,NotWorn,Small,NoLicence,3,2 Metropolitan,2,peak,60,Not Divided,Straight road,Level,Wet,Not Raining,Daylight,Rear End,No Control
Pedestrian,Female,35,NotApplicable,NotFatal,NotWorn,Pedestrian on Road,NoLicence,1,2 Metropolitan,3,peak,60,T-Junction,Straight road,Level,Wet,Raining,Night,Hit Pedestrian,Give Way Sign
Pedestrian,Male,7,NotApplicable,NotFatal,NotWorn,Pedestrian on Road,NoLicence,1,2 Metropolitan,3,peak,60,T-Junction,Straight road,Level,Wet,Raining,Night,Hit Pedestrian,Give Way Sign
Rider,Male,49,NotApplicable,NotFatal,NotWorn,MCycling,NoLicence,1,2 Metropolitan,2,peak,60,T-Junction,Straight road,Level,Wet,Raining,Daylight,Right Angle,No Control
Driver,Male,57,Driver,NotFatal,Worn,Medium,Full,1,2 Metropolitan,2,off-peak,80,Not Divided,"CURVED, VIEW OPEN",Slope,Dry,Not Raining,Daylight,Rear End,No Control
Driver,Male,30,Driver,NotFatal,Worn,Medium,Full,1,2 Metropolitan,2,off-peak,80,Not Divided,"CURVED, VIEW OPEN",Slope,Dry,Not Raining,Daylight,Rear End,No Control
Driver,Female,43,Driver,NotFatal,Worn,Small,Full,1,2 Metropolitan,4,peak,100,Freeway,Straight road,Slope,Wet,Raining,Night,Hit Fixed Object,No Control
Rider,Male,16,NotApplicable,NotFatal,NotWorn,MCycling,NoLicence,1,2 Metropolitan,2,off-peak,80,Divided Road,Straight road,Level,Wet,Raining,Night,Rear End,No Control
Driver,Male,17,Driver,NotFatal,Worn,Small,Provisional 2,1,2 Metropolitan,1,off-peak,60,Not Divided,"CURVED, VIEW OBSCURED",Slope,Wet,Raining,Night,Roll Over,No Control
Pedestrian,Female,46,NotApplicable,NotFatal,NotWorn,Pedestrian on Road,NoLicence,1,1 City,2,off-peak,50,T-Junction,Straight road,Level,Wet,Not Raining,Night,Hit Pedestrian,Traffic Signals
Driver,Male,56,Driver,NotFatal,Worn,Small,Full,1,2 Metropolitan,3,peak,60,Pedestrian Crossing,Straight road,Level,Wet,Not Raining,Daylight,Rear End,Traffic Signals
Driver,Female,47,Driver,NotFatal,Worn,Small,Full,1,2 Metropolitan,3,peak,80,Divided Road,Straight road,Level,Wet,Not Raining,Daylight,Rear End,No Control
Rider,Female,39,NotApplicable,NotFatal,NotWorn,PCycling,NoLicence,1,2 Metropolitan,2,off-peak,60,T-Junction,Straight road,Level,Dry,Not Raining,Daylight,Right Angle,Give Way Sign
Passenger,Female,82,Front Seat Left Passenger,NotFatal,NotWorn,Small,NoLicence,2,2 Metropolitan,2,off-peak,60,T-Junction,Straight road,Level,Dry,Not Raining,Daylight,Right Angle,No Control
Pedestrian,Female,47,NotApplicable,NotFatal,NotWorn,Pedestrian on Footpath/Carpark,NoLicence,1,1 City,3,off-peak,50,Not Divided,Straight road,Level,Dry,Not Raining,Daylight,Hit Fixed Object,No Control
Driver,Male,52,Driver,NotFatal,Worn,Small,Full,2,2 Metropolitan,2,off-peak,60,T-Junction,Straight road,Level,Dry,Not Raining,Daylight,Side Swipe,No Control
Passenger,Male,21,Front Seat Left Passenger,NotFatal,NotWorn,Small,NoLicence,2,2 Metropolitan,2,off-peak,60,T-Junction,Straight road,Level,Dry,Not Raining,Daylight,Side Swipe,No Control
Driver,Female,73,Driver,NotFatal,Worn,Medium,Full,1,2 Metropolitan,2,off-peak,60,T-Junction,Straight road,Level,Dry,Not Raining,Daylight,Side Swipe,No Control
Rider,Male,41,NotApplicable,NotFatal,NotWorn,MCycling,NoLicence,1,2 Metropolitan,2,off-peak,80,Divided Road,Straight road,Level,Dry,Not Raining,Daylight,Rear End,No Control
Driver,Male,26,Driver,NotFatal,Worn,Medium,Full,1,2 Metropolitan,2,off-peak,50,Not Divided,Straight road,Level,Dry,Not Raining,Daylight,Right Angle,No Control
Driver,Female,35,Driver,NotFatal,Worn,Medium,Full,3,2 Metropolitan,3,off-peak,60,Cross Road,Straight road,Level,Dry,Not Raining,Daylight,Rear End,Traffic Signals
Driver,Female,58,Driver,NotFatal,Worn,Small,Full,1,2 Metropolitan,2,off-peak,60,T-Junction,Straight road,Level,Dry,Not Raining,Daylight,Right Angle,Give Way Sign
Rider,Male,33,NotApplicable,NotFatal,NotWorn,PCycling,NoLicence,1,1 City,2,peak,50,T-Junction,Straight road,Level,Dry,Not Raining,Night,Right Turn,Give Way Sign
Pedestrian,Female,10,NotApplicable,NotFatal,NotWorn,Pedestrian on Road,NoLicence,1,2 Metropolitan,2,off-peak,60,Not Divided,Straight road,Level,Dry,Not Raining,Daylight,Hit Pedestrian,No Control
Pedestrian,Female,42,NotApplicable,NotFatal,NotWorn,Pedestrian on Road,NoLicence,1,3 Country,2,peak,50,Not Divided,Straight road,Level,Dry,Not Raining,Daylight,Hit Pedestrian,No Control
Driver,Female,61,Driver,NotFatal,Worn,Utility,Full,1,3 Country,2,off-peak,60,Not Divided,Straight road,Level,Dry,Not Raining,Night,Rear End,No Control
Pedestrian,Male,57,NotApplicable,NotFatal,NotWorn,Pedestrian on Road,NoLicence,1,1 City,2,off-peak,50,Cross Road,Straight road,Level,Dry,Not Raining,Night,Hit Pedestrian,Stop Sign
Driver,Male,43,Driver,NotFatal,Worn,Small,Full,2,2 Metropolitan,2,off-peak,60,T-Junction,Straight road,Level,Dry,Not Raining,Night,Rear End,Traffic Signals
Driver,Male,20,Driver,NotFatal,Unknown,Medium,Provisional 1 ,4,2 Metropolitan,2,off-peak,80,Divided Road,"CURVED, VIEW OPEN",Slope,Dry,Not Raining,Night,Hit Fixed Object,No Control
Passenger,Male,18,Rear Seat Right Passenger,NotFatal,NotWorn,Medium,NoLicence,4,2 Metropolitan,2,off-peak,80,Divided Road,"CURVED, VIEW OPEN",Slope,Dry,Not Raining,Night,Hit Fixed Object,No Control
Driver,Female,41,Driver,NotFatal,Worn,Small,Full,1,2 Metropolitan,2,off-peak,50,T-Junction,Straight road,Slope,Dry,Not Raining,Daylight,Right Angle,Give Way Sign
Driver,Female,67,Driver,NotFatal,Worn,Small,Full,1,2 Metropolitan,3,off-peak,60,Pedestrian Crossing,Straight road,Level,Dry,Not Raining,Daylight,Rear End,No Control
Pedestrian,Female,46,NotApplicable,NotFatal,NotWorn,Pedestrian on Road,NoLicence,1,2 Metropolitan,2,off-peak,60,Cross Road,Straight road,Level,Dry,Not Raining,Daylight,Hit Pedestrian,Give Way Sign
Rider,Male,61,NotApplicable,NotFatal,NotWorn,MCycling,NoLicence,1,3 Country,1,off-peak,100,Not Divided,"CURVED, VIEW OBSCURED",Level,Dry,Not Raining,Daylight,Roll Over,No Control
Pedestrian,Female,79,NotApplicable,NotFatal,NotWorn,Pedestrian on Road,NoLicence,1,2 Metropolitan,2,peak,60,Cross Road,Straight road,Level,Dry,Not Raining,Daylight,Hit Pedestrian,Traffic Signals
Driver,Male,46,Driver,NotFatal,Unknown,Small,Full,1,2 Metropolitan,2,off-peak,50,Not Divided,Straight road,Level,Dry,Not Raining,Night,Hit Parked Vehicle,No Control
Rider,Male,58,NotApplicable,NotFatal,NotWorn,MCycling,NoLicence,1,2 Metropolitan,2,off-peak,80,Cross Road,"CURVED, VIEW OBSCURED",Slope,Dry,Not Raining,Daylight,Side Swipe,Stop Sign
Driver,Female,85,Driver,NotFatal,Worn,Small,Full,1,2 Metropolitan,2,off-peak,60,T-Junction,"CURVED, VIEW OPEN",Level,Dry,Not Raining,Daylight,Right Angle,No Control
Driver,Female,25,Driver,NotFatal,Worn,Small,Full,2,2 Metropolitan,2,off-peak,70,Cross Road,"CURVED, VIEW OPEN",Level,Dry,Not Raining,Daylight,Right Angle,Roundabout
Passenger,Female,39,Front Seat Left Passenger,NotFatal,NotWorn,Small,NoLicence,2,2 Metropolitan,2,off-peak,70,Cross Road,"CURVED, VIEW OPEN",Level,Dry,Not Raining,Daylight,Right Angle,Roundabout
Passenger,Female,22,Rear Seat Left Passenger,NotFatal,NotWorn,Medium,NoLicence,3,2 Metropolitan,2,off-peak,50,Not Divided,Straight road,Level,Dry,Not Raining,Night,Rear End,No Control
Passenger,Female,54,Front Seat Left Passenger,NotFatal,NotWorn,Medium,NoLicence,3,2 Metropolitan,2,off-peak,50,Not Divided,Straight road,Level,Dry,Not Raining,Night,Rear End,No Control
Rider,Female,67,NotApplicable,NotFatal,NotWorn,PCycling,NoLicence,1,2 Metropolitan,2,off-peak,60,T-Junction,Straight road,Level,Dry,Not Raining,Daylight,Rear End,No Control
Passenger,Female,18,Rear Seat Middle Passenger,NotFatal,NotWorn,Small,NoLicence,3,2 Metropolitan,2,off-peak,60,Not Divided,Straight road,Level,Dry,Not Raining,Daylight,Rear End,No Control
Driver,Male,37,Driver,NotFatal,Worn,Medium,Full,2,2 Metropolitan,2,off-peak,60,Divided Road,Straight road,Level,Dry,Not Raining,Daylight,Rear End,No Control
Passenger,Female,35,Front Seat Left Passenger,NotFatal,NotWorn,Medium,NoLicence,2,2 Metropolitan,2,off-peak,60,Divided Road,Straight road,Level,Dry,Not Raining,Daylight,Rear End,No Control
Rider,Male,47,NotApplicable,NotFatal,NotWorn,MCycling,NoLicence,1,2 Metropolitan,2,off-peak,50,Not Divided,Straight road,Level,Dry,Not Raining,Daylight,Right Turn,No Control
Rider,Male,17,NotApplicable,NotFatal,NotWorn,MCycling,NoLicence,1,2 Metropolitan,2,off-peak,80,Not Divided,"CURVED, VIEW OPEN",Level,Dry,Not Raining,Daylight,Hit Fixed Object,No Control
Rider,Male,67,NotApplicable,Fatal,NotWorn,MCycling,NoLicence,1,3 Country,2,off-peak,100,Not Divided,Straight road,Slope,Dry,Not Raining,Daylight,Hit Animal,No Control
Driver,Female,30,Driver,NotFatal,Worn,Small,Full,2,2 Metropolitan,2,off-peak,70,T-Junction,Straight road,Level,Dry,Not Raining,Daylight,Right Angle,No Control
Rider,Male,52,NotApplicable,NotFatal,NotWorn,MCycling,NoLicence,1,3 Country,2,off-peak,80,Cross Road,"CURVED, VIEW OBSCURED",Level,Dry,Not Raining,Daylight,Head On,Give Way Sign
Driver,Male,68,Driver,NotFatal,Worn,Small,Full,2,2 Metropolitan,2,off-peak,50,Not Divided,Straight road,Level,Dry,Not Raining,Daylight,Hit Parked Vehicle,No Control
Driver,Female,39.88915925,Driver,NotFatal,Worn,Small,Provisional 2,3,2 Metropolitan,3,off-peak,60,Divided Road,Straight road,Level,Dry,Not Raining,Daylight,Rear End,No Control
Driver,Female,22,Driver,NotFatal,Worn,Small,Full,1,2 Metropolitan,2,peak,80,Not Divided,"CURVED, VIEW OPEN",Slope,Dry,Not Raining,Night,Hit Fixed Object,No Control
Passenger,Male,21,Front Seat Left Passenger,NotFatal,NotWorn,Small,NoLicence,1,2 Metropolitan,2,off-peak,50,T-Junction,Straight road,Level,Wet,Raining,Night,Hit Fixed Object,No Control
Driver,Female,30,Driver,NotFatal,Worn,Small,Provisional 2,1,3 Country,2,off-peak,100,Not Divided,"CURVED, VIEW OPEN",Slope,Dry,Not Raining,Daylight,Hit Fixed Object,No Control
Driver,Male,44,Driver,NotFatal,Worn,Small,Full,1,3 Country,3,off-peak,110,T-Junction,Straight road,Level,Wet,Not Raining,Night,Right Turn,Give Way Sign
Driver,Male,46,Driver,NotFatal,Worn,Utility,Full,1,3 Country,1,off-peak,100,Not Divided,"CURVED, VIEW OPEN",Level,Dry,Not Raining,Night,Roll Over,No Control
Driver,Male,37,Driver,NotFatal,Worn,Small,Full,1,2 Metropolitan,2,off-peak,60,T-Junction,Straight road,Level,Dry,Not Raining,Night,Rear End,Traffic Signals
Rider,Male,62,NotApplicable,NotFatal,NotWorn,MCycling,NoLicence,1,2 Metropolitan,2,off-peak,80,Not Divided,"CURVED, VIEW OPEN",Level,Dry,Not Raining,Daylight,Head On,No Control
Rider,Male,47,NotApplicable,NotFatal,NotWorn,MCycling,NoLicence,1,3 Country,1,off-peak,100,Not Divided,"CURVED, VIEW OBSCURED",Slope,Dry,Not Raining,Daylight,Roll Over,No Control
Driver,Male,38,Driver,NotFatal,Worn,Small,Full,3,2 Metropolitan,2,off-peak,80,Divided Road,"CURVED, VIEW OPEN",Level,Wet,Raining,Night,Side Swipe,No Control
Passenger,Male,24,Rear Seat Left Passenger,NotFatal,NotWorn,Medium,NoLicence,4,3 Country,1,peak,110,Not Divided,"CURVED, VIEW OPEN",Crest of Hill,Dry,Not Raining,Night,Roll Over,No Control
Driver,Female,21,Driver,NotFatal,Worn,Small,Full,1,2 Metropolitan,2,off-peak,60,Cross Road,Straight road,Level,Wet,Not Raining,Daylight,Rear End,Traffic Signals
Driver,Female,30,Driver,NotFatal,Worn,Small,Full,3,2 Metropolitan,2,off-peak,40,Not Divided,Straight road,Level,Wet,Raining,Daylight,Side Swipe,No Control
Driver,Female,28,Driver,NotFatal,Worn,Small,Unlicenced,1,2 Metropolitan,2,off-peak,80,Not Divided,"CURVED, VIEW OPEN",Level,Dry,Not Raining,Daylight,Hit Fixed Object,No Control
Driver,Male,46,Driver,NotFatal,NotWorn,Utility,Full,1,3 Country,2,off-peak,100,Not Divided,Straight road,Crest of Hill,Dry,Not Raining,Night,Head On,No Control
Driver,Male,27,Driver,NotFatal,Worn,Small,Full,1,3 Country,2,off-peak,100,Not Divided,Straight road,Crest of Hill,Dry,Not Raining,Night,Head On,No Control
Rider,Male,52,NotApplicable,NotFatal,NotWorn,PCycling,NoLicence,1,2 Metropolitan,2,off-peak,60,Cross Road,"CURVED, VIEW OPEN",Level,Dry,Not Raining,Daylight,Rear End,No Control
Driver,Male,56,Driver,NotFatal,Worn,Small,Full,2,1 City,4,off-peak,50,Divided Road,Straight road,Level,Dry,Not Raining,Daylight,Hit Fixed Object,No Control
Passenger,Female,17,Front Seat Left Passenger,NotFatal,NotWorn,Small,NoLicence,2,1 City,4,off-peak,50,Divided Road,Straight road,Level,Dry,Not Raining,Daylight,Hit Fixed Object,No Control
Driver,Female,39,Driver,NotFatal,Worn,Medium,Full,1,2 Metropolitan,2,off-peak,50,Cross Road,Straight road,Slope,Dry,Not Raining,Daylight,Rear End,Roundabout
Driver,Male,18,Driver,NotFatal,Worn,Small,Provisional 1 ,1,2 Metropolitan,2,peak,80,T-Junction,Straight road,Level,Wet,Raining,Daylight,Hit Fixed Object,Stop Sign
Driver,Female,39,Driver,NotFatal,Unknown,Utility,Full,1,3 Country,2,off-peak,100,Not Divided,Straight road,Level,Dry,Not Raining,Daylight,Hit Fixed Object,No Control
Passenger,Female,10,Rear Seat Left Passenger,NotFatal,NotWorn,Small,NoLicence,4,2 Metropolitan,2,peak,80,T-Junction,Straight road,Level,Wet,Unknown,Night,Right Turn,No Control
Driver,Male,26,Driver,NotFatal,Worn,Utility,Provisional 2,1,3 Country,2,off-peak,50,Not Divided,Straight road,Level,Dry,Not Raining,Night,Hit Fixed Object,No Control
Driver,Female,23,Driver,NotFatal,Worn,Small,Full,1,2 Metropolitan,2,off-peak,60,Not Divided,"CURVED, VIEW OPEN",Level,Wet,Raining,Night,Hit Fixed Object,No Control
Driver,Male,28,Driver,NotFatal,Worn,Small,Full,4,3 Country,2,off-peak,110,Not Divided,"CURVED, VIEW OPEN",Level,Wet,Raining,Night,Hit Fixed Object,No Control
Passenger,Male,27,Rear Seat Right Passenger,NotFatal,NotWorn,Small,NoLicence,4,3 Country,2,off-peak,110,Not Divided,"CURVED, VIEW OPEN",Level,Wet,Raining,Night,Hit Fixed Object,No Control
Passenger,Male,32,Front Seat Left Passenger,NotFatal,NotWorn,Small,NoLicence,4,3 Country,2,off-peak,110,Not Divided,"CURVED, VIEW OPEN",Level,Wet,Raining,Night,Hit Fixed Object,No Control
Passenger,Male,34,Rear Seat Left Passenger,NotFatal,NotWorn,Small,NoLicence,4,3 Country,2,off-peak,110,Not Divided,"CURVED, VIEW OPEN",Level,Wet,Raining,Night,Hit Fixed Object,No Control
Pedestrian,Male,71,NotApplicable,Fatal,NotWorn,Pedestrian on Road,NoLicence,1,2 Metropolitan,2,peak,60,T-Junction,Straight road,Level,Wet,Not Raining,Daylight,Hit Pedestrian,No Control
Driver,Female,26,Driver,NotFatal,Worn,Small,Full,1,2 Metropolitan,2,peak,60,Cross Road,Straight road,Level,Wet,Raining,Daylight,Right Turn,Traffic Signals
Passenger,Male,21,Front Seat Left Passenger,NotFatal,NotWorn,Medium,NoLicence,4,2 Metropolitan,2,peak,60,Cross Road,Straight road,Level,Wet,Raining,Daylight,Right Turn,Traffic Signals
Driver,Female,26,Driver,NotFatal,Worn,Small,Full,1,2 Metropolitan,2,off-peak,60,T-Junction,Straight road,Level,Dry,Not Raining,Daylight,Rear End,Roundabout
Driver,Male,44,Driver,NotFatal,Worn,Medium,Full,1,2 Metropolitan,2,off-peak,80,Cross Road,Straight road,Level,Dry,Not Raining,Daylight,Rear End,Traffic Signals
Driver,Male,45,Driver,NotFatal,Worn,Utility,Full,1,3 Country,2,peak,100,Cross Road,Straight road,Level,Dry,Not Raining,Daylight,Right Angle,Stop Sign
Driver,Male,34,Driver,NotFatal,Worn,Small,Full,1,3 Country,2,peak,100,Cross Road,Straight road,Level,Dry,Not Raining,Daylight,Right Angle,Stop Sign
Driver,Female,44,Driver,NotFatal,Worn,Utility,Full,1,3 Country,2,off-peak,80,Not Divided,Straight road,Level,Dry,Not Raining,Daylight,Hit Parked Vehicle,No Control
Driver,Female,76,Driver,NotFatal,Worn,Medium,Unknown,3,2 Metropolitan,2,off-peak,80,Divided Road,Straight road,Level,Wet,Raining,Daylight,Rear End,No Control
Passenger,Male,55,Rear Seat Left Passenger,NotFatal,NotWorn,Medium,NoLicence,3,2 Metropolitan,2,off-peak,80,Divided Road,Straight road,Level,Wet,Raining,Daylight,Rear End,No Control
Rider,Female,54,NotApplicable,NotFatal,NotWorn,PCycling,NoLicence,1,2 Metropolitan,2,peak,50,Not Divided,Straight road,Level,Dry,Not Raining,Daylight,Hit Parked Vehicle,No Control
Driver,Female,55,Driver,NotFatal,Worn,Small,Full,1,2 Metropolitan,2,peak,60,Divided Road,Straight road,Level,Wet,Raining,Daylight,Rear End,No Control
Driver,Female,50,Driver,NotFatal,Worn,Medium,Full,1,1 City,2,peak,60,Divided Road,Straight road,Level,Dry,Not Raining,Daylight,Rear End,No Control
Pedestrian,Female,34,NotApplicable,NotFatal,NotWorn,Pedestrian on Road,NoLicence,1,2 Metropolitan,3,off-peak,50,Not Divided,Straight road,Level,Wet,Raining,Night,Hit Pedestrian,No Control
Pedestrian,Female,28,NotApplicable,NotFatal,NotWorn,Pedestrian on Road,NoLicence,1,2 Metropolitan,3,off-peak,50,Not Divided,Straight road,Level,Wet,Raining,Night,Hit Pedestrian,No Control
Rider,Female,54,NotApplicable,NotFatal,NotWorn,PCycling,NoLicence,1,1 City,2,peak,50,Cross Road,"CURVED, VIEW OPEN",Level,Wet,Not Raining,Daylight,Side Swipe,Traffic Signals
Driver,Male,17,Driver,NotFatal,Worn,Utility,Provisional 1 ,2,2 Metropolitan,2,off-peak,60,Divided Road,Straight road,Level,Wet,Raining,Night,Hit Fixed Object,No Control
Pedestrian,Male,94,NotApplicable,Fatal,NotWorn,Pedestrian on Road,NoLicence,1,2 Metropolitan,2,off-peak,50,Not Divided,Straight road,Level,Wet,Raining,Night,Hit Pedestrian,No Control
Pedestrian,Female,24,NotApplicable,NotFatal,NotWorn,Pedestrian on Road,NoLicence,1,2 Metropolitan,2,off-peak,50,T-Junction,Straight road,Level,Wet,Raining,Night,Hit Pedestrian,No Control
Driver,Female,49,Driver,NotFatal,Worn,Small,Full,1,3 Country,2,off-peak,80,Not Divided,Straight road,Slope,Wet,Not Raining,Night,Hit Fixed Object,No Control
Driver,Male,58,Driver,NotFatal,Worn,Utility,Full,1,2 Metropolitan,2,peak,80,Cross Road,Straight road,Level,Wet,Not Raining,Night,Rear End,Give Way Sign
Passenger,Female,5,Rear Seat Right Passenger,NotFatal,NotWorn,Small,NoLicence,2,2 Metropolitan,2,peak,60,Not Divided,Straight road,Level,Dry,Not Raining,Daylight,Rear End,No Control
Driver,Female,65,Driver,NotFatal,Worn,Small,Full,1,3 Country,2,off-peak,60,T-Junction,Straight road,Level,Dry,Not Raining,Daylight,Right Turn,Give Way Sign
Driver,Male,92,Driver,NotFatal,Worn,Small,Full,1,3 Country,2,off-peak,60,T-Junction,Straight road,Level,Dry,Not Raining,Daylight,Right Turn,Give Way Sign
Driver,Male,34,Driver,NotFatal,Worn,Large,Full,1,2 Metropolitan,5,peak,60,Cross Road,"CURVED, VIEW OPEN",Level,Dry,Not Raining,Daylight,Right Angle,Traffic Signals
Passenger,Female,49,Front Seat Left Passenger,NotFatal,NotWorn,Utility,NoLicence,2,2 Metropolitan,5,peak,60,Cross Road,"CURVED, VIEW OPEN",Level,Dry,Not Raining,Daylight,Right Angle,Traffic Signals
Driver,Male,19,Driver,NotFatal,Worn,Small,Unlicenced,1,3 Country,3,off-peak,50,Cross Road,Straight road,Level,Dry,Not Raining,Daylight,Rear End,Traffic Signals
Driver,Female,68,Driver,NotFatal,Worn,Small,Full,1,2 Metropolitan,2,off-peak,60,Cross Road,Straight road,Level,Wet,Raining,Daylight,Rear End,Traffic Signals
Pedestrian,Male,13,NotApplicable,NotFatal,NotWorn,Pedestrian on Road,NoLicence,1,2 Metropolitan,2,off-peak,60,T-Junction,"CURVED, VIEW OPEN",Level,Dry,Not Raining,Daylight,Hit Pedestrian,No Control
Rider,Male,34,NotApplicable,NotFatal,NotWorn,MCycling,NoLicence,1,2 Metropolitan,3,peak,50,T-Junction,Straight road,Level,Dry,Not Raining,Daylight,Right Turn,No Control
Driver,Male,58,Driver,NotFatal,Worn,Small,Full,1,2 Metropolitan,3,peak,50,T-Junction,Straight road,Level,Dry,Not Raining,Daylight,Right Turn,No Control
Rider,Male,66,NotApplicable,NotFatal,NotWorn,PCycling,NoLicence,1,2 Metropolitan,2,peak,60,Divided Road,"CURVED, VIEW OPEN",Slope,Dry,Not Raining,Daylight,Side Swipe,No Control
Passenger,Female,27,Front Seat Left Passenger,NotFatal,NotWorn,Medium,NoLicence,2,2 Metropolitan,2,peak,60,Divided Road,Straight road,Level,Wet,Raining,Daylight,Rear End,No Control
Driver,Female,60,Driver,NotFatal,Worn,Small,Full,2,2 Metropolitan,3,peak,70,T-Junction,Straight road,Level,Dry,Not Raining,Daylight,Rear End,Traffic Signals
Passenger,Female,63,Front Seat Left Passenger,NotFatal,NotWorn,Small,NoLicence,2,2 Metropolitan,3,peak,70,T-Junction,Straight road,Level,Dry,Not Raining,Daylight,Rear End,Traffic Signals
Pedestrian,Male,7,NotApplicable,NotFatal,NotWorn,Pedestrian on Road,NoLicence,1,2 Metropolitan,2,off-peak,60,Not Divided,Straight road,Level,Dry,Not Raining,Night,Hit Pedestrian,No Control
Pedestrian,Male,68,NotApplicable,NotFatal,NotWorn,Pedestrian on Road,NoLicence,1,1 City,2,peak,50,Cross Road,Straight road,Level,Wet,Raining,Night,Hit Pedestrian,Traffic Signals
Driver,Female,45,Driver,NotFatal,Worn,Medium,Full,2,2 Metropolitan,2,peak,40,T-Junction,Straight road,Level,Dry,Not Raining,Daylight,Right Turn,No Control
Passenger,Female,6,Rear Seat Left Passenger,NotFatal,NotWorn,Medium,NoLicence,2,2 Metropolitan,2,peak,40,T-Junction,Straight road,Level,Dry,Not Raining,Daylight,Right Turn,No Control
Driver,Female,80,Driver,NotFatal,Worn,Medium,Full,1,2 Metropolitan,2,peak,40,T-Junction,Straight road,Level,Dry,Not Raining,Daylight,Right Turn,No Control
Driver,Male,21,Driver,NotFatal,Worn,Small,Full,1,2 Metropolitan,2,off-peak,100,T-Junction,Straight road,Slope,Dry,Not Raining,Night,Hit Fixed Object,Give Way Sign
Pedestrian,Male,47,NotApplicable,NotFatal,NotWorn,Pedestrian on Road,NoLicence,1,3 Country,2,off-peak,60,T-Junction,"CURVED, VIEW OPEN",Level,Wet,Raining,Night,Hit Pedestrian,Give Way Sign
Driver,Female,47,Driver,NotFatal,Worn,Medium,Full,1,2 Metropolitan,2,off-peak,60,Cross Road,Straight road,Level,Dry,Not Raining,Daylight,Right Angle,Traffic Signals
Driver,Female,52,Driver,NotFatal,Worn,Small,Full,1,2 Metropolitan,2,peak,40,T-Junction,Straight road,Level,Dry,Not Raining,Daylight,Rear End,Stop Sign
Rider,Male,20,NotApplicable,NotFatal,NotWorn,MCycling,NoLicence,1,2 Metropolitan,1,off-peak,70,Divided Road,Straight road,Level,Dry,Not Raining,Daylight,Roll Over,No Control
Passenger,Female,53,Front Seat Left Passenger,NotFatal,NotWorn,Medium,NoLicence,2,2 Metropolitan,2,off-peak,60,Cross Road,"CURVED, VIEW OPEN",Level,Wet,Raining,Night,Rear End,Roundabout
Rider,Male,62,NotApplicable,NotFatal,NotWorn,PCycling,NoLicence,1,2 Metropolitan,2,off-peak,50,Cross Road,Straight road,Crest of Hill,Wet,Raining,Daylight,Right Angle,Roundabout
Driver,Female,75,Driver,NotFatal,Worn,Small,Full,1,2 Metropolitan,3,off-peak,60,T-Junction,"CURVED, VIEW OPEN",Slope,Wet,Raining,Daylight,Head On,No Control
Driver,Female,79,Driver,NotFatal,Worn,Small,Full,1,2 Metropolitan,3,off-peak,60,T-Junction,"CURVED, VIEW OPEN",Slope,Wet,Raining,Daylight,Head On,No Control
Driver,Male,50,Driver,NotFatal,Worn,Utility,Full,1,2 Metropolitan,3,off-peak,60,T-Junction,"CURVED, VIEW OPEN",Slope,Wet,Raining,Daylight,Head On,No Control
Driver,Female,17,Driver,NotFatal,Worn,Small,Provisional 1 ,2,2 Metropolitan,2,off-peak,60,T-Junction,Straight road,Level,Dry,Not Raining,Daylight,Right Turn,Traffic Signals
Passenger,Male,16,Front Seat Left Passenger,NotFatal,NotWorn,Small,NoLicence,2,2 Metropolitan,2,off-peak,60,T-Junction,Straight road,Level,Dry,Not Raining,Daylight,Right Turn,Traffic Signals
Driver,Female,57,Driver,NotFatal,Worn,Small,Full,1,2 Metropolitan,2,peak,60,Cross Road,Straight road,Level,Dry,Not Raining,Daylight,Rear End,Traffic Signals
Passenger,Female,30,Front Seat Left Passenger,NotFatal,NotWorn,Small,NoLicence,3,2 Metropolitan,3,off-peak,60,Cross Road,Straight road,Slope,Dry,Not Raining,Night,Rear End,Traffic Signals
Passenger,Male,39.88915925,Rear Seat Right Passenger,NotFatal,NotWorn,Small,NoLicence,3,2 Metropolitan,3,off-peak,60,Cross Road,Straight road,Slope,Dry,Not Raining,Night,Rear End,Traffic Signals
Driver,Male,51,Driver,NotFatal,Worn,Medium,Unknown,1,2 Metropolitan,5,off-peak,60,Cross Road,Straight road,Level,Wet,Raining,Night,Hit Fixed Object,Traffic Signals