cas_type,cas_gender,cas_age,cas_pos_in_veh,fatality,seat_belt,unit_type,lic_type,n_occupants,stat_area,total_units,time,area_speed,acc_pos,hor_align,ver_align,moist_cond,wea_cond,dayNight,crash_type,traf_ctrls
Passenger,Female,40,Front Seat Left Passenger,NotFatal,NotWorn,Medium,NoLicence,3,3 Country,2,peak,100,Not Divided,Straight road,Level,Wet,Raining,Daylight,Hit Fixed Object,No Control
Driver,Male,18,Driver,NotFatal,Worn,Small,Learners,1,2 Metropolitan,2,off-peak,50,T-Junction,Straight road,Level,Wet,Unknown,Night,Hit Fixed Object,Give Way Sign
Driver,Female,64,Driver,NotFatal,Worn,Small,Full,1,1 City,2,off-peak,50,T-Junction,"CURVED, VIEW OPEN",Level,Dry,Not Raining,Night,Right Angle,Give Way Sign
Driver,Female,21,Driver,NotFatal,Worn,Small,Provisional 2,1,3 Country,2,off-peak,110,Not Divided,"CURVED, VIEW OPEN",Level,Wet,Not Raining,Night,Hit Fixed Object,No Control
Driver,Female,28,Driver,NotFatal,Worn,Small,Full,1,2 Metropolitan,3,off-peak,60,Divided Road,Straight road,Slope,Unknown,Unknown,Night,Rear End,No Control
Pedestrian,Female,16,NotApplicable,NotFatal,NotWorn,Pedestrian on Footpath/Carpark,NoLicence,1,2 Metropolitan,3,peak,40,Cross Road,Straight road,Level,Dry,Not Raining,Daylight,Right Angle,Give Way Sign
Driver,Male,65,Driver,NotFatal,Worn,Small,Full,2,2 Metropolitan,2,off-peak,80,Cross Road,Straight road,Level,Dry,Not Raining,Daylight,Right Angle,Give Way Sign
Passenger,Female,70,Front Seat Left Passenger,NotFatal,NotWorn,Small,NoLicence,2,2 Metropolitan,2,off-peak,80,Cross Road,Straight road,Level,Dry,Not Raining,Daylight,Right Angle,Give Way Sign
Driver,Female,29,Driver,NotFatal,Worn,Small,Full,1,2 Metropolitan,2,off-peak,60,T-Junction,Straight road,Slope,Dry,Not Raining,Daylight,Rear End,No Control
Driver,Male,39.88915925,Driver,NotFatal,Unknown,Small,Provisional 1 ,1,2 Metropolitan,2,off-peak,50,Cross Road,Straight road,Level,Dry,Not Raining,Daylight,Hit Fixed Object,Give Way Sign
Driver,Female,39.88915925,Driver,NotFatal,Worn,Small,Unknown,2,3 Country,2,off-peak,100,Not Divided,Straight road,Level,Wet,Raining,Daylight,Rear End,No Control
Driver,Female,50,Driver,NotFatal,Worn,Medium,Full,1,3 Country,2,off-peak,100,Not Divided,Straight road,Level,Wet,Raining,Daylight,Rear End,No Control
Driver,Male,25,Driver,NotFatal,Unknown,Medium,Provisional 2,1,3 Country,2,off-peak,80,Not Divided,Straight road,Level,Wet,Unknown,Daylight,Hit Fixed Object,No Control
Rider,Male,66,NotApplicable,NotFatal,NotWorn,PCycling,NoLicence,1,2 Metropolitan,2,off-peak,50,Multiple,Straight road,Level,Dry,Not Raining,Daylight,Right Angle,Roundabout
Driver,Female,27,Driver,NotFatal,Worn,Small,Unknown,1,3 Country,2,off-peak,100,Not Divided,Straight road,Slope,Wet,Raining,Daylight,Hit Fixed Object,No Control
Driver,Female,21,Driver,NotFatal,Worn,Small,Full,1,3 Country,1,off-peak,100,Not Divided,Straight road,Level,Wet,Raining,Daylight,Left Road - Out of Control,No Control
Driver,Female,23,Driver,NotFatal,Worn,Small,Full,1,3 Country,1,off-peak,100,Not Divided,"CURVED, VIEW OBSCURED",Slope,Wet,Raining,Daylight,Roll Over,No Control
Driver,Female,36,Driver,NotFatal,Worn,Medium,Full,4,2 Metropolitan,3,off-peak,60,T-Junction,Straight road,Level,Dry,Not Raining,Daylight,Rear End,No Control
Pedestrian,Male,64,NotApplicable,NotFatal,NotWorn,Pedestrian on Road,NoLicence,1,1 City,2,off-peak,50,Cross Road,Straight road,Level,Dry,Not Raining,Daylight,Hit Pedestrian,Traffic Signals
Rider,Male,26,NotApplicable,NotFatal,NotWorn,MCycling,NoLicence,1,2 Metropolitan,2,off-peak,50,Not Divided,Straight road,Crest of Hill,Dry,Not Raining,Night,Rear End,No Control
Driver,Male,26,Driver,NotFatal,Worn,Small,Full,1,2 Metropolitan,2,peak,80,Not Divided,"CURVED, VIEW OBSCURED",Slope,Wet,Not Raining,Daylight,Right Angle,No Control
Driver,Female,28,Driver,NotFatal,Worn,Small,Full,4,2 Metropolitan,2,off-peak,60,Cross Road,Straight road,Level,Dry,Not Raining,Daylight,Right Turn,Traffic Signals
Rider,Male,64,NotApplicable,NotFatal,NotWorn,MCycling,NoLicence,1,2 Metropolitan,2,peak,100,Not Divided,"CURVED, VIEW OPEN",Crest of Hill,Wet,Raining,Daylight,Head On,No Control
Driver,Female,23,Driver,NotFatal,Worn,Small,Full,1,2 Metropolitan,2,off-peak,60,Not Divided,Straight road,Level,Dry,Not Raining,Daylight,Head On,No Control
Driver,Male,16,Driver,NotFatal,Worn,Medium,Unlicenced,3,2 Metropolitan,2,off-peak,60,Not Divided,Straight road,Level,Dry,Not Raining,Daylight,Head On,No Control
Passenger,Male,17,Front Seat Left Passenger,NotFatal,NotWorn,Medium,NoLicence,3,2 Metropolitan,2,off-peak,60,Not Divided,Straight road,Level,Dry,Not Raining,Daylight,Head On,No Control
Passenger,Male,17,Rear Seat Right Passenger,NotFatal,NotWorn,Medium,NoLicence,3,2 Metropolitan,2,off-peak,60,Not Divided,Straight road,Level,Dry,Not Raining,Daylight,Head On,No Control
Driver,Female,53,Driver,NotFatal,Worn,Small,Full,1,2 Metropolitan,3,peak,60,Cross Road,Straight road,Level,Wet,Raining,Daylight,Right Angle,Traffic Signals
Driver,Male,41,Driver,NotFatal,Worn,Medium,Full,2,2 Metropolitan,3,peak,60,Cross Road,Straight road,Level,Wet,Raining,Daylight,Right Angle,Traffic Signals
Passenger,Female,45,Front Seat Left Passenger,NotFatal,NotWorn,Medium,NoLicence,2,2 Metropolitan,3,peak,60,Cross Road,Straight road,Level,Wet,Raining,Daylight,Right Angle,Traffic Signals
Pedestrian,Male,80,NotApplicable,NotFatal,NotWorn,Pedestrian on Road,NoLicence,1,2 Metropolitan,2,off-peak,60,Not Divided,Straight road,Level,Dry,Not Raining,Daylight,Hit Pedestrian,No Control
Driver,Female,59,Driver,NotFatal,Worn,Medium,Full,1,2 Metropolitan,2,off-peak,60,Divided Road,Straight road,Level,Dry,Not Raining,Daylight,Side Swipe,No Control
Driver,Female,70,Driver,NotFatal,Worn,Small,Full,1,3 Country,2,off-peak,100,Not Divided,"CURVED, VIEW OBSCURED",Slope,Dry,Not Raining,Daylight,Hit Fixed Object,No Control
Driver,Male,53,Driver,NotFatal,Worn,Medium,Full,1,2 Metropolitan,2,off-peak,50,Not Divided,Straight road,Level,Dry,Not Raining,Daylight,Hit Parked Vehicle,No Control
Passenger,Female,64,Front Seat Left Passenger,NotFatal,NotWorn,Medium,NoLicence,2,2 Metropolitan,2,off-peak,100,Other,Straight road,Slope,Dry,Not Raining,Daylight,Rear End,No Control
Driver,Female,32,Driver,NotFatal,Worn,Medium,Full,3,2 Metropolitan,3,off-peak,60,Cross Road,Straight road,Level,Dry,Not Raining,Daylight,Right Angle,Stop Sign
Passenger,Male,1,Rear Seat Right Passenger,NotFatal,NotWorn,Medium,NoLicence,3,2 Metropolitan,3,off-peak,60,Cross Road,Straight road,Level,Dry,Not Raining,Daylight,Right Angle,Stop Sign
Passenger,Female,56,Front Seat Left Passenger,NotFatal,NotWorn,Medium,NoLicence,3,2 Metropolitan,3,off-peak,60,Cross Road,Straight road,Level,Dry,Not Raining,Daylight,Right Angle,Stop Sign
Driver,Female,57,Driver,NotFatal,Worn,Small,Full,1,2 Metropolitan,3,off-peak,60,Cross Road,Straight road,Level,Dry,Not Raining,Daylight,Right Angle,Stop Sign
Driver,Male,38,Driver,NotFatal,Worn,Small,Full,1,2 Metropolitan,2,off-peak,60,Divided Road,Straight road,Level,Dry,Not Raining,Daylight,Rear End,No Control
Rider,Male,37,NotApplicable,NotFatal,NotWorn,PCycling,NoLicence,1,2 Metropolitan,2,off-peak,50,Cross Road,Straight road,Level,Dry,Not Raining,Night,Right Angle,Stop Sign
Driver,Female,21,Driver,NotFatal,Worn,Small,Provisional 1 ,1,3 Country,1,off-peak,100,Not Divided,"CURVED, VIEW OPEN",Level,Wet,Raining,Daylight,Left Road - Out of Control,No Control
Driver,Male,22,Driver,NotFatal,Worn,Small,Provisional 1 ,1,2 Metropolitan,2,off-peak,70,Not Divided,"CURVED, VIEW OPEN",Level,Dry,Not Raining,Daylight,Rear End,No Control
Driver,Female,56,Driver,NotFatal,Worn,Small,Full,1,2 Metropolitan,2,off-peak,80,Divided Road,Straight road,Level,Dry,Not Raining,Night,Side Swipe,No Control
Driver,Male,38,Driver,NotFatal,Worn,Small,Full,1,2 Metropolitan,2,off-peak,80,Divided Road,Straight road,Level,Dry,Not Raining,Night,Right Turn,No Control
Rider,Male,60,NotApplicable,NotFatal,NotWorn,PCycling,NoLicence,1,2 Metropolitan,1,off-peak,60,Divided Road,Straight road,Level,Dry,Not Raining,Night,Roll Over,No Control
Rider,Male,54,NotApplicable,NotFatal,NotWorn,MCycling,NoLicence,1,3 Country,2,off-peak,100,Not Divided,"CURVED, VIEW OBSCURED",Slope,Dry,Not Raining,Daylight,Hit Animal,No Control
Driver,Male,91,Driver,NotFatal,Worn,Small,Full,1,2 Metropolitan,2,off-peak,50,Not Divided,Straight road,Level,Dry,Not Raining,Daylight,Hit Parked Vehicle,No Control
Pedestrian,Male,29,NotApplicable,NotFatal,NotWorn,Pedestrian on Road,NoLicence,1,2 Metropolitan,2,off-peak,60,Not Divided,Straight road,Level,Dry,Not Raining,Daylight,Hit Pedestrian,No Control
Rider,Female,58,NotApplicable,NotFatal,NotWorn,PCycling,NoLicence,1,2 Metropolitan,2,off-peak,60,Divided Road,Straight road,Level,Dry,Not Raining,Night,Hit Parked Vehicle,No Control
Passenger,Female,60,Front Seat Left Passenger,NotFatal,NotWorn,Small,NoLicence,2,3 Country,2,off-peak,50,Not Divided,"CURVED, VIEW OPEN",Level,Dry,Not Raining,Daylight,Hit Animal,No Control
Driver,Male,22,Driver,NotFatal,Worn,Utility,Full,1,2 Metropolitan,2,off-peak,60,Multiple,Straight road,Level,Dry,Not Raining,Daylight,Right Turn,No Control
Driver,Female,29,Driver,NotFatal,Worn,Small,Full,1,3 Country,2,off-peak,50,T-Junction,"CURVED, VIEW OPEN",Slope,Dry,Not Raining,Daylight,Right Angle,Give Way Sign
Driver,Male,82,Driver,NotFatal,Worn,Small,Full,1,3 Country,2,off-peak,50,T-Junction,"CURVED, VIEW OPEN",Slope,Dry,Not Raining,Daylight,Right Angle,Give Way Sign
Driver,Female,81,Driver,NotFatal,Worn,Small,Full,1,2 Metropolitan,2,off-peak,60,Divided Road,Straight road,Level,Dry,Not Raining,Daylight,Hit Parked Vehicle,No Control
Rider,Male,17,NotApplicable,NotFatal,NotWorn,MCycling,NoLicence,1,2 Metropolitan,2,off-peak,80,Not Divided,"CURVED, VIEW OPEN",Slope,Dry,Not Raining,Daylight,Hit Fixed Object,No Control
Passenger,Female,39.88915925,Rear Seat Left Passenger,NotFatal,NotWorn,Medium,NoLicence,2,2 Metropolitan,2,peak,60,T-Junction,Straight road,Level,Dry,Not Raining,Night,Right Turn,No Control
Passenger,Female,5,Rear Seat Left Passenger,NotFatal,NotWorn,Medium,NoLicence,3,2 Metropolitan,2,off-peak,60,T-Junction,Straight road,Level,Dry,Not Raining,Daylight,Right Angle,Give Way Sign
Passenger,Female,45,Front Seat Left Passenger,NotFatal,NotWorn,Small,NoLicence,3,2 Metropolitan,2,off-peak,60,T-Junction,Straight road,Level,Dry,Not Raining,Daylight,Right Angle,Give Way Sign
Driver,Female,33,Driver,NotFatal,Worn,Small,Full,1,2 Metropolitan,2,off-peak,60,T-Junction,Straight road,Level,Dry,Not Raining,Night,Right Turn,Traffic Signals
Driver,Female,63,Driver,NotFatal,Worn,Small,Full,1,2 Metropolitan,2,off-peak,60,T-Junction,Straight road,Level,Dry,Not Raining,Daylight,Rear End,Traffic Signals
Pedestrian,Female,15,NotApplicable,NotFatal,NotWorn,Pedestrian on Road,NoLicence,1,2 Metropolitan,2,peak,50,Not Divided,Straight road,Level,Dry,Not Raining,Daylight,Hit Pedestrian,No Control
Rider,Female,27,NotApplicable,NotFatal,NotWorn,PCycling,NoLicence,1,2 Metropolitan,2,off-peak,50,Divided Road,Straight road,Level,Dry,Not Raining,Night,Side Swipe,No Control
Driver,Female,74,Driver,NotFatal,Worn,Small,Full,1,3 Country,2,off-peak,50,Not Divided,Straight road,Level,Dry,Not Raining,Daylight,Hit Parked Vehicle,No Control
Rider,Male,12,NotApplicable,NotFatal,NotWorn,PCycling,NoLicence,1,2 Metropolitan,2,peak,60,Pedestrian Crossing,Straight road,Level,Dry,Not Raining,Night,Right Angle,Traffic Signals
Driver,Male,51,Driver,NotFatal,Worn,Medium,Full,1,2 Metropolitan,2,off-peak,60,Cross Road,Straight road,Level,Dry,Not Raining,Daylight,Right Angle,Give Way Sign
Driver,Male,50,Driver,NotFatal,Worn,Utility,Full,1,2 Metropolitan,2,off-peak,60,Cross Road,Straight road,Level,Dry,Not Raining,Daylight,Right Angle,Give Way Sign
Driver,Female,62,Driver,NotFatal,Worn,Small,Full,1,2 Metropolitan,2,peak,60,Cross Road,Straight road,Level,Dry,Not Raining,Night,Rear End,Traffic Signals
Passenger,Female,59,Front Seat Left Passenger,NotFatal,NotWorn,Small,NoLicence,2,3 Country,2,off-peak,50,Cross Road,Straight road,Level,Dry,Not Raining,Daylight,Right Angle,Give Way Sign
Passenger,Female,16,Front Seat Left Passenger,NotFatal,NotWorn,Small,NoLicence,2,2 Metropolitan,2,peak,60,Cross Road,"CURVED, VIEW OPEN",Level,Dry,Not Raining,Night,Right Angle,Traffic Signals
Driver,Female,58,Driver,NotFatal,Worn,Small,Full,1,2 Metropolitan,2,peak,60,Cross Road,"CURVED, VIEW OPEN",Level,Dry,Not Raining,Night,Right Angle,Traffic Signals
Driver,Female,25,Driver,NotFatal,Worn,Small,Full,2,2 Metropolitan,3,off-peak,60,Divided Road,Straight road,Level,Dry,Not Raining,Night,Rear End,No Control
Passenger,Female,86,Front Seat Left Passenger,NotFatal,NotWorn,Small,NoLicence,2,2 Metropolitan,2,peak,60,Cross Road,Straight road,Level,Dry,Not Raining,Daylight,Right Turn,Traffic Signals
Driver,Male,47,Driver,NotFatal,Worn,Small,Full,1,2 Metropolitan,2,off-peak,60,Not Divided,Straight road,Level,Dry,Not Raining,Daylight,Side Swipe,No Control
Driver,Male,35,Driver,NotFatal,Worn,Small,Probationary,1,2 Metropolitan,2,off-peak,50,Cross Road,Straight road,Level,Dry,Not Raining,Night,Right Angle,Give Way Sign
Driver,Male,24,Driver,NotFatal,Worn,Utility,Unlicenced,1,2 Metropolitan,2,off-peak,60,Not Divided,Straight road,Bottom of Hill,Dry,Not Raining,Night,Head On,No Control
Driver,Male,93,Driver,NotFatal,Worn,Medium,Full,1,3 Country,1,off-peak,100,Not Divided,"CURVED, VIEW OPEN",Level,Unknown,Unknown,Daylight,Roll Over,No Control
Driver,Female,30,Driver,NotFatal,Worn,Small,Provisional 2,2,2 Metropolitan,2,off-peak,60,T-Junction,Straight road,Level,Dry,Not Raining,Daylight,Right Angle,No Control
Passenger,Female,7,Rear Seat Left Passenger,NotFatal,NotWorn,Small,NoLicence,2,2 Metropolitan,2,off-peak,60,T-Junction,Straight road,Level,Dry,Not Raining,Daylight,Right Angle,No Control
Pedestrian,Female,53,NotApplicable,NotFatal,NotWorn,Pedestrian on Road,NoLicence,1,2 Metropolitan,2,peak,60,Cross Road,Straight road,Level,Dry,Not Raining,Daylight,Hit Pedestrian,Traffic Signals
Driver,Female,27,Driver,NotFatal,Worn,Small,Full,2,2 Metropolitan,2,off-peak,50,Cross Road,Straight road,Level,Dry,Not Raining,Night,Right Angle,Roundabout
Rider,Male,29,NotApplicable,NotFatal,NotWorn,PCycling,NoLicence,1,2 Metropolitan,2,off-peak,50,Cross Road,Straight road,Level,Dry,Not Raining,Night,Right Angle,Roundabout
Driver,Female,66,Driver,NotFatal,Worn,Small,Full,1,2 Metropolitan,3,off-peak,50,Multiple,Straight road,Level,Dry,Not Raining,Night,Head On,Traffic Signals
Driver,Female,23,Driver,NotFatal,Worn,Small,Full,2,2 Metropolitan,2,off-peak,60,T-Junction,Straight road,Unknown,Dry,Not Raining,Daylight,Rear End,No Control
Rider,Male,25,NotApplicable,NotFatal,NotWorn,PCycling,NoLicence,1,2 Metropolitan,1,off-peak,60,Divided Road,Straight road,Bottom of Hill,Dry,Not Raining,Night,Roll Over,No Control
Driver,Male,39.88915925,Driver,NotFatal,Worn,Medium,Full,1,2 Metropolitan,2,off-peak,50,T-Junction,Straight road,Level,Dry,Not Raining,Daylight,Right Angle,No Control
Driver,Male,89,Driver,NotFatal,Worn,Small,Full,1,2 Metropolitan,2,off-peak,60,Divided Road,Straight road,Level,Dry,Unknown,Daylight,Rear End,No Control
Driver,Male,17,Driver,NotFatal,Worn,Medium,Provisional 1 ,2,3 Country,2,off-peak,80,Not Divided,"CURVED, VIEW OBSCURED",Slope,Dry,Not Raining,Daylight,Hit Fixed Object,No Control
Passenger,Male,17,Front Seat Left Passenger,NotFatal,NotWorn,Medium,NoLicence,2,3 Country,2,off-peak,80,Not Divided,"CURVED, VIEW OBSCURED",Slope,Dry,Not Raining,Daylight,Hit Fixed Object,No Control
Driver,Male,58,Driver,NotFatal,Worn,Medium,Full,1,2 Metropolitan,2,off-peak,50,Cross Road,Straight road,Level,Dry,Not Raining,Daylight,Right Angle,Give Way Sign
Rider,Male,39.88915925,NotApplicable,NotFatal,NotWorn,PCycling,NoLicence,1,2 Metropolitan,2,peak,50,Cross Road,Straight road,Level,Dry,Not Raining,Daylight,Right Angle,Give Way Sign
Passenger,Female,10,Rear Seat Left Passenger,NotFatal,NotWorn,Medium,NoLicence,4,2 Metropolitan,3,peak,60,Divided Road,Straight road,Level,Dry,Not Raining,Daylight,Rear End,No Control
Driver,Male,28,Driver,NotFatal,Worn,Small,Full,1,2 Metropolitan,2,off-peak,90,T-Junction,Straight road,Level,Dry,Not Raining,Night,Right Angle,No Control
Driver,Male,29,Driver,NotFatal,Worn,Utility,Full,2,2 Metropolitan,3,off-peak,25,Cross Road,Straight road,Level,Dry,Not Raining,Night,Right Turn,Traffic Signals
Passenger,Male,29,Front Seat Left Passenger,NotFatal,NotWorn,Utility,NoLicence,2,2 Metropolitan,3,off-peak,25,Cross Road,Straight road,Level,Dry,Not Raining,Night,Right Turn,Traffic Signals
Driver,Female,23,Driver,NotFatal,Worn,Small,Unknown,1,2 Metropolitan,3,off-peak,25,Cross Road,Straight road,Level,Dry,Not Raining,Night,Right Turn,Traffic Signals
Rider,Male,31,NotApplicable,NotFatal,NotWorn,PCycling,NoLicence,1,2 Metropolitan,7,peak,60,Divided Road,Straight road,Level,Dry,Not Raining,Daylight,Side Swipe,No Control
Driver,Male,49,Driver,NotFatal,Worn,Medium,Full,1,2 Metropolitan,2,off-peak,60,Cross Road,"CURVED, VIEW OPEN",Level,Dry,Not Raining,Daylight,Rear End,Traffic Signals
Driver,Male,39,Driver,NotFatal,Unknown,Medium,Full,2,2 Metropolitan,4,peak,60,Cross Road,Straight road,Slope,Dry,Not Raining,Daylight,Rear End,Traffic Signals
Passenger,Female,5,Rear Seat Left Passenger,NotFatal,NotWorn,Small,NoLicence,2,2 Metropolitan,3,off-peak,60,Divided Road,Straight road,Level,Dry,Not Raining,Daylight,Rear End,No Control
Driver,Female,57,Driver,NotFatal,Worn,Medium,Full,1,3 Country,2,off-peak,50,Not Divided,Straight road,Level,Dry,Not Raining,Daylight,Rear End,No Control
Driver,Male,55,Driver,NotFatal,Worn,Medium,Unknown,2,2 Metropolitan,2,off-peak,70,Divided Road,Straight road,Level,Dry,Not Raining,Night,Rear End,No Control
Passenger,Male,39.88915925,Front Seat Left Passenger,NotFatal,NotWorn,Medium,NoLicence,2,2 Metropolitan,2,off-peak,70,Divided Road,Straight road,Level,Dry,Not Raining,Night,Rear End,No Control
Driver,Male,48,Driver,NotFatal,Worn,Medium,Full,2,3 Country,2,off-peak,100,Not Divided,Straight road,Slope,Dry,Not Raining,Daylight,Head On,No Control
Passenger,Male,41,Front Seat Left Passenger,NotFatal,NotWorn,Medium,NoLicence,2,3 Country,2,off-peak,100,Not Divided,Straight road,Slope,Dry,Not Raining,Daylight,Head On,No Control
Driver,Male,26,Driver,Fatal,NotWorn,Small,Learners,2,3 Country,2,off-peak,100,Not Divided,"CURVED, VIEW OPEN",Level,Dry,Not Raining,Night,Hit Fixed Object,No Control
Passenger,Female,21,Front Seat Left Passenger,Fatal,NotWorn,Small,NoLicence,2,3 Country,2,off-peak,100,Not Divided,"CURVED, VIEW OPEN",Level,Dry,Not Raining,Night,Hit Fixed Object,No Control
Rider,Male,59,NotApplicable,NotFatal,NotWorn,MCycling,NoLicence,1,2 Metropolitan,1,peak,60,Cross Road,Straight road,Level,Dry,Not Raining,Daylight,Roll Over,Traffic Signals
Driver,Male,40,Driver,NotFatal,Worn,Small,Full,3,2 Metropolitan,2,peak,60,Divided Road,Straight road,Level,Dry,Not Raining,Daylight,Side Swipe,No Control
Passenger,Male,9,Rear Seat Right Passenger,NotFatal,NotWorn,Small,NoLicence,3,2 Metropolitan,2,peak,60,Divided Road,Straight road,Level,Dry,Not Raining,Daylight,Side Swipe,No Control
Passenger,Female,40,Front Seat Left Passenger,NotFatal,NotWorn,Small,NoLicence,3,2 Metropolitan,2,peak,60,Divided Road,Straight road,Level,Dry,Not Raining,Daylight,Side Swipe,No Control
Passenger,Female,46,Front Seat Left Passenger,NotFatal,NotWorn,Medium,NoLicence,2,2 Metropolitan,2,peak,60,Divided Road,Straight road,Level,Dry,Not Raining,Daylight,Side Swipe,No Control
Passenger,Female,17,Front Seat Left Passenger,NotFatal,NotWorn,Small,NoLicence,2,2 Metropolitan,2,off-peak,80,Not Divided,"CURVED, VIEW OPEN",Level,Dry,Not Raining,Night,Hit Fixed Object,No Control
Rider,Male,37,NotApplicable,Fatal,NotWorn,MCycling,NoLicence,1,2 Metropolitan,3,off-peak,80,Not Divided,"CURVED, VIEW OBSCURED",Slope,Dry,Not Raining,Daylight,Hit Fixed Object,No Control
Driver,Male,83,Driver,NotFatal,Unknown,Small,Full,1,2 Metropolitan,3,off-peak,50,Not Divided,Straight road,Level,Dry,Not Raining,Night,Hit Fixed Object,No Control
Driver,Female,21,Driver,NotFatal,Worn,Small,Provisional 2,2,2 Metropolitan,2,peak,80,Cross Road,Straight road,Level,Dry,Not Raining,Daylight,Rear End,Traffic Signals
Passenger,Male,21,Front Seat Left Passenger,NotFatal,NotWorn,Small,NoLicence,2,2 Metropolitan,2,peak,80,Cross Road,Straight road,Level,Dry,Not Raining,Daylight,Rear End,Traffic Signals
Rider,Male,39.88915925,NotApplicable,NotFatal,NotWorn,MCycling,NoLicence,1,1 City,2,peak,50,Cross Road,Straight road,Level,Dry,Not Raining,Daylight,Right Turn,Traffic Signals
Rider,Male,54,NotApplicable,NotFatal,NotWorn,MCycling,NoLicence,1,1 City,1,peak,50,Not Divided,Straight road,Level,Dry,Not Raining,Night,Roll Over,No Control
Driver,Male,44,Driver,NotFatal,Worn,Medium,Full,1,3 Country,2,off-peak,110,Not Divided,Straight road,Level,Dry,Not Raining,Night,Hit Animal,No Control
Rider,Male,68,NotApplicable,NotFatal,NotWorn,MCycling,NoLicence,1,3 Country,2,off-peak,80,Not Divided,"CURVED, VIEW OBSCURED",Level,Dry,Not Raining,Daylight,Head On,No Control
Passenger,Female,68,Rear Seat Left Passenger,NotFatal,NotWorn,Small,NoLicence,3,1 City,2,off-peak,50,T-Junction,Straight road,Level,Dry,Not Raining,Daylight,Right Angle,No Control
Driver,Male,43,Driver,NotFatal,Worn,Small,Full,2,2 Metropolitan,2,off-peak,60,Divided Road,Straight road,Level,Dry,Not Raining,Daylight,Rear End,No Control
Driver,Female,32,Driver,NotFatal,Worn,Medium,Unknown,1,2 Metropolitan,2,peak,60,Cross Road,Straight road,Level,Dry,Not Raining,Daylight,Right Angle,Give Way Sign
Driver,Male,34,Driver,NotFatal,Worn,Medium,Full,1,2 Metropolitan,2,off-peak,50,T-Junction,Straight road,Level,Dry,Not Raining,Daylight,Right Angle,No Control
Driver,Male,59,Driver,NotFatal,Worn,Small,Full,1,2 Metropolitan,2,off-peak,90,Freeway,Straight road,Level,Dry,Not Raining,Daylight,Rear End,No Control
Driver,Male,39.88915925,Driver,NotFatal,Worn,Medium,Full,1,2 Metropolitan,2,peak,60,Divided Road,Straight road,Level,Dry,Not Raining,Daylight,Rear End,No Control
Driver,Female,28,Driver,NotFatal,Worn,Medium,Full,1,2 Metropolitan,2,peak,60,Cross Road,Straight road,Level,Dry,Not Raining,Daylight,Right Turn,Traffic Signals
Driver,Female,30,Driver,NotFatal,Worn,Medium,Full,2,2 Metropolitan,2,peak,60,T-Junction,Straight road,Level,Dry,Not Raining,Daylight,Right Turn,Traffic Signals
Driver,Male,20,Driver,NotFatal,NotWorn,Small,Full,2,3 Country,2,peak,50,Not Divided,Straight road,Level,Dry,Not Raining,Night,Hit Fixed Object,No Control
Passenger,Male,21,Front Seat Left Passenger,NotFatal,NotWorn,Small,NoLicence,2,3 Country,2,peak,50,Not Divided,Straight road,Level,Dry,Not Raining,Night,Hit Fixed Object,No Control
Driver,Female,44,Driver,NotFatal,Unknown,Medium,Full,1,2 Metropolitan,2,peak,60,Divided Road,Straight road,Level,Dry,Not Raining,Daylight,Rear End,No Control
Rider,Male,44,NotApplicable,NotFatal,NotWorn,PCycling,NoLicence,1,2 Metropolitan,2,peak,50,Not Divided,Straight road,Level,Dry,Not Raining,Daylight,Hit Parked Vehicle,No Control
Driver,Female,64,Driver,NotFatal,Unknown,Small,Full,1,2 Metropolitan,2,off-peak,70,T-Junction,Straight road,Slope,Dry,Not Raining,Daylight,Right Turn,No Control
Rider,Male,51,NotApplicable,NotFatal,NotWorn,MCycling,NoLicence,1,2 Metropolitan,2,off-peak,60,Divided Road,Straight road,Level,Dry,Not Raining,Daylight,Rear End,No Control
Driver,Male,25,Driver,NotFatal,Worn,Small,Full,1,2 Metropolitan,2,peak,60,Cross Road,Straight road,Level,Dry,Not Raining,Night,Right Angle,Give Way Sign
Pedestrian,Female,32,NotApplicable,NotFatal,NotWorn,Pedestrian on Road,NoLicence,1,3 Country,2,off-peak,60,Divided Road,Straight road,Level,Dry,Not Raining,Night,Hit Pedestrian,No Control
Driver,Female,85,Driver,Fatal,NotWorn,Small,Unlicenced,1,2 Metropolitan,2,off-peak,60,T-Junction,Straight road,Level,Wet,Raining,Night,Right Angle,Traffic Signals
Driver,Male,71,Driver,NotFatal,Worn,Small,Full,1,2 Metropolitan,2,off-peak,60,T-Junction,Straight road,Level,Wet,Raining,Night,Right Angle,Traffic Signals
Driver,Female,32,Driver,NotFatal,NotWorn,Medium,Unlicenced,2,2 Metropolitan,2,off-peak,60,Divided Road,Straight road,Level,Wet,Raining,Night,Hit Fixed Object,No Control
Passenger,Male,6,Rear Seat Middle Passenger,NotFatal,NotWorn,Medium,NoLicence,2,2 Metropolitan,2,off-peak,60,Divided Road,Straight road,Level,Wet,Raining,Night,Hit Fixed Object,No Control
Driver,Female,65,Driver,NotFatal,Worn,Small,Full,1,2 Metropolitan,3,off-peak,60,T-Junction,Straight road,Level,Dry,Not Raining,Daylight,Rear End,No Control
Passenger,Male,24,Front Seat Left Passenger,NotFatal,NotWorn,Small,NoLicence,4,2 Metropolitan,3,peak,60,Divided Road,Straight road,Level,Wet,Raining,Daylight,Rear End,No Control