cas_type,cas_gender,cas_age,cas_pos_in_veh,fatality,seat_belt,unit_type,lic_type,n_occupants,stat_area,total_units,time,area_speed,acc_pos,hor_align,ver_align,moist_cond,wea_cond,dayNight,crash_type,traf_ctrls
Passenger,Female,76,Front Seat Left Passenger,NotFatal,NotWorn,Small,NoLicence,2,3 Country,2,off-peak,110,T-Junction,Straight road,Level,Dry,Not Raining,Daylight,Right Angle,No Control
Driver,Female,28,Driver,NotFatal,Worn,Small,Full,4,1 City,3,off-peak,50,Cross Road,Straight road,Level,Dry,Not Raining,Night,Right Angle,Stop Sign
Rider,Male,55,NotApplicable,NotFatal,NotWorn,MCycling,NoLicence,1,2 Metropolitan,2,off-peak,60,Cross Road,Straight road,Level,Dry,Not Raining,Daylight,Right Turn,Stop Sign
Rider,Male,29,NotApplicable,NotFatal,NotWorn,PCycling,NoLicence,1,2 Metropolitan,2,off-peak,60,Cross Road,Straight road,Level,Dry,Not Raining,Daylight,Side Swipe,Traffic Signals
Driver,Female,22,Driver,NotFatal,Worn,Medium,Probationary,1,2 Metropolitan,2,peak,60,Divided Road,Straight road,Slope,Dry,Not Raining,Daylight,Side Swipe,No Control
Passenger,Female,3,Rear Seat Left Passenger,NotFatal,NotWorn,Small,NoLicence,2,2 Metropolitan,4,off-peak,60,T-Junction,Straight road,Level,Dry,Not Raining,Daylight,Rear End,No Control
Rider,Male,20,NotApplicable,NotFatal,NotWorn,PCycling,NoLicence,1,2 Metropolitan,1,peak,60,Cross Road,Straight road,Level,Dry,Not Raining,Daylight,Roll Over,Traffic Signals
Driver,Female,39.88915925,Driver,NotFatal,Worn,Small,Full,1,2 Metropolitan,2,peak,90,Cross Road,Straight road,Level,Wet,Not Raining,Daylight,Right Angle,Stop Sign
Driver,Male,61,Driver,NotFatal,Worn,Small,Full,1,2 Metropolitan,2,peak,90,Cross Road,Straight road,Level,Wet,Not Raining,Daylight,Right Angle,Stop Sign
Passenger,Male,91,Rear Seat Right Passenger,NotFatal,NotWorn,Medium,NoLicence,3,2 Metropolitan,2,peak,60,T-Junction,Straight road,Level,Dry,Not Raining,Daylight,Right Angle,Stop Sign
Passenger,Female,39.88915925,Front Seat Left Passenger,NotFatal,NotWorn,Utility,NoLicence,1,2 Metropolitan,2,off-peak,60,Cross Road,Straight road,Level,Dry,Not Raining,Night,Hit Fixed Object,Roundabout
Driver,Male,44,Driver,NotFatal,Worn,Utility,Full,2,3 Country,1,off-peak,100,Not Divided,"CURVED, VIEW OPEN",Slope,Dry,Not Raining,Daylight,Roll Over,No Control
Passenger,Male,14,Front Seat Left Passenger,NotFatal,NotWorn,Utility,NoLicence,2,3 Country,1,off-peak,100,Not Divided,"CURVED, VIEW OPEN",Slope,Dry,Not Raining,Daylight,Roll Over,No Control
Driver,Male,21,Driver,NotFatal,Worn,Small,Provisional 2,1,3 Country,2,off-peak,100,Not Divided,Straight road,Level,Dry,Not Raining,Night,Hit Fixed Object,No Control
Rider,Female,35,NotApplicable,NotFatal,NotWorn,PCycling,NoLicence,1,3 Country,2,off-peak,50,Not Divided,Straight road,Level,Dry,Not Raining,Daylight,Hit Parked Vehicle,No Control
Driver,Male,43,Driver,NotFatal,Worn,Small,Full,1,2 Metropolitan,2,peak,80,T-Junction,Straight road,Level,Dry,Not Raining,Daylight,Right Turn,Give Way Sign
Driver,Female,42,Driver,NotFatal,Worn,Medium,Full,1,2 Metropolitan,6,off-peak,80,Divided Road,Straight road,Slope,Dry,Not Raining,Daylight,Rear End,No Control
Driver,Female,34,Driver,NotFatal,Worn,Medium,Full,4,3 Country,2,off-peak,100,Not Divided,Straight road,Level,Dry,Not Raining,Daylight,Hit Fixed Object,No Control
Passenger,Female,2,Rear Seat Middle Passenger,NotFatal,NotWorn,Medium,NoLicence,4,3 Country,2,off-peak,100,Not Divided,Straight road,Level,Dry,Not Raining,Daylight,Hit Fixed Object,No Control
Passenger,Male,7,Rear Seat Left Passenger,NotFatal,NotWorn,Medium,NoLicence,4,3 Country,2,off-peak,100,Not Divided,Straight road,Level,Dry,Not Raining,Daylight,Hit Fixed Object,No Control
Passenger,Male,7,Rear Seat Right Passenger,Fatal,NotWorn,Medium,NoLicence,4,3 Country,2,off-peak,100,Not Divided,Straight road,Level,Dry,Not Raining,Daylight,Hit Fixed Object,No Control
Driver,Female,44,Driver,NotFatal,Worn,Small,Unlicenced,1,2 Metropolitan,2,off-peak,60,Divided Road,Straight road,Level,Dry,Not Raining,Daylight,Rear End,No Control
Driver,Male,66,Driver,NotFatal,Worn,Small,Full,2,2 Metropolitan,2,off-peak,60,Cross Road,Straight road,Level,Dry,Not Raining,Daylight,Rear End,Traffic Signals
Driver,Female,19,Driver,NotFatal,Worn,Small,Provisional 2,2,2 Metropolitan,2,off-peak,70,Cross Road,Straight road,Slope,Dry,Not Raining,Daylight,Right Angle,Traffic Signals
Passenger,Female,13,Rear Seat Left Passenger,NotFatal,NotWorn,Small,NoLicence,2,2 Metropolitan,2,off-peak,70,Cross Road,Straight road,Slope,Dry,Not Raining,Daylight,Right Angle,Traffic Signals
Driver,Female,23,Driver,NotFatal,Worn,Small,Full,1,2 Metropolitan,2,peak,60,T-Junction,Straight road,Slope,Dry,Not Raining,Daylight,Rear End,No Control
Driver,Male,47,Driver,NotFatal,Worn,Small,Full,1,2 Metropolitan,2,peak,60,Other,"CURVED, VIEW OPEN",Level,Dry,Not Raining,Daylight,Right Angle,Roundabout
Driver,Male,39.88915925,Driver,NotFatal,Worn,Utility,Full,1,2 Metropolitan,2,peak,60,Cross Road,Straight road,Level,Dry,Not Raining,Daylight,Right Angle,Give Way Sign
Driver,Female,33,Driver,NotFatal,Worn,Medium,Full,2,2 Metropolitan,2,peak,60,Cross Road,Straight road,Level,Dry,Not Raining,Daylight,Right Angle,Give Way Sign
Passenger,Female,11,Front Seat Left Passenger,NotFatal,NotWorn,Medium,NoLicence,2,2 Metropolitan,2,peak,60,Cross Road,Straight road,Level,Dry,Not Raining,Daylight,Right Angle,Give Way Sign
Driver,Male,38,Driver,NotFatal,Worn,Medium,Full,1,2 Metropolitan,2,peak,60,T-Junction,"CURVED, VIEW OBSCURED",Slope,Dry,Not Raining,Daylight,Right Turn,Stop Sign
Driver,Male,44,Driver,NotFatal,Unknown,Small,Full,1,2 Metropolitan,3,peak,90,T-Junction,Straight road,Level,Dry,Not Raining,Daylight,Rear End,Traffic Signals
Rider,Male,28,NotApplicable,NotFatal,NotWorn,PCycling,NoLicence,1,2 Metropolitan,2,peak,60,Cross Road,Straight road,Level,Dry,Not Raining,Daylight,Right Angle,Give Way Sign
Passenger,Male,30,Front Seat Left Passenger,NotFatal,NotWorn,Utility,NoLicence,1,2 Metropolitan,2,off-peak,60,T-Junction,Straight road,Level,Dry,Not Raining,Daylight,Right Angle,Traffic Signals
Driver,Female,33,Driver,NotFatal,Worn,Small,Full,1,2 Metropolitan,2,off-peak,60,Cross Road,Straight road,Level,Dry,Not Raining,Daylight,Right Turn,Traffic Signals
Driver,Male,53,Driver,NotFatal,Worn,Medium,Unknown,1,3 Country,2,peak,100,Cross Road,Straight road,Level,Dry,Not Raining,Daylight,Right Angle,Give Way Sign
Driver,Female,28,Driver,NotFatal,Worn,Small,Unknown,2,3 Country,2,peak,100,Cross Road,Straight road,Level,Dry,Not Raining,Daylight,Right Angle,Give Way Sign
Driver,Male,35,Driver,NotFatal,Worn,Small,Unlicenced,1,2 Metropolitan,2,off-peak,70,T-Junction,Straight road,Level,Dry,Not Raining,Night,Right Angle,Give Way Sign
Rider,Male,29,NotApplicable,NotFatal,NotWorn,MCycling,NoLicence,1,2 Metropolitan,2,off-peak,70,T-Junction,Straight road,Level,Dry,Not Raining,Night,Right Angle,Give Way Sign
Driver,Male,48,Driver,NotFatal,Worn,Medium,Full,2,2 Metropolitan,2,off-peak,60,T-Junction,Straight road,Level,Dry,Not Raining,Daylight,Rear End,Traffic Signals
Passenger,Male,15,Front Seat Left Passenger,NotFatal,NotWorn,Medium,NoLicence,2,2 Metropolitan,2,off-peak,60,T-Junction,Straight road,Level,Dry,Not Raining,Daylight,Rear End,Traffic Signals
Passenger,Female,62,Front Seat Left Passenger,NotFatal,NotWorn,Medium,NoLicence,2,2 Metropolitan,2,off-peak,50,Not Divided,Straight road,Crest of Hill,Dry,Not Raining,Daylight,Hit Fixed Object,No Control
Driver,Male,43,Driver,NotFatal,Worn,Small,Full,1,2 Metropolitan,2,peak,60,T-Junction,Straight road,Level,Dry,Not Raining,Daylight,Right Turn,Traffic Signals
Driver,Female,20,Driver,NotFatal,Worn,Small,Provisional 1 ,1,2 Metropolitan,2,peak,60,T-Junction,Straight road,Level,Dry,Not Raining,Daylight,Right Turn,Traffic Signals
Driver,Female,55,Driver,NotFatal,Worn,Medium,Full,1,2 Metropolitan,2,off-peak,50,Cross Road,Straight road,Level,Dry,Not Raining,Daylight,Right Angle,Give Way Sign
Driver,Female,39.88915925,Driver,NotFatal,Worn,Medium,Unlicenced,1,2 Metropolitan,2,off-peak,50,Cross Road,Straight road,Level,Dry,Not Raining,Daylight,Right Angle,Give Way Sign
Driver,Female,33,Driver,NotFatal,Worn,Small,Full,2,2 Metropolitan,2,off-peak,60,Cross Road,Straight road,Level,Dry,Not Raining,Night,Rear End,Traffic Signals
Passenger,Female,30,Front Seat Left Passenger,NotFatal,NotWorn,Small,NoLicence,2,2 Metropolitan,2,off-peak,60,Cross Road,Straight road,Level,Dry,Not Raining,Night,Rear End,Traffic Signals
Driver,Female,19,Driver,NotFatal,Worn,Small,Provisional 2,1,2 Metropolitan,6,off-peak,100,Freeway,Straight road,Level,Dry,Not Raining,Daylight,Hit Object on Road,No Control
Driver,Female,23,Driver,NotFatal,Worn,Small,Full,1,2 Metropolitan,3,peak,50,Not Divided,Straight road,Level,Dry,Not Raining,Daylight,Hit Object on Road,No Control
Driver,Female,41,Driver,NotFatal,Worn,Small,Unknown,2,2 Metropolitan,2,off-peak,60,Cross Road,"CURVED, VIEW OPEN",Level,Dry,Not Raining,Daylight,Side Swipe,Roundabout
Driver,Male,36,Driver,NotFatal,Worn,Utility,Full,1,2 Metropolitan,2,off-peak,80,Not Divided,"CURVED, VIEW OPEN",Level,Dry,Not Raining,Daylight,Hit Fixed Object,No Control
Driver,Female,31,Driver,NotFatal,Worn,Medium,Full,3,2 Metropolitan,2,peak,60,Not Divided,Straight road,Slope,Wet,Raining,Daylight,Head On,No Control
Passenger,Male,7,Rear Seat Middle Passenger,NotFatal,NotWorn,Medium,NoLicence,3,2 Metropolitan,2,peak,60,Not Divided,Straight road,Slope,Wet,Raining,Daylight,Head On,No Control
Passenger,Female,2,Rear Seat Left Passenger,NotFatal,NotWorn,Medium,NoLicence,3,2 Metropolitan,2,peak,60,Not Divided,Straight road,Slope,Wet,Raining,Daylight,Head On,No Control
Driver,Female,18,Driver,NotFatal,Worn,Small,Full,1,2 Metropolitan,2,peak,60,Not Divided,Straight road,Slope,Wet,Raining,Daylight,Head On,No Control
Rider,Male,70,NotApplicable,NotFatal,NotWorn,PCycling,NoLicence,1,2 Metropolitan,2,off-peak,60,Divided Road,Straight road,Level,Dry,Not Raining,Daylight,Right Angle,No Control
Driver,Female,17,Driver,NotFatal,Unknown,Small,Provisional 1 ,1,3 Country,3,off-peak,110,Not Divided,Straight road,Slope,Wet,Unknown,Daylight,Hit Fixed Object,No Control
Driver,Female,43,Driver,NotFatal,Worn,Small,Full,1,2 Metropolitan,3,off-peak,60,Not Divided,Straight road,Level,Dry,Not Raining,Daylight,Rear End,No Control
Driver,Female,36,Driver,NotFatal,Worn,Small,Provisional 2,1,2 Metropolitan,2,peak,80,T-Junction,Straight road,Level,Dry,Not Raining,Daylight,Rear End,Traffic Signals
Rider,Male,52,NotApplicable,NotFatal,NotWorn,PCycling,NoLicence,1,2 Metropolitan,2,off-peak,50,Cross Road,Straight road,Level,Wet,Raining,Daylight,Side Swipe,Traffic Signals
Driver,Male,75,Driver,NotFatal,Worn,Small,Full,1,2 Metropolitan,2,peak,60,Divided Road,Straight road,Slope,Wet,Raining,Daylight,Rear End,No Control
Driver,Male,43,Driver,NotFatal,Worn,Medium,Full,1,2 Metropolitan,2,off-peak,60,Divided Road,Straight road,Level,Wet,Raining,Daylight,Rear End,No Control
Driver,Male,41,Driver,NotFatal,Worn,Small,Full,1,2 Metropolitan,2,off-peak,60,Divided Road,Straight road,Level,Wet,Raining,Daylight,Rear End,No Control
Passenger,Female,3,Rear Seat Left Passenger,NotFatal,NotWorn,Medium,NoLicence,2,2 Metropolitan,2,off-peak,60,Cross Road,Straight road,Slope,Wet,Raining,Daylight,Rear End,Traffic Signals
Driver,Male,47,Driver,NotFatal,Worn,Medium,Full,1,2 Metropolitan,2,off-peak,60,Divided Road,Straight road,Level,Wet,Not Raining,Daylight,Rear End,No Control
Driver,Female,26,Driver,NotFatal,Worn,Small,Full,2,2 Metropolitan,2,off-peak,60,Cross Road,Straight road,Level,Wet,Raining,Daylight,Rear End,Traffic Signals
Pedestrian,Male,10,NotApplicable,NotFatal,NotWorn,Pedestrian on Road,NoLicence,1,2 Metropolitan,2,off-peak,50,Not Divided,Straight road,Level,Dry,Not Raining,Daylight,Hit Pedestrian,No Control
Passenger,Female,50,Front Seat Left Passenger,NotFatal,NotWorn,Medium,NoLicence,1,2 Metropolitan,4,off-peak,60,Divided Road,Straight road,Level,Dry,Not Raining,Daylight,Rear End,No Control
Rider,Male,58,NotApplicable,NotFatal,NotWorn,MCycling,NoLicence,2,3 Country,2,off-peak,110,Not Divided,Straight road,Level,Dry,Not Raining,Night,Hit Animal,No Control
Passenger,Male,32,Passenger of Motorcycle,NotFatal,NotWorn,MCycling,NoLicence,2,3 Country,2,off-peak,110,Not Divided,Straight road,Level,Dry,Not Raining,Night,Hit Animal,No Control
Driver,Male,21,Driver,NotFatal,Worn,Small,Provisional 2,1,3 Country,2,off-peak,100,Not Divided,"CURVED, VIEW OPEN",Level,Dry,Not Raining,Night,Hit Fixed Object,No Control
Driver,Female,54,Driver,NotFatal,Worn,Small,Full,1,2 Metropolitan,2,off-peak,50,T-Junction,Straight road,Level,Wet,Raining,Daylight,Rear End,No Control
Driver,Female,39.88915925,Driver,NotFatal,Worn,Small,Provisional 1 ,1,3 Country,3,off-peak,110,T-Junction,Straight road,Level,Dry,Not Raining,Daylight,Right Turn,Give Way Sign
Driver,Female,50,Driver,NotFatal,Worn,Small,Full,3,3 Country,3,off-peak,110,T-Junction,Straight road,Level,Dry,Not Raining,Daylight,Right Turn,Give Way Sign
Passenger,Female,10,Front Seat Left Passenger,NotFatal,NotWorn,Small,NoLicence,3,3 Country,3,off-peak,110,T-Junction,Straight road,Level,Dry,Not Raining,Daylight,Right Turn,Give Way Sign
Passenger,Female,8,Rear Seat Middle Passenger,NotFatal,NotWorn,Small,NoLicence,3,3 Country,3,off-peak,110,T-Junction,Straight road,Level,Dry,Not Raining,Daylight,Right Turn,Give Way Sign
Driver,Male,72,Driver,NotFatal,Worn,Medium,Full,1,2 Metropolitan,2,peak,60,Divided Road,Straight road,Level,Dry,Not Raining,Daylight,Hit Fixed Object,No Control
Driver,Female,24,Driver,NotFatal,Worn,Small,Full,1,2 Metropolitan,3,peak,80,Divided Road,Straight road,Level,Dry,Not Raining,Daylight,Rear End,No Control
Rider,Male,52,NotApplicable,NotFatal,NotWorn,PCycling,NoLicence,1,2 Metropolitan,2,peak,50,Cross Road,Straight road,Level,Dry,Not Raining,Daylight,Right Angle,Roundabout
Driver,Male,64,Driver,NotFatal,Worn,Medium,Full,1,2 Metropolitan,4,off-peak,50,Cross Road,Straight road,Level,Dry,Not Raining,Daylight,Right Angle,Traffic Signals
Driver,Female,36,Driver,NotFatal,Worn,Medium,Full,5,2 Metropolitan,4,off-peak,50,Cross Road,Straight road,Level,Dry,Not Raining,Daylight,Right Angle,Traffic Signals
Passenger,Female,39.88915925,Front Seat Left Passenger,NotFatal,NotWorn,Medium,NoLicence,5,2 Metropolitan,4,off-peak,50,Cross Road,Straight road,Level,Dry,Not Raining,Daylight,Right Angle,Traffic Signals
Passenger,Female,39.88915925,Rear Seat Right Passenger,NotFatal,NotWorn,Medium,NoLicence,5,2 Metropolitan,4,off-peak,50,Cross Road,Straight road,Level,Dry,Not Raining,Daylight,Right Angle,Traffic Signals
Passenger,Male,39.88915925,Rear Seat Left Passenger,NotFatal,NotWorn,Medium,NoLicence,5,2 Metropolitan,4,off-peak,50,Cross Road,Straight road,Level,Dry,Not Raining,Daylight,Right Angle,Traffic Signals
Passenger,Female,39.88915925,Rear Seat Middle Passenger,NotFatal,NotWorn,Medium,NoLicence,5,2 Metropolitan,4,off-peak,50,Cross Road,Straight road,Level,Dry,Not Raining,Daylight,Right Angle,Traffic Signals
Passenger,Female,70,Front Seat Left Passenger,NotFatal,NotWorn,Small,NoLicence,1,2 Metropolitan,3,off-peak,90,Freeway,"CURVED, VIEW OPEN",Slope,Wet,Raining,Daylight,Side Swipe,No Control
Driver,Female,26,Driver,NotFatal,Worn,Medium,Full,1,2 Metropolitan,3,peak,50,Pedestrian Crossing,Straight road,Level,Dry,Not Raining,Daylight,Rear End,Traffic Signals
Driver,Female,34,Driver,NotFatal,Worn,Medium,Full,2,3 Country,2,off-peak,50,Cross Road,Straight road,Level,Dry,Not Raining,Daylight,Rear End,No Control
Driver,Female,18,Driver,NotFatal,Worn,Small,Provisional 2,1,3 Country,2,off-peak,100,Not Divided,"CURVED, VIEW OPEN",Slope,Wet,Raining,Daylight,Hit Fixed Object,No Control
Driver,Male,49,Driver,NotFatal,Worn,Medium,Full,1,3 Country,2,off-peak,100,T-Junction,"CURVED, VIEW OPEN",Level,Dry,Not Raining,Daylight,Right Angle,No Control
Driver,Male,62,Driver,NotFatal,Worn,Large,Full,2,3 Country,1,off-peak,110,Not Divided,"CURVED, VIEW OPEN",Level,Dry,Not Raining,Daylight,Roll Over,No Control
Passenger,Male,54,Front Seat Left Passenger,NotFatal,NotWorn,Large,NoLicence,2,3 Country,1,off-peak,110,Not Divided,"CURVED, VIEW OPEN",Level,Dry,Not Raining,Daylight,Roll Over,No Control
Driver,Female,55,Driver,NotFatal,Worn,Small,Full,1,2 Metropolitan,4,peak,80,T-Junction,Straight road,Level,Dry,Not Raining,Daylight,Right Turn,Stop Sign
Driver,Male,27,Driver,NotFatal,Worn,Small,Full,1,2 Metropolitan,4,peak,80,T-Junction,Straight road,Level,Dry,Not Raining,Daylight,Right Turn,Stop Sign
Driver,Male,18,Driver,NotFatal,Worn,Small,Unknown,1,2 Metropolitan,2,off-peak,60,T-Junction,Straight road,Level,Dry,Not Raining,Daylight,Right Angle,Traffic Signals
Driver,Male,42,Driver,NotFatal,Unknown,Utility,Full,1,2 Metropolitan,4,off-peak,60,T-Junction,Straight road,Level,Dry,Not Raining,Daylight,Head On,Traffic Signals
Passenger,Female,22,Front Seat Left Passenger,NotFatal,NotWorn,Medium,NoLicence,2,2 Metropolitan,4,off-peak,60,T-Junction,Straight road,Level,Dry,Not Raining,Daylight,Head On,Traffic Signals
Driver,Male,75,Driver,NotFatal,Worn,Small,Full,1,2 Metropolitan,4,off-peak,60,T-Junction,Straight road,Level,Dry,Not Raining,Daylight,Head On,Traffic Signals
Rider,Female,51,NotApplicable,NotFatal,NotWorn,PCycling,NoLicence,1,1 City,2,peak,50,Cross Road,"CURVED, VIEW OBSCURED",Level,Dry,Not Raining,Daylight,Right Angle,Traffic Signals
Pedestrian,Female,17,NotApplicable,NotFatal,NotWorn,Pedestrian on Road,NoLicence,1,2 Metropolitan,2,off-peak,60,Pedestrian Crossing,Straight road,Level,Wet,Not Raining,Night,Hit Pedestrian,Traffic Signals
Driver,Female,54,Driver,NotFatal,Worn,Small,Unknown,1,2 Metropolitan,2,off-peak,60,Not Divided,Straight road,Level,Dry,Not Raining,Daylight,Right Angle,No Control
Driver,Male,58,Driver,NotFatal,Worn,Small,Full,1,3 Country,2,peak,60,T-Junction,Straight road,Level,Dry,Not Raining,Daylight,Right Angle,Give Way Sign
Driver,Male,86,Driver,NotFatal,Worn,Small,Full,2,2 Metropolitan,2,off-peak,60,T-Junction,Straight road,Slope,Wet,Not Raining,Daylight,Right Angle,No Control
Passenger,Female,86,Front Seat Left Passenger,NotFatal,NotWorn,Small,NoLicence,2,2 Metropolitan,2,off-peak,60,T-Junction,Straight road,Slope,Wet,Not Raining,Daylight,Right Angle,No Control
Passenger,Female,27,Front Seat Left Passenger,NotFatal,NotWorn,Utility,NoLicence,2,3 Country,2,off-peak,100,Not Divided,"CURVED, VIEW OBSCURED",Level,Wet,Raining,Night,Hit Fixed Object,No Control
Driver,Male,68,Driver,NotFatal,Worn,Small,Full,1,2 Metropolitan,2,peak,60,Cross Road,Straight road,Level,Dry,Not Raining,Daylight,Right Turn,Traffic Signals
Driver,Female,49,Driver,NotFatal,Worn,Small,Full,1,2 Metropolitan,2,peak,60,Cross Road,Straight road,Level,Dry,Not Raining,Daylight,Right Turn,Traffic Signals
Passenger,Female,22,Front Seat Left Passenger,NotFatal,NotWorn,Small,NoLicence,4,2 Metropolitan,2,off-peak,60,Divided Road,Straight road,Level,Wet,Raining,Daylight,Rear End,No Control
Passenger,Male,22,Rear Seat Right Passenger,NotFatal,NotWorn,Small,NoLicence,4,2 Metropolitan,2,off-peak,60,Divided Road,Straight road,Level,Wet,Raining,Daylight,Rear End,No Control
Driver,Female,28,Driver,NotFatal,Worn,Medium,Full,3,2 Metropolitan,2,off-peak,60,Divided Road,Straight road,Level,Wet,Raining,Daylight,Rear End,No Control
Passenger,Female,2,Rear Seat Right Passenger,NotFatal,NotWorn,Medium,NoLicence,3,2 Metropolitan,2,off-peak,60,Divided Road,Straight road,Level,Wet,Raining,Daylight,Rear End,No Control
Passenger,Male,1,Rear Seat Left Passenger,NotFatal,NotWorn,Medium,NoLicence,3,2 Metropolitan,2,off-peak,60,Divided Road,Straight road,Level,Wet,Raining,Daylight,Rear End,No Control
Pedestrian,Male,8,NotApplicable,NotFatal,NotWorn,Pedestrian on Road,NoLicence,1,2 Metropolitan,2,peak,50,Not Divided,Straight road,Level,Wet,Raining,Daylight,Hit Pedestrian,No Control
Driver,Female,23,Driver,NotFatal,Worn,Small,Provisional 1 ,1,2 Metropolitan,2,off-peak,60,Not Divided,Straight road,Level,Wet,Raining,Daylight,Hit Parked Vehicle,No Control
Driver,Female,30,Driver,NotFatal,Worn,Medium,Full,1,2 Metropolitan,2,peak,60,Cross Road,Straight road,Level,Wet,Raining,Daylight,Right Turn,Traffic Signals
Driver,Male,34,Driver,NotFatal,Worn,Small,Full,1,2 Metropolitan,2,peak,60,Divided Road,Straight road,Level,Wet,Not Raining,Daylight,Rear End,No Control
Driver,Female,40,Driver,NotFatal,Worn,Small,Full,1,2 Metropolitan,2,peak,60,T-Junction,Straight road,Level,Wet,Raining,Daylight,Rear End,No Control
Driver,Female,67,Driver,NotFatal,Worn,Small,Full,1,2 Metropolitan,2,off-peak,60,T-Junction,Straight road,Level,Wet,Raining,Daylight,Right Angle,No Control
Driver,Male,51,Driver,NotFatal,Worn,Small,Full,4,2 Metropolitan,3,off-peak,60,Not Divided,Straight road,Level,Wet,Raining,Daylight,Hit Parked Vehicle,No Control
Passenger,Male,11,Front Seat Left Passenger,NotFatal,NotWorn,Small,NoLicence,4,2 Metropolitan,3,off-peak,60,Not Divided,Straight road,Level,Wet,Raining,Daylight,Hit Parked Vehicle,No Control
Driver,Female,24,Driver,NotFatal,Worn,Small,Full,1,3 Country,3,off-peak,50,Cross Road,Straight road,Slope,Dry,Not Raining,Daylight,Right Angle,Give Way Sign
Driver,Male,43,Driver,NotFatal,Unknown,Medium,Full,1,2 Metropolitan,2,off-peak,50,Not Divided,"CURVED, VIEW OPEN",Slope,Wet,Raining,Daylight,Hit Parked Vehicle,No Control
Driver,Male,44,Driver,NotFatal,Worn,Medium,Full,1,2 Metropolitan,2,peak,50,Not Divided,Straight road,Level,Wet,Raining,Daylight,Hit Fixed Object,No Control
Driver,Female,27,Driver,NotFatal,Worn,Medium,Full,2,2 Metropolitan,2,peak,60,T-Junction,"CURVED, VIEW OPEN",Level,Dry,Not Raining,Daylight,Rear End,No Control
Rider,Female,30,NotApplicable,NotFatal,NotWorn,PCycling,NoLicence,1,2 Metropolitan,2,peak,50,Cross Road,Straight road,Slope,Wet,Raining,Daylight,Right Angle,Roundabout
Driver,Female,20,Driver,NotFatal,Unknown,Small,Full,1,2 Metropolitan,2,off-peak,60,Divided Road,Straight road,Level,Dry,Not Raining,Daylight,Rear End,No Control
Passenger,Female,40,Front Seat Left Passenger,NotFatal,NotWorn,Small,NoLicence,2,2 Metropolitan,2,off-peak,50,Not Divided,Straight road,Level,Dry,Not Raining,Night,Hit Fixed Object,No Control
Driver,Male,53,Driver,NotFatal,Unknown,Utility,Full,1,3 Country,2,off-peak,100,Not Divided,"CURVED, VIEW OBSCURED",Level,Wet,Unknown,Night,Hit Fixed Object,No Control
Driver,Male,48,Driver,NotFatal,Unknown,Small,Full,1,2 Metropolitan,2,off-peak,80,T-Junction,"CURVED, VIEW OBSCURED",Slope,Dry,Not Raining,Night,Hit Fixed Object,No Control
Driver,Female,36,Driver,NotFatal,Unknown,Small,Full,1,2 Metropolitan,2,off-peak,60,T-Junction,Straight road,Level,Dry,Not Raining,Daylight,Right Angle,No Control
Driver,Unknown,39.88915925,Driver,NotFatal,Unknown,Small,Probationary,1,2 Metropolitan,2,off-peak,60,T-Junction,Straight road,Level,Dry,Not Raining,Daylight,Right Angle,No Control
Rider,Male,18,NotApplicable,NotFatal,NotWorn,MCycling,NoLicence,1,2 Metropolitan,2,off-peak,60,Cross Road,"CURVED, VIEW OPEN",Level,Dry,Not Raining,Daylight,Side Swipe,Roundabout
Driver,Female,21,Driver,NotFatal,Worn,Small,Full,1,2 Metropolitan,2,off-peak,80,T-Junction,Straight road,Slope,Wet,Raining,Daylight,Right Angle,Stop Sign
Driver,Female,21,Driver,NotFatal,Worn,Small,Full,1,2 Metropolitan,2,off-peak,80,T-Junction,Straight road,Slope,Wet,Raining,Daylight,Right Angle,Stop Sign
Driver,Female,43,Driver,NotFatal,NotWorn,Medium,Full,4,3 Country,2,off-peak,80,Not Divided,"CURVED, VIEW OPEN",Level,Dry,Not Raining,Daylight,Hit Fixed Object,No Control
Passenger,Male,15,Rear Seat Left Passenger,NotFatal,NotWorn,Medium,NoLicence,4,3 Country,2,off-peak,80,Not Divided,"CURVED, VIEW OPEN",Level,Dry,Not Raining,Daylight,Hit Fixed Object,No Control
Passenger,Female,16,Rear Seat Right Passenger,NotFatal,NotWorn,Medium,NoLicence,4,3 Country,2,off-peak,80,Not Divided,"CURVED, VIEW OPEN",Level,Dry,Not Raining,Daylight,Hit Fixed Object,No Control
Passenger,Male,17,Front Seat Left Passenger,NotFatal,NotWorn,Medium,NoLicence,4,3 Country,2,off-peak,80,Not Divided,"CURVED, VIEW OPEN",Level,Dry,Not Raining,Daylight,Hit Fixed Object,No Control
Driver,Female,53,Driver,NotFatal,Worn,Small,Full,1,2 Metropolitan,2,off-peak,80,Not Divided,"CURVED, VIEW OBSCURED",Slope,Wet,Raining,Daylight,Head On,No Control
Driver,Male,52,Driver,NotFatal,Worn,Utility,Full,1,2 Metropolitan,2,off-peak,60,Not Divided,Straight road,Slope,Wet,Unknown,Daylight,Hit Fixed Object,No Control
Rider,Male,59,NotApplicable,NotFatal,NotWorn,MCycling,NoLicence,1,2 Metropolitan,1,peak,50,Not Divided,"CURVED, VIEW OBSCURED",Level,Dry,Not Raining,Daylight,Roll Over,No Control