cas_type,cas_gender,cas_age,cas_pos_in_veh,fatality,seat_belt,unit_type,lic_type,n_occupants,stat_area,total_units,time,area_speed,acc_pos,hor_align,ver_align,moist_cond,wea_cond,dayNight,crash_type,traf_ctrls
Passenger,Female,25,Front Seat Left Passenger,NotFatal,NotWorn,Small,NoLicence,2,2 Metropolitan,2,peak,60,Cross Road,Straight road,Level,Dry,Not Raining,Daylight,Right Turn,Traffic Signals
Driver,Female,34,Driver,NotFatal,Worn,Small,Full,1,2 Metropolitan,2,off-peak,70,Divided Road,Straight road,Slope,Dry,Not Raining,Daylight,Side Swipe,No Control
Driver,Male,64,Driver,NotFatal,Worn,Large,Full,1,3 Country,2,off-peak,100,Not Divided,Straight road,Level,Dry,Not Raining,Daylight,Roll Over,No Control
Pedestrian,Female,64,NotApplicable,NotFatal,NotWorn,Pedestrian on Road,NoLicence,1,3 Country,2,off-peak,50,Cross Road,Straight road,Level,Dry,Not Raining,Daylight,Hit Pedestrian,Traffic Signals
Driver,Female,31,Driver,NotFatal,Unknown,Medium,Full,1,3 Country,2,off-peak,100,Not Divided,Straight road,Level,Dry,Not Raining,Night,Hit Fixed Object,No Control
Driver,Male,65,Driver,NotFatal,Worn,Small,Full,2,3 Country,2,off-peak,100,Not Divided,"CURVED, VIEW OBSCURED",Crest of Hill,Dry,Not Raining,Daylight,Head On,No Control
Passenger,Female,63,Front Seat Left Passenger,NotFatal,NotWorn,Small,NoLicence,2,3 Country,2,off-peak,100,Not Divided,"CURVED, VIEW OBSCURED",Crest of Hill,Dry,Not Raining,Daylight,Head On,No Control
Driver,Male,62,Driver,Fatal,Worn,Medium,Full,2,3 Country,2,off-peak,100,Not Divided,"CURVED, VIEW OBSCURED",Crest of Hill,Dry,Not Raining,Daylight,Head On,No Control
Passenger,Female,61,Front Seat Left Passenger,NotFatal,NotWorn,Medium,NoLicence,2,3 Country,2,off-peak,100,Not Divided,"CURVED, VIEW OBSCURED",Crest of Hill,Dry,Not Raining,Daylight,Head On,No Control
Rider,Male,43,NotApplicable,NotFatal,NotWorn,PCycling,NoLicence,1,1 City,2,peak,50,Divided Road,Straight road,Level,Dry,Not Raining,Daylight,Side Swipe,No Control
Driver,Female,31,Driver,NotFatal,Worn,Small,Full,1,2 Metropolitan,2,peak,60,T-Junction,Straight road,Level,Dry,Not Raining,Daylight,Right Angle,No Control
Driver,Female,22,Driver,NotFatal,Worn,Small,Full,1,2 Metropolitan,2,off-peak,80,Divided Road,Straight road,Level,Dry,Not Raining,Daylight,Rear End,No Control
Passenger,Female,16,Front Seat Left Passenger,NotFatal,NotWorn,Small,NoLicence,2,2 Metropolitan,4,peak,60,Divided Road,Straight road,Level,Dry,Not Raining,Daylight,Rear End,No Control
Driver,Male,84,Driver,NotFatal,Worn,Small,Full,1,2 Metropolitan,3,off-peak,50,Not Divided,Straight road,Slope,Dry,Not Raining,Daylight,Hit Parked Vehicle,No Control
Driver,Male,21,Driver,NotFatal,Worn,Small,Provisional 2,1,2 Metropolitan,2,off-peak,60,Divided Road,Straight road,Crest of Hill,Dry,Not Raining,Night,Right Turn,No Control
Driver,Male,36,Driver,NotFatal,Worn,Small,Full,3,2 Metropolitan,2,off-peak,60,Divided Road,Straight road,Crest of Hill,Dry,Not Raining,Night,Right Turn,No Control
Passenger,Male,4,Rear Seat Left Passenger,NotFatal,NotWorn,Small,NoLicence,3,2 Metropolitan,2,off-peak,60,Divided Road,Straight road,Crest of Hill,Dry,Not Raining,Night,Right Turn,No Control
Passenger,Female,28,Front Seat Left Passenger,NotFatal,NotWorn,Small,NoLicence,3,2 Metropolitan,2,off-peak,60,Divided Road,Straight road,Crest of Hill,Dry,Not Raining,Night,Right Turn,No Control
Driver,Female,33,Driver,NotFatal,Worn,Small,Full,1,2 Metropolitan,2,off-peak,70,Cross Road,Straight road,Level,Dry,Not Raining,Night,Right Turn,Traffic Signals
Driver,Male,62,Driver,NotFatal,Worn,Small,Full,1,2 Metropolitan,2,off-peak,80,Cross Road,Straight road,Level,Dry,Not Raining,Daylight,Right Angle,Stop Sign
Driver,Female,63,Driver,NotFatal,Worn,Small,Full,3,2 Metropolitan,2,off-peak,50,T-Junction,Straight road,Level,Dry,Not Raining,Daylight,Right Turn,No Control
Driver,Female,36,Driver,NotFatal,Worn,Small,Full,3,1 City,2,off-peak,50,Pedestrian Crossing,Straight road,Level,Dry,Not Raining,Daylight,Rear End,Traffic Signals
Driver,Male,43,Driver,NotFatal,Unknown,Medium,Full,1,2 Metropolitan,2,peak,60,T-Junction,Straight road,Level,Dry,Not Raining,Daylight,Hit Fixed Object,No Control
Driver,Male,27,Driver,NotFatal,Worn,Small,Full,3,3 Country,2,off-peak,100,T-Junction,Straight road,Slope,Dry,Not Raining,Daylight,Right Turn,Give Way Sign
Passenger,Female,25,Rear Seat Right Passenger,Fatal,NotWorn,Small,NoLicence,3,3 Country,2,off-peak,100,T-Junction,Straight road,Slope,Dry,Not Raining,Daylight,Right Turn,Give Way Sign
Passenger,Male,24,Front Seat Left Passenger,NotFatal,NotWorn,Small,NoLicence,3,3 Country,2,off-peak,100,T-Junction,Straight road,Slope,Dry,Not Raining,Daylight,Right Turn,Give Way Sign
Passenger,Male,39.88915925,Front Seat Left Passenger,NotFatal,NotWorn,Medium,NoLicence,2,2 Metropolitan,2,off-peak,60,Cross Road,Straight road,Level,Dry,Not Raining,Daylight,Rear End,Stop Sign
Driver,Female,49,Driver,NotFatal,Worn,Small,Full,1,2 Metropolitan,2,off-peak,50,Cross Road,Straight road,Level,Dry,Not Raining,Daylight,Rear End,Give Way Sign
Driver,Female,61,Driver,NotFatal,Worn,Utility,Full,1,3 Country,3,off-peak,100,Not Divided,"CURVED, VIEW OBSCURED",Level,Dry,Not Raining,Daylight,Rear End,No Control
Driver,Female,33,Driver,NotFatal,Worn,Small,Full,2,2 Metropolitan,2,off-peak,100,T-Junction,Straight road,Crest of Hill,Dry,Not Raining,Night,Hit Fixed Object,Stop Sign
Passenger,Female,14,Front Seat Left Passenger,NotFatal,NotWorn,Small,NoLicence,2,2 Metropolitan,2,off-peak,100,T-Junction,Straight road,Crest of Hill,Dry,Not Raining,Night,Hit Fixed Object,Stop Sign
Driver,Female,23,Driver,NotFatal,Worn,Medium,Full,1,2 Metropolitan,2,off-peak,60,Divided Road,Straight road,Level,Dry,Not Raining,Daylight,Rear End,No Control
Passenger,Male,39.88915925,Rear Seat Middle Passenger,NotFatal,NotWorn,Medium,NoLicence,5,3 Country,2,peak,110,Cross Road,"CURVED, VIEW OPEN",Level,Dry,Not Raining,Daylight,Right Angle,Give Way Sign
Passenger,Female,4,Rear Seat Left Passenger,NotFatal,NotWorn,Medium,NoLicence,5,3 Country,2,peak,110,Cross Road,"CURVED, VIEW OPEN",Level,Dry,Not Raining,Daylight,Right Angle,Give Way Sign
Passenger,Female,39,Front Seat Left Passenger,NotFatal,NotWorn,Medium,NoLicence,5,3 Country,2,peak,110,Cross Road,"CURVED, VIEW OPEN",Level,Dry,Not Raining,Daylight,Right Angle,Give Way Sign
Passenger,Female,2,Rear Seat Right Passenger,NotFatal,NotWorn,Medium,NoLicence,5,3 Country,2,peak,110,Cross Road,"CURVED, VIEW OPEN",Level,Dry,Not Raining,Daylight,Right Angle,Give Way Sign
Driver,Female,36,Driver,NotFatal,Worn,Medium,Full,3,3 Country,2,peak,110,Cross Road,"CURVED, VIEW OPEN",Level,Dry,Not Raining,Daylight,Right Angle,Give Way Sign
Passenger,Female,66,Rear Seat Right Passenger,NotFatal,NotWorn,Medium,NoLicence,3,3 Country,2,peak,110,Cross Road,"CURVED, VIEW OPEN",Level,Dry,Not Raining,Daylight,Right Angle,Give Way Sign
Passenger,Female,11,Front Seat Left Passenger,NotFatal,NotWorn,Medium,NoLicence,3,3 Country,2,peak,110,Cross Road,"CURVED, VIEW OPEN",Level,Dry,Not Raining,Daylight,Right Angle,Give Way Sign
Driver,Male,32,Driver,NotFatal,Worn,Utility,Full,1,2 Metropolitan,7,peak,60,Divided Road,Straight road,Level,Dry,Not Raining,Daylight,Rear End,No Control
Driver,Male,35,Driver,NotFatal,Unknown,Small,Full,1,2 Metropolitan,2,off-peak,80,Divided Road,Straight road,Crest of Hill,Dry,Not Raining,Night,Side Swipe,No Control
Pedestrian,Female,76,NotApplicable,NotFatal,NotWorn,Pedestrian on Road,NoLicence,1,2 Metropolitan,2,off-peak,50,Pedestrian Crossing,Straight road,Level,Dry,Not Raining,Daylight,Hit Pedestrian,No Control
Rider,Male,44,NotApplicable,NotFatal,NotWorn,PCycling,NoLicence,1,2 Metropolitan,2,off-peak,60,Divided Road,Straight road,Level,Dry,Not Raining,Daylight,Side Swipe,No Control
Driver,Male,81,Driver,NotFatal,Worn,Small,Full,2,2 Metropolitan,3,off-peak,70,Cross Road,Straight road,Level,Dry,Not Raining,Daylight,Rear End,Traffic Signals
Passenger,Female,70,Front Seat Left Passenger,NotFatal,NotWorn,Small,NoLicence,2,2 Metropolitan,3,off-peak,70,Cross Road,Straight road,Level,Dry,Not Raining,Daylight,Rear End,Traffic Signals
Driver,Male,66,Driver,NotFatal,Worn,Medium,Full,4,2 Metropolitan,3,off-peak,70,Cross Road,Straight road,Level,Dry,Not Raining,Daylight,Rear End,Traffic Signals
Passenger,Female,65,Front Seat Left Passenger,NotFatal,NotWorn,Medium,NoLicence,4,2 Metropolitan,3,off-peak,70,Cross Road,Straight road,Level,Dry,Not Raining,Daylight,Rear End,Traffic Signals
Passenger,Female,4,Rear Seat Left Passenger,NotFatal,NotWorn,Medium,NoLicence,4,2 Metropolitan,3,off-peak,70,Cross Road,Straight road,Level,Dry,Not Raining,Daylight,Rear End,Traffic Signals
Passenger,Female,6,Rear Seat Right Passenger,NotFatal,NotWorn,Medium,NoLicence,4,2 Metropolitan,3,off-peak,70,Cross Road,Straight road,Level,Dry,Not Raining,Daylight,Rear End,Traffic Signals
Driver,Female,45,Driver,NotFatal,Worn,Small,Full,1,2 Metropolitan,3,off-peak,80,Divided Road,Straight road,Level,Dry,Not Raining,Daylight,Rear End,No Control
Driver,Male,19,Driver,NotFatal,Worn,Small,Provisional 1 ,1,2 Metropolitan,2,off-peak,80,Cross Road,Straight road,Level,Dry,Not Raining,Night,Rear End,Traffic Signals
Driver,Female,29,Driver,NotFatal,Worn,Small,Provisional 1 ,1,2 Metropolitan,2,off-peak,50,Not Divided,"CURVED, VIEW OBSCURED",Level,Dry,Not Raining,Daylight,Hit Fixed Object,No Control
Driver,Male,45,Driver,NotFatal,Worn,Small,Full,1,2 Metropolitan,2,off-peak,50,T-Junction,Straight road,Level,Dry,Not Raining,Daylight,Right Angle,No Control
Rider,Male,45,NotApplicable,NotFatal,NotWorn,MCycling,NoLicence,1,2 Metropolitan,1,peak,60,Cross Road,Straight road,Slope,Dry,Not Raining,Daylight,Roll Over,Roundabout
Rider,Female,62,NotApplicable,NotFatal,NotWorn,PCycling,NoLicence,1,2 Metropolitan,2,peak,60,Divided Road,Straight road,Level,Dry,Not Raining,Daylight,Hit Object on Road,No Control
Driver,Male,22,Driver,NotFatal,Worn,Utility,Provisional 2,1,3 Country,2,off-peak,110,Not Divided,"CURVED, VIEW OPEN",Level,Dry,Not Raining,Daylight,Hit Animal,No Control
Driver,Male,19,Driver,NotFatal,Worn,Utility,Provisional 1 ,1,3 Country,2,off-peak,50,Not Divided,"CURVED, VIEW OPEN",Level,Dry,Not Raining,Daylight,Hit Fixed Object,No Control
Driver,Female,65,Driver,NotFatal,Worn,Small,Full,1,2 Metropolitan,3,peak,60,Divided Road,Straight road,Level,Dry,Not Raining,Daylight,Rear End,No Control
Driver,Female,71,Driver,NotFatal,Worn,Small,Full,2,2 Metropolitan,3,peak,60,Cross Road,Straight road,Level,Dry,Not Raining,Daylight,Hit Parked Vehicle,Roundabout
Passenger,Male,46,Front Seat Left Passenger,NotFatal,NotWorn,Small,NoLicence,2,2 Metropolitan,3,peak,60,Cross Road,Straight road,Level,Dry,Not Raining,Daylight,Hit Parked Vehicle,Roundabout
Driver,Male,20,Driver,NotFatal,Worn,Small,Provisional 2,1,2 Metropolitan,3,off-peak,60,Divided Road,Straight road,Level,Dry,Not Raining,Daylight,Rear End,No Control
Driver,Male,64,Driver,NotFatal,Worn,Small,Full,2,2 Metropolitan,3,off-peak,60,Divided Road,Straight road,Level,Dry,Not Raining,Daylight,Rear End,No Control
Driver,Female,29,Driver,NotFatal,Worn,Medium,Full,4,2 Metropolitan,2,off-peak,60,T-Junction,Straight road,Level,Dry,Not Raining,Night,Right Angle,No Control
Passenger,Male,31,Front Seat Left Passenger,NotFatal,NotWorn,Medium,NoLicence,4,2 Metropolitan,2,off-peak,60,T-Junction,Straight road,Level,Dry,Not Raining,Night,Right Angle,No Control
Passenger,Male,33,Rear Seat Right Passenger,NotFatal,NotWorn,Medium,NoLicence,4,2 Metropolitan,2,off-peak,60,T-Junction,Straight road,Level,Dry,Not Raining,Night,Right Angle,No Control
Driver,Female,26,Driver,NotFatal,Worn,Small,Full,1,2 Metropolitan,2,off-peak,60,Cross Road,Straight road,Level,Wet,Raining,Daylight,Hit Fixed Object,Traffic Signals
Driver,Female,37,Driver,NotFatal,Worn,Small,Full,1,2 Metropolitan,2,off-peak,60,Divided Road,Straight road,Level,Wet,Raining,Daylight,Hit Fixed Object,No Control
Driver,Female,72,Driver,NotFatal,Worn,Small,Full,1,2 Metropolitan,3,off-peak,60,Divided Road,Straight road,Level,Dry,Not Raining,Daylight,Hit Fixed Object,No Control
Rider,Male,53,NotApplicable,NotFatal,NotWorn,MCycling,NoLicence,1,2 Metropolitan,2,off-peak,60,T-Junction,"CURVED, VIEW OPEN",Slope,Dry,Not Raining,Daylight,Rear End,Give Way Sign
Driver,Male,53,Driver,NotFatal,Worn,Small,Full,2,3 Country,1,peak,110,Divided Road,Straight road,Level,Dry,Not Raining,Daylight,Roll Over,No Control
Passenger,Male,26,Front Seat Left Passenger,NotFatal,NotWorn,Small,NoLicence,2,3 Country,1,peak,110,Divided Road,Straight road,Level,Dry,Not Raining,Daylight,Roll Over,No Control
Driver,Female,18,Driver,NotFatal,Worn,Small,Provisional 1 ,1,2 Metropolitan,2,off-peak,50,Cross Road,Straight road,Level,Dry,Not Raining,Daylight,Right Angle,Roundabout
Driver,Male,19,Driver,Fatal,Worn,Small,Provisional 1 ,1,2 Metropolitan,2,peak,50,Not Divided,"CURVED, VIEW OPEN",Level,Dry,Not Raining,Daylight,Hit Fixed Object,No Control
Driver,Male,37,Driver,NotFatal,Worn,Small,Full,1,3 Country,2,off-peak,110,Not Divided,Straight road,Level,Dry,Not Raining,Night,Hit Fixed Object,No Control
Driver,Female,61,Driver,NotFatal,Worn,Small,Full,1,2 Metropolitan,2,off-peak,60,T-Junction,Straight road,Level,Wet,Raining,Daylight,Right Angle,Stop Sign
Driver,Female,30,Driver,NotFatal,Worn,Small,Full,2,2 Metropolitan,5,off-peak,60,T-Junction,Straight road,Level,Wet,Raining,Daylight,Rear End,No Control
Driver,Female,28,Driver,NotFatal,NotWorn,Medium,Unlicenced,1,3 Country,2,off-peak,50,Not Divided,Straight road,Level,Wet,Raining,Daylight,Hit Fixed Object,No Control
Driver,Female,23,Driver,NotFatal,Worn,Small,Full,1,2 Metropolitan,3,off-peak,80,T-Junction,Straight road,Level,Dry,Not Raining,Daylight,Right Turn,No Control
Driver,Male,19,Driver,NotFatal,Worn,Small,Provisional 2,2,2 Metropolitan,3,off-peak,80,T-Junction,Straight road,Level,Dry,Not Raining,Daylight,Right Turn,No Control
Passenger,Female,19,Front Seat Left Passenger,NotFatal,NotWorn,Small,NoLicence,2,2 Metropolitan,3,off-peak,80,T-Junction,Straight road,Level,Dry,Not Raining,Daylight,Right Turn,No Control
Driver,Female,40,Driver,NotFatal,Worn,Medium,Full,1,2 Metropolitan,3,off-peak,80,T-Junction,Straight road,Level,Dry,Not Raining,Daylight,Right Turn,No Control
Passenger,Male,14,Rear Seat Left Passenger,NotFatal,NotWorn,Utility,NoLicence,5,3 Country,2,off-peak,100,Not Divided,Straight road,Level,Dry,Not Raining,Daylight,Hit Parked Vehicle,No Control
Passenger,Male,14,Rear Seat Right Passenger,NotFatal,NotWorn,Utility,NoLicence,5,3 Country,2,off-peak,100,Not Divided,Straight road,Level,Dry,Not Raining,Daylight,Hit Parked Vehicle,No Control
Passenger,Female,14,Rear Seat Left Passenger,NotFatal,NotWorn,Medium,NoLicence,9,3 Country,2,off-peak,100,Not Divided,Straight road,Level,Dry,Not Raining,Daylight,Hit Parked Vehicle,No Control
Passenger,Male,14,Rear Seat Middle Passenger,NotFatal,NotWorn,Medium,NoLicence,9,3 Country,2,off-peak,100,Not Divided,Straight road,Level,Dry,Not Raining,Daylight,Hit Parked Vehicle,No Control
Passenger,Male,14,Front Seat Left Passenger,NotFatal,NotWorn,Medium,NoLicence,9,3 Country,2,off-peak,100,Not Divided,Straight road,Level,Dry,Not Raining,Daylight,Hit Parked Vehicle,No Control
Passenger,Female,16,Front Seat Middle Passenger,NotFatal,NotWorn,Medium,NoLicence,9,3 Country,2,off-peak,100,Not Divided,Straight road,Level,Dry,Not Raining,Daylight,Hit Parked Vehicle,No Control
Driver,Female,41,Driver,NotFatal,Worn,Small,Full,1,2 Metropolitan,2,off-peak,60,Divided Road,Straight road,Level,Dry,Not Raining,Daylight,Rear End,No Control
Passenger,Female,46,Passenger of Motorcycle,NotFatal,NotWorn,PCycling,NoLicence,2,2 Metropolitan,2,off-peak,60,Divided Road,Straight road,Level,Dry,Not Raining,Daylight,Side Swipe,No Control
Pedestrian,Male,42,NotApplicable,NotFatal,NotWorn,Pedestrian on Road,NoLicence,1,2 Metropolitan,2,off-peak,50,Not Divided,Straight road,Level,Dry,Not Raining,Night,Hit Pedestrian,No Control
Rider,Male,21,NotApplicable,NotFatal,NotWorn,MCycling,NoLicence,1,2 Metropolitan,2,off-peak,50,Cross Road,Straight road,Level,Dry,Not Raining,Night,Right Angle,Roundabout
Driver,Male,35,Driver,NotFatal,Unknown,Medium,Full,1,2 Metropolitan,4,off-peak,50,Not Divided,Straight road,Level,Dry,Not Raining,Night,Hit Fixed Object,No Control
Driver,Male,27,Driver,NotFatal,Worn,Small,Unlicenced,1,2 Metropolitan,1,off-peak,80,Not Divided,Straight road,Level,Dry,Not Raining,Night,Roll Over,No Control
Rider,Male,42,NotApplicable,NotFatal,NotWorn,PCycling,NoLicence,1,2 Metropolitan,2,off-peak,60,Not Divided,Straight road,Level,Dry,Not Raining,Daylight,Rear End,No Control
Passenger,Female,41,Front Seat Left Passenger,NotFatal,NotWorn,Medium,NoLicence,4,3 Country,1,peak,100,Not Divided,"CURVED, VIEW OPEN",Level,Dry,Not Raining,Daylight,Roll Over,No Control
Driver,Male,86,Driver,NotFatal,Worn,Small,Full,4,2 Metropolitan,3,peak,60,Divided Road,Straight road,Level,Dry,Not Raining,Daylight,Rear End,No Control
Rider,Male,66,NotApplicable,NotFatal,NotWorn,PCycling,NoLicence,1,2 Metropolitan,2,off-peak,60,Not Divided,"CURVED, VIEW OBSCURED",Slope,Dry,Not Raining,Daylight,Hit Fixed Object,No Control
Driver,Male,45,Driver,NotFatal,Worn,Medium,Full,8,3 Country,2,off-peak,50,Cross Road,Straight road,Level,Dry,Not Raining,Daylight,Right Angle,Stop Sign
Passenger,Female,10,Rear Seat Right Passenger,NotFatal,NotWorn,Medium,NoLicence,8,3 Country,2,off-peak,50,Cross Road,Straight road,Level,Dry,Not Raining,Daylight,Right Angle,Stop Sign
Passenger,Male,4,Front Seat Left Passenger,NotFatal,NotWorn,Medium,NoLicence,8,3 Country,2,off-peak,50,Cross Road,Straight road,Level,Dry,Not Raining,Daylight,Right Angle,Stop Sign
Rider,Male,31,NotApplicable,NotFatal,NotWorn,MCycling,NoLicence,1,2 Metropolitan,2,off-peak,80,Not Divided,"CURVED, VIEW OPEN",Slope,Dry,Not Raining,Daylight,Hit Fixed Object,No Control
Driver,Female,22,Driver,NotFatal,Worn,Small,Provisional 2,1,2 Metropolitan,4,peak,80,Freeway,"CURVED, VIEW OPEN",Slope,Dry,Not Raining,Daylight,Hit Fixed Object,No Control
Passenger,Female,83,Front Seat Left Passenger,NotFatal,NotWorn,Small,NoLicence,2,2 Metropolitan,2,off-peak,50,Not Divided,Straight road,Level,Dry,Not Raining,Daylight,Hit Parked Vehicle,No Control
Driver,Female,21,Driver,NotFatal,Worn,Small,Full,1,2 Metropolitan,2,off-peak,60,Cross Road,Straight road,Level,Dry,Not Raining,Night,Right Turn,Traffic Signals
Driver,Female,17,Driver,NotFatal,Worn,Small,Provisional 1 ,2,2 Metropolitan,2,off-peak,60,Cross Road,Straight road,Level,Dry,Not Raining,Night,Right Turn,Traffic Signals
Passenger,Female,17,Front Seat Left Passenger,NotFatal,NotWorn,Small,NoLicence,2,2 Metropolitan,2,off-peak,60,Cross Road,Straight road,Level,Dry,Not Raining,Night,Right Turn,Traffic Signals
Driver,Male,49,Driver,Fatal,Worn,Utility,Full,1,3 Country,2,off-peak,110,Not Divided,"CURVED, VIEW OPEN",Level,Dry,Not Raining,Night,Head On,No Control
Driver,Male,34,Driver,NotFatal,Worn,Medium,Full,1,2 Metropolitan,2,off-peak,80,T-Junction,Straight road,Level,Dry,Not Raining,Night,Right Turn,Traffic Signals
Driver,Female,68,Driver,NotFatal,Worn,Small,Full,1,2 Metropolitan,3,peak,40,Divided Road,Straight road,Level,Dry,Not Raining,Daylight,Rear End,No Control
Rider,Female,43,NotApplicable,NotFatal,NotWorn,PCycling,NoLicence,1,2 Metropolitan,1,off-peak,80,Not Divided,"CURVED, VIEW OBSCURED",Slope,Dry,Not Raining,Daylight,Roll Over,No Control
Driver,Female,39,Driver,NotFatal,Worn,Utility,Full,1,2 Metropolitan,2,off-peak,60,T-Junction,Straight road,Level,Dry,Not Raining,Daylight,Right Angle,Traffic Signals
Driver,Female,26,Driver,NotFatal,Worn,Small,Learners,2,2 Metropolitan,2,peak,50,Not Divided,Straight road,Level,Dry,Not Raining,Daylight,Rear End,No Control
Rider,Male,25,NotApplicable,NotFatal,NotWorn,MCycling,NoLicence,1,3 Country,2,peak,50,T-Junction,Straight road,Level,Dry,Not Raining,Daylight,Right Angle,Give Way Sign
Rider,Male,52,NotApplicable,NotFatal,NotWorn,MCycling,NoLicence,1,2 Metropolitan,2,peak,60,Cross Road,Straight road,Level,Dry,Not Raining,Daylight,Rear End,Roundabout
Driver,Male,83,Driver,NotFatal,Worn,Small,Full,1,2 Metropolitan,2,off-peak,60,Divided Road,Straight road,Level,Dry,Not Raining,Daylight,Hit Parked Vehicle,No Control
Driver,Male,79,Driver,NotFatal,Worn,Small,Full,2,2 Metropolitan,2,off-peak,60,Divided Road,Straight road,Level,Dry,Not Raining,Daylight,Rear End,No Control
Driver,Female,28,Driver,NotFatal,Worn,Small,Full,1,2 Metropolitan,2,peak,60,Divided Road,Straight road,Level,Dry,Not Raining,Daylight,Rear End,No Control
Rider,Male,39,NotApplicable,NotFatal,NotWorn,PCycling,NoLicence,1,2 Metropolitan,2,off-peak,60,Not Divided,"CURVED, VIEW OBSCURED",Slope,Dry,Not Raining,Daylight,Head On,No Control
Driver,Male,28,Driver,NotFatal,Worn,Small,Full,1,2 Metropolitan,2,off-peak,80,Divided Road,Straight road,Level,Dry,Not Raining,Night,Hit Fixed Object,No Control
Driver,Male,53,Driver,NotFatal,Worn,Utility,Full,1,3 Country,2,peak,100,Cross Road,Straight road,Level,Dry,Not Raining,Daylight,Right Angle,Give Way Sign
Rider,Male,23,NotApplicable,NotFatal,NotWorn,PCycling,NoLicence,1,2 Metropolitan,2,off-peak,50,Not Divided,"CURVED, VIEW OPEN",Slope,Dry,Not Raining,Daylight,Right Angle,No Control
Driver,Male,21,Driver,NotFatal,Worn,Small,Provisional 1 ,1,3 Country,2,off-peak,80,Cross Road,Straight road,Level,Dry,Not Raining,Daylight,Right Angle,Stop Sign
Driver,Male,85,Driver,NotFatal,Worn,Small,Full,1,2 Metropolitan,3,off-peak,60,Divided Road,Straight road,Level,Dry,Not Raining,Daylight,Right Angle,No Control
Rider,Male,39,NotApplicable,NotFatal,NotWorn,PCycling,NoLicence,1,2 Metropolitan,2,off-peak,50,Cross Road,Straight road,Level,Dry,Not Raining,Daylight,Right Angle,Roundabout
Rider,Male,52,NotApplicable,NotFatal,NotWorn,PCycling,NoLicence,1,2 Metropolitan,2,peak,60,T-Junction,Straight road,Level,Dry,Not Raining,Daylight,Right Turn,Stop Sign
Driver,Male,27,Driver,NotFatal,Unknown,Utility,Full,1,3 Country,3,peak,110,Divided Road,Straight road,Level,Dry,Not Raining,Daylight,Rear End,No Control
Rider,Male,42,NotApplicable,NotFatal,NotWorn,PCycling,NoLicence,1,2 Metropolitan,3,off-peak,80,T-Junction,"CURVED, VIEW OPEN",Slope,Dry,Not Raining,Daylight,Right Angle,No Control
Rider,Male,40,NotApplicable,NotFatal,NotWorn,PCycling,NoLicence,1,2 Metropolitan,3,off-peak,80,T-Junction,"CURVED, VIEW OPEN",Slope,Dry,Not Raining,Daylight,Right Angle,No Control
Driver,Female,77,Driver,NotFatal,Worn,Small,Full,2,2 Metropolitan,2,off-peak,60,T-Junction,Straight road,Level,Dry,Not Raining,Daylight,Right Turn,Traffic Signals
Passenger,Male,39.88915925,Front Seat Left Passenger,NotFatal,NotWorn,Small,NoLicence,2,2 Metropolitan,2,off-peak,60,T-Junction,Straight road,Level,Dry,Not Raining,Daylight,Right Turn,Traffic Signals
Rider,Male,18,NotApplicable,NotFatal,NotWorn,PCycling,NoLicence,1,2 Metropolitan,2,off-peak,60,T-Junction,"CURVED, VIEW OPEN",Level,Dry,Not Raining,Daylight,Right Angle,Roundabout
Driver,Female,34,Driver,NotFatal,Worn,Small,Full,1,2 Metropolitan,2,off-peak,60,Divided Road,Straight road,Slope,Dry,Not Raining,Daylight,Rear End,No Control
Rider,Male,23,NotApplicable,NotFatal,NotWorn,MCycling,NoLicence,1,2 Metropolitan,2,peak,60,Cross Road,Straight road,Level,Dry,Not Raining,Daylight,Right Turn,Stop Sign
Driver,Female,30,Driver,NotFatal,Worn,Small,Full,1,2 Metropolitan,2,peak,60,Pedestrian Crossing,Straight road,Level,Dry,Not Raining,Daylight,Rear End,Traffic Signals
Driver,Female,30,Driver,NotFatal,Worn,Medium,Provisional 2,1,3 Country,2,off-peak,60,T-Junction,"CURVED, VIEW OPEN",Crest of Hill,Dry,Not Raining,Daylight,Right Turn,No Control
Pedestrian,Female,36,NotApplicable,NotFatal,NotWorn,Pedestrian on Road,NoLicence,1,2 Metropolitan,3,peak,60,Pedestrian Crossing,Straight road,Level,Dry,Not Raining,Daylight,Hit Pedestrian,Traffic Signals
Driver,Male,17,Driver,NotFatal,Worn,Small,Provisional 1 ,1,2 Metropolitan,2,off-peak,80,Divided Road,Straight road,Level,Dry,Not Raining,Night,Hit Fixed Object,No Control
Driver,Male,74,Driver,NotFatal,Worn,Utility,Full,1,2 Metropolitan,2,peak,80,Not Divided,"CURVED, VIEW OBSCURED",Level,Dry,Not Raining,Daylight,Head On,No Control
Driver,Female,17,Driver,NotFatal,Worn,Small,Provisional 1 ,1,2 Metropolitan,2,peak,100,Not Divided,"CURVED, VIEW OBSCURED",Level,Dry,Not Raining,Daylight,Hit Fixed Object,No Control
Driver,Female,33,Driver,NotFatal,Worn,Small,Full,1,2 Metropolitan,3,peak,60,Divided Road,Straight road,Level,Dry,Not Raining,Daylight,Rear End,No Control
Passenger,Female,27,Front Seat Left Passenger,NotFatal,NotWorn,Medium,NoLicence,2,2 Metropolitan,3,peak,60,Divided Road,Straight road,Level,Dry,Not Raining,Daylight,Rear End,No Control