cas_type,cas_gender,cas_age,cas_pos_in_veh,fatality,seat_belt,unit_type,lic_type,n_occupants,stat_area,total_units,time,area_speed,acc_pos,hor_align,ver_align,moist_cond,wea_cond,dayNight,crash_type,traf_ctrls
Driver,Male,37,Driver,NotFatal,Worn,Small,Full,4,2 Metropolitan,2,peak,50,T-Junction,Straight road,Level,Dry,Not Raining,Daylight,Rear End,Stop Sign
Passenger,Female,39.88915925,Front Seat Left Passenger,NotFatal,NotWorn,Small,NoLicence,4,2 Metropolitan,2,peak,50,T-Junction,Straight road,Level,Dry,Not Raining,Daylight,Rear End,Stop Sign
Passenger,Female,9,Rear Seat Right Passenger,NotFatal,NotWorn,Small,NoLicence,4,2 Metropolitan,2,peak,50,T-Junction,Straight road,Level,Dry,Not Raining,Daylight,Rear End,Stop Sign
Rider,Male,45,NotApplicable,NotFatal,NotWorn,PCycling,NoLicence,1,2 Metropolitan,2,peak,80,Not Divided,"CURVED, VIEW OBSCURED",Slope,Dry,Not Raining,Daylight,Head On,No Control
Driver,Male,45,Driver,NotFatal,Worn,Small,Full,1,2 Metropolitan,2,off-peak,60,Cross Road,Straight road,Level,Wet,Raining,Daylight,Right Turn,Traffic Signals
Driver,Male,21,Driver,NotFatal,Worn,Small,Full,1,2 Metropolitan,2,off-peak,60,Cross Road,Straight road,Level,Wet,Raining,Daylight,Right Turn,Traffic Signals
Pedestrian,Male,4,NotApplicable,NotFatal,NotWorn,Pedestrian on Footpath/Carpark,NoLicence,1,2 Metropolitan,2,off-peak,10,Other,Straight road,Level,Dry,Not Raining,Daylight,Hit Pedestrian,No Control
Rider,Male,51,NotApplicable,NotFatal,NotWorn,PCycling,NoLicence,1,2 Metropolitan,1,off-peak,60,T-Junction,Straight road,Level,Dry,Not Raining,Night,Roll Over,No Control
Rider,Male,9,NotApplicable,NotFatal,NotWorn,PCycling,NoLicence,1,2 Metropolitan,2,off-peak,50,T-Junction,Straight road,Slope,Dry,Not Raining,Daylight,Right Angle,No Control
Pedestrian,Male,40,NotApplicable,NotFatal,NotWorn,Pedestrian on Road,NoLicence,1,3 Country,2,off-peak,50,Not Divided,Straight road,Level,Dry,Not Raining,Daylight,Hit Pedestrian,No Control
Driver,Female,30,Driver,NotFatal,Worn,Small,Full,2,2 Metropolitan,2,off-peak,60,Cross Road,Straight road,Level,Dry,Not Raining,Daylight,Side Swipe,Traffic Signals
Driver,Female,50,Driver,NotFatal,Worn,Medium,Full,2,3 Country,2,off-peak,80,Not Divided,Straight road,Level,Dry,Not Raining,Daylight,Hit Fixed Object,No Control
Driver,Male,49,Driver,NotFatal,Worn,Small,Full,2,2 Metropolitan,2,peak,60,Cross Road,Straight road,Level,Dry,Not Raining,Daylight,Rear End,Traffic Signals
Driver,Female,18,Driver,NotFatal,Worn,Small,Provisional 2,2,3 Country,2,off-peak,100,Not Divided,Straight road,Level,Dry,Not Raining,Daylight,Roll Over,No Control
Passenger,Male,17,Front Seat Left Passenger,NotFatal,NotWorn,Small,NoLicence,2,3 Country,2,off-peak,100,Not Divided,Straight road,Level,Dry,Not Raining,Daylight,Roll Over,No Control
Driver,Female,81,Driver,NotFatal,Worn,Small,Full,1,3 Country,2,peak,80,Not Divided,Straight road,Level,Dry,Not Raining,Daylight,Head On,No Control
Driver,Female,19,Driver,NotFatal,Worn,Small,Full,1,2 Metropolitan,2,off-peak,60,Multiple,Straight road,Slope,Dry,Not Raining,Daylight,Right Turn,Traffic Signals
Driver,Female,50,Driver,NotFatal,Worn,Small,Full,2,2 Metropolitan,2,off-peak,50,T-Junction,Straight road,Level,Dry,Not Raining,Daylight,Right Angle,No Control
Rider,Male,45,NotApplicable,NotFatal,NotWorn,PCycling,NoLicence,1,1 City,2,peak,50,Cross Road,Straight road,Level,Dry,Not Raining,Daylight,Side Swipe,Traffic Signals
Driver,Female,38,Driver,NotFatal,Worn,Small,Full,1,2 Metropolitan,2,peak,60,Cross Road,Straight road,Level,Dry,Not Raining,Daylight,Hit Fixed Object,Traffic Signals
Driver,Female,31,Driver,NotFatal,Worn,Small,Full,1,2 Metropolitan,3,off-peak,100,Not Divided,"CURVED, VIEW OPEN",Slope,Dry,Not Raining,Daylight,Hit Parked Vehicle,No Control
Driver,Male,66,Driver,NotFatal,NotWorn,Medium,Full,1,2 Metropolitan,3,off-peak,100,Not Divided,"CURVED, VIEW OPEN",Slope,Dry,Not Raining,Daylight,Hit Parked Vehicle,No Control
Driver,Female,23,Driver,NotFatal,Worn,Small,Full,1,2 Metropolitan,2,peak,50,Cross Road,Straight road,Level,Dry,Not Raining,Daylight,Right Angle,No Control
Driver,Male,66,Driver,NotFatal,Worn,Small,Full,1,2 Metropolitan,2,off-peak,50,T-Junction,"CURVED, VIEW OPEN",Level,Dry,Not Raining,Daylight,Right Angle,Stop Sign
Driver,Male,78,Driver,NotFatal,Worn,Small,Full,2,3 Country,2,peak,60,T-Junction,Straight road,Level,Dry,Not Raining,Daylight,Right Angle,No Control
Rider,Male,43,NotApplicable,NotFatal,NotWorn,PCycling,NoLicence,1,2 Metropolitan,1,peak,50,T-Junction,Straight road,Level,Dry,Not Raining,Daylight,Roll Over,No Control
Passenger,Female,44,Front Seat Left Passenger,NotFatal,NotWorn,Medium,NoLicence,5,3 Country,3,off-peak,110,Not Divided,"CURVED, VIEW OBSCURED",Level,Dry,Not Raining,Daylight,Right Angle,No Control
Driver,Female,75,Driver,NotFatal,Worn,Small,Full,1,3 Country,2,off-peak,110,Not Divided,"CURVED, VIEW OPEN",Level,Dry,Not Raining,Daylight,Hit Fixed Object,No Control
Driver,Female,45,Driver,NotFatal,Worn,Small,Full,1,3 Country,2,off-peak,100,Not Divided,Straight road,Level,Dry,Not Raining,Night,Hit Fixed Object,No Control
Driver,Male,17,Driver,NotFatal,Worn,Small,Provisional 1 ,3,3 Country,2,off-peak,80,Not Divided,"CURVED, VIEW OPEN",Level,Dry,Not Raining,Night,Hit Fixed Object,No Control
Passenger,Female,15,Front Seat Left Passenger,NotFatal,NotWorn,Small,NoLicence,3,3 Country,2,off-peak,80,Not Divided,"CURVED, VIEW OPEN",Level,Dry,Not Raining,Night,Hit Fixed Object,No Control
Passenger,Female,16,Rear Seat Right Passenger,NotFatal,NotWorn,Small,NoLicence,3,3 Country,2,off-peak,80,Not Divided,"CURVED, VIEW OPEN",Level,Dry,Not Raining,Night,Hit Fixed Object,No Control
Driver,Female,39,Driver,NotFatal,Worn,Medium,Full,1,2 Metropolitan,3,off-peak,60,Divided Road,Straight road,Level,Dry,Not Raining,Daylight,Rear End,No Control
Rider,Male,41,NotApplicable,NotFatal,NotWorn,PCycling,NoLicence,1,3 Country,2,off-peak,50,T-Junction,Straight road,Level,Dry,Not Raining,Night,Right Angle,Give Way Sign
Driver,Female,54,Driver,NotFatal,Worn,Medium,Full,2,2 Metropolitan,2,off-peak,60,Divided Road,Straight road,Level,Dry,Not Raining,Daylight,Rear End,No Control
Passenger,Female,10,Rear Seat Right Passenger,NotFatal,NotWorn,Small,NoLicence,4,2 Metropolitan,3,off-peak,60,Divided Road,Straight road,Slope,Dry,Not Raining,Daylight,Rear End,No Control
Driver,Female,78,Driver,NotFatal,Worn,Small,Full,1,3 Country,3,peak,110,Not Divided,Straight road,Level,Dry,Not Raining,Daylight,Side Swipe,No Control
Driver,Male,48,Driver,NotFatal,Worn,Utility,Full,2,3 Country,3,peak,110,Not Divided,Straight road,Level,Dry,Not Raining,Daylight,Side Swipe,No Control
Passenger,Male,57,Front Seat Left Passenger,NotFatal,NotWorn,Utility,NoLicence,2,3 Country,3,peak,110,Not Divided,Straight road,Level,Dry,Not Raining,Daylight,Side Swipe,No Control
Driver,Male,86,Driver,NotFatal,Worn,Small,Full,2,2 Metropolitan,3,off-peak,60,Not Divided,Straight road,Level,Dry,Not Raining,Daylight,Rear End,No Control
Driver,Female,30,Driver,NotFatal,Worn,Utility,Full,1,3 Country,2,off-peak,100,Not Divided,"CURVED, VIEW OBSCURED",Level,Wet,Raining,Daylight,Hit Fixed Object,No Control
Driver,Male,48,Driver,NotFatal,Worn,Small,Full,1,2 Metropolitan,2,off-peak,90,Not Divided,Straight road,Level,Wet,Raining,Daylight,Head On,No Control
Driver,Female,52,Driver,NotFatal,Worn,Small,Full,1,3 Country,2,off-peak,60,T-Junction,Straight road,Level,Wet,Raining,Daylight,Right Angle,No Control
Driver,Female,41,Driver,NotFatal,Worn,Medium,Full,1,3 Country,2,off-peak,60,T-Junction,Straight road,Level,Wet,Raining,Daylight,Right Angle,No Control
Driver,Female,32,Driver,NotFatal,Worn,Small,Full,1,2 Metropolitan,2,off-peak,60,T-Junction,Straight road,Slope,Wet,Raining,Daylight,Hit Fixed Object,No Control
Driver,Male,57,Driver,NotFatal,Worn,Small,Full,2,2 Metropolitan,2,off-peak,70,T-Junction,"CURVED, VIEW OPEN",Level,Dry,Not Raining,Daylight,Rear End,Traffic Signals
Driver,Male,20,Driver,NotFatal,Worn,Small,Provisional 1 ,1,2 Metropolitan,2,peak,60,Divided Road,Straight road,Level,Wet,Raining,Daylight,Rear End,No Control
Driver,Male,51,Driver,NotFatal,Worn,Medium,Full,1,2 Metropolitan,2,peak,80,Not Divided,"CURVED, VIEW OBSCURED",Slope,Wet,Raining,Daylight,Hit Fixed Object,No Control
Driver,Female,29,Driver,NotFatal,Worn,Small,Full,3,2 Metropolitan,2,peak,60,Divided Road,Straight road,Level,Wet,Raining,Daylight,Rear End,No Control
Rider,Male,32,NotApplicable,NotFatal,NotWorn,PCycling,NoLicence,1,2 Metropolitan,2,off-peak,60,Cross Road,Straight road,Level,Wet,Raining,Daylight,Right Angle,Stop Sign
Driver,Female,22,Driver,NotFatal,Worn,Small,Full,1,2 Metropolitan,2,peak,50,Not Divided,Straight road,Level,Wet,Raining,Daylight,Rear End,No Control
Driver,Male,59,Driver,NotFatal,Worn,Small,Full,1,3 Country,1,peak,80,Not Divided,Straight road,Level,Wet,Raining,Daylight,Roll Over,No Control
Pedestrian,Male,19,NotApplicable,NotFatal,NotWorn,Pedestrian on Road,NoLicence,1,2 Metropolitan,2,off-peak,60,Cross Road,Straight road,Level,Dry,Not Raining,Night,Hit Pedestrian,Traffic Signals
Driver,Male,21,Driver,NotFatal,Worn,Small,Provisional 1 ,1,2 Metropolitan,2,off-peak,60,Divided Road,Straight road,Level,Wet,Raining,Night,Hit Fixed Object,No Control
Driver,Female,21,Driver,NotFatal,Worn,Small,Full,1,3 Country,2,off-peak,100,Not Divided,"CURVED, VIEW OPEN",Slope,Wet,Raining,Daylight,Hit Fixed Object,No Control
Driver,Male,47,Driver,NotFatal,Worn,Medium,Full,1,1 City,2,peak,60,T-Junction,Straight road,Level,Dry,Not Raining,Daylight,Right Angle,Traffic Signals
Driver,Female,24,Driver,NotFatal,Worn,Small,Full,1,1 City,2,peak,60,T-Junction,Straight road,Level,Dry,Not Raining,Daylight,Right Angle,Traffic Signals
Rider,Male,47,NotApplicable,NotFatal,NotWorn,PCycling,NoLicence,1,2 Metropolitan,2,peak,60,T-Junction,"CURVED, VIEW OPEN",Level,Dry,Not Raining,Daylight,Side Swipe,Traffic Signals
Pedestrian,Male,82,NotApplicable,NotFatal,NotWorn,Pedestrian on Road,NoLicence,1,2 Metropolitan,3,off-peak,80,Not Divided,"CURVED, VIEW OBSCURED",Slope,Dry,Not Raining,Daylight,Hit Pedestrian,No Control
Driver,Male,26,Driver,NotFatal,Worn,Medium,Provisional 1 ,1,3 Country,2,off-peak,100,Not Divided,Straight road,Level,Dry,Not Raining,Daylight,Hit Fixed Object,No Control
Driver,Female,75,Driver,NotFatal,Worn,Small,Full,1,2 Metropolitan,2,off-peak,50,Not Divided,Straight road,Level,Dry,Not Raining,Daylight,Hit Parked Vehicle,No Control
Driver,Female,63,Driver,NotFatal,Worn,Medium,Full,1,3 Country,2,off-peak,100,Not Divided,Straight road,Level,Dry,Not Raining,Daylight,Roll Over,No Control
Driver,Female,19,Driver,NotFatal,Unknown,Small,Unknown,2,2 Metropolitan,2,peak,80,Not Divided,"CURVED, VIEW OBSCURED",Slope,Wet,Raining,Daylight,Hit Fixed Object,No Control
Passenger,Female,19,Front Seat Left Passenger,NotFatal,NotWorn,Small,NoLicence,2,2 Metropolitan,2,peak,80,Not Divided,"CURVED, VIEW OBSCURED",Slope,Wet,Raining,Daylight,Hit Fixed Object,No Control
Pedestrian,Male,52,NotApplicable,NotFatal,NotWorn,Pedestrian on Road,NoLicence,1,2 Metropolitan,3,peak,50,Not Divided,Straight road,Level,Dry,Not Raining,Daylight,Hit Pedestrian,No Control
Rider,Male,29,NotApplicable,NotFatal,NotWorn,MCycling,NoLicence,1,2 Metropolitan,2,peak,50,Not Divided,"CURVED, VIEW OPEN",Level,Dry,Not Raining,Daylight,Right Angle,No Control
Driver,Male,16,Driver,NotFatal,Worn,Medium,Learners,2,2 Metropolitan,2,peak,60,Cross Road,Straight road,Level,Dry,Not Raining,Daylight,Right Turn,Traffic Signals
Driver,Male,32,Driver,NotFatal,Worn,Medium,Full,1,2 Metropolitan,2,peak,80,Not Divided,"CURVED, VIEW OPEN",Slope,Wet,Raining,Daylight,Hit Fixed Object,No Control
Rider,Male,34,NotApplicable,NotFatal,NotWorn,PCycling,NoLicence,1,2 Metropolitan,2,off-peak,60,T-Junction,Straight road,Level,Dry,Not Raining,Daylight,Right Angle,Roundabout
Passenger,Male,34,Front Seat Left Passenger,NotFatal,NotWorn,Small,NoLicence,2,2 Metropolitan,3,peak,60,Not Divided,Straight road,Level,Dry,Not Raining,Daylight,Rear End,No Control
Driver,Male,71,Driver,NotFatal,Worn,Medium,Full,1,2 Metropolitan,4,off-peak,50,Not Divided,Straight road,Level,Dry,Not Raining,Daylight,Hit Parked Vehicle,No Control
Driver,Male,32,Driver,NotFatal,Worn,Small,Provisional 2,1,2 Metropolitan,3,off-peak,60,T-Junction,Straight road,Level,Dry,Not Raining,Daylight,Right Turn,No Control
Driver,Male,38,Driver,NotFatal,Worn,Small,Full,1,2 Metropolitan,2,off-peak,60,Divided Road,Straight road,Level,Dry,Not Raining,Daylight,Right Turn,No Control
Driver,Female,17,Driver,NotFatal,Worn,Small,Provisional 1 ,3,2 Metropolitan,2,peak,100,Not Divided,"CURVED, VIEW OPEN",Slope,Dry,Not Raining,Daylight,Roll Over,No Control
Driver,Male,44,Driver,NotFatal,Worn,Small,Full,2,2 Metropolitan,2,off-peak,60,T-Junction,Straight road,Level,Dry,Not Raining,Daylight,Right Angle,Stop Sign
Rider,Male,20,NotApplicable,NotFatal,NotWorn,PCycling,NoLicence,1,1 City,2,off-peak,50,T-Junction,Straight road,Level,Dry,Not Raining,Daylight,Right Angle,No Control
Rider,Male,28,NotApplicable,NotFatal,NotWorn,MCycling,NoLicence,1,2 Metropolitan,2,off-peak,60,Divided Road,Straight road,Level,Dry,Not Raining,Daylight,Rear End,No Control
Driver,Female,57,Driver,NotFatal,Worn,Small,Full,1,2 Metropolitan,2,peak,50,Multiple,Straight road,Level,Dry,Not Raining,Daylight,Right Turn,Traffic Signals
Driver,Male,64,Driver,NotFatal,Worn,Small,Full,1,2 Metropolitan,2,peak,80,Divided Road,Straight road,Level,Dry,Not Raining,Daylight,Rear End,No Control
Driver,Female,54,Driver,NotFatal,Worn,Small,Full,1,2 Metropolitan,2,peak,80,T-Junction,Straight road,Level,Wet,Raining,Daylight,Right Angle,Stop Sign
Driver,Male,33,Driver,NotFatal,Worn,Small,Full,1,2 Metropolitan,2,off-peak,80,Divided Road,Straight road,Level,Dry,Not Raining,Daylight,Rear End,No Control
Rider,Male,46,NotApplicable,NotFatal,NotWorn,PCycling,NoLicence,1,2 Metropolitan,2,off-peak,50,T-Junction,Straight road,Slope,Dry,Not Raining,Daylight,Side Swipe,No Control
Driver,Male,67,Driver,NotFatal,Worn,Medium,Full,1,2 Metropolitan,3,off-peak,90,Not Divided,Straight road,Level,Dry,Not Raining,Daylight,Hit Fixed Object,No Control
Rider,Male,20,NotApplicable,NotFatal,NotWorn,PCycling,NoLicence,1,2 Metropolitan,2,off-peak,80,T-Junction,"CURVED, VIEW OPEN",Slope,Dry,Not Raining,Daylight,Rear End,No Control
Driver,Male,44,Driver,NotFatal,Worn,Utility,Full,1,3 Country,2,peak,100,Not Divided,Straight road,Level,Dry,Not Raining,Daylight,Hit Fixed Object,No Control
Driver,Female,73,Driver,NotFatal,Unknown,Small,Full,1,1 City,3,off-peak,50,Divided Road,Straight road,Level,Dry,Not Raining,Daylight,Right Angle,No Control
Driver,Male,50,Driver,NotFatal,Worn,Utility,Full,1,3 Country,1,off-peak,110,Not Divided,Straight road,Level,Dry,Not Raining,Night,Roll Over,No Control
Driver,Female,55,Driver,NotFatal,Worn,Medium,Full,1,2 Metropolitan,2,off-peak,50,Not Divided,Straight road,Level,Dry,Not Raining,Daylight,Side Swipe,No Control
Driver,Female,59,Driver,NotFatal,Worn,Small,Full,1,2 Metropolitan,2,peak,50,T-Junction,Straight road,Level,Dry,Not Raining,Daylight,Right Turn,No Control
Driver,Male,45,Driver,NotFatal,NotWorn,Small,Full,1,2 Metropolitan,2,off-peak,60,T-Junction,Straight road,Level,Dry,Not Raining,Daylight,Rear End,No Control
Driver,Male,54,Driver,NotFatal,Worn,Small,Full,1,1 City,2,peak,50,Cross Road,Straight road,Slope,Dry,Not Raining,Daylight,Side Swipe,Traffic Signals
Driver,Female,39,Driver,NotFatal,Worn,Small,Full,1,2 Metropolitan,2,peak,60,T-Junction,Straight road,Level,Dry,Not Raining,Daylight,Right Angle,No Control
Driver,Male,37,Driver,NotFatal,Worn,Utility,Full,1,2 Metropolitan,2,peak,60,Divided Road,Straight road,Level,Dry,Not Raining,Daylight,Rear End,No Control
Driver,Male,55,Driver,NotFatal,Worn,Small,Full,2,2 Metropolitan,2,off-peak,50,Cross Road,Straight road,Slope,Dry,Not Raining,Daylight,Right Turn,Stop Sign
Passenger,Female,47,Front Seat Left Passenger,NotFatal,NotWorn,Small,NoLicence,2,2 Metropolitan,2,off-peak,50,Cross Road,Straight road,Slope,Dry,Not Raining,Daylight,Right Turn,Stop Sign
Passenger,Female,20,Front Seat Left Passenger,NotFatal,NotWorn,Medium,NoLicence,2,3 Country,2,off-peak,100,Not Divided,"CURVED, VIEW OBSCURED",Level,Dry,Not Raining,Daylight,Roll Over,No Control
Driver,Male,25,Driver,NotFatal,Worn,Small,Full,2,2 Metropolitan,2,peak,50,T-Junction,"CURVED, VIEW OPEN",Level,Dry,Not Raining,Daylight,Right Turn,No Control
Passenger,Female,39.88915925,Front Seat Left Passenger,NotFatal,NotWorn,Small,NoLicence,2,2 Metropolitan,2,peak,50,T-Junction,"CURVED, VIEW OPEN",Level,Dry,Not Raining,Daylight,Right Turn,No Control
Passenger,Male,53,Front Seat Left Passenger,NotFatal,NotWorn,Small,NoLicence,2,2 Metropolitan,2,off-peak,80,Not Divided,Straight road,Bottom of Hill,Dry,Not Raining,Daylight,Head On,No Control
Driver,Male,64,Driver,NotFatal,Worn,Small,Full,1,3 Country,2,peak,90,Not Divided,Straight road,Level,Dry,Not Raining,Daylight,Rear End,No Control
Driver,Female,58,Driver,NotFatal,Worn,Medium,Full,1,3 Country,2,peak,90,Not Divided,Straight road,Level,Dry,Not Raining,Daylight,Rear End,No Control
Driver,Female,50,Driver,NotFatal,Worn,Medium,Full,1,2 Metropolitan,2,off-peak,60,T-Junction,Straight road,Level,Dry,Not Raining,Daylight,Right Turn,Give Way Sign
Driver,Female,86,Driver,NotFatal,Worn,Small,Full,1,2 Metropolitan,2,off-peak,60,T-Junction,Straight road,Level,Dry,Not Raining,Daylight,Right Turn,Give Way Sign
Driver,Female,61,Driver,NotFatal,Worn,Small,Full,1,3 Country,2,peak,100,T-Junction,"CURVED, VIEW OPEN",Bottom of Hill,Dry,Not Raining,Daylight,Right Angle,Give Way Sign
Rider,Female,32,NotApplicable,NotFatal,NotWorn,PCycling,NoLicence,1,2 Metropolitan,3,off-peak,50,Not Divided,Straight road,Level,Dry,Not Raining,Daylight,Rear End,No Control
Driver,Female,61,Driver,NotFatal,Worn,Small,Full,1,2 Metropolitan,2,off-peak,60,Cross Road,"CURVED, VIEW OPEN",Level,Dry,Not Raining,Daylight,Rear End,Traffic Signals
Driver,Male,46,Driver,NotFatal,Unknown,Medium,Full,1,3 Country,2,off-peak,80,Not Divided,Straight road,Level,Dry,Not Raining,Daylight,Right Angle,No Control
Driver,Female,65,Driver,NotFatal,Worn,Small,Full,3,3 Country,2,off-peak,80,Not Divided,Straight road,Level,Dry,Not Raining,Daylight,Right Angle,No Control
Driver,Male,31,Driver,NotFatal,Worn,Small,Full,1,2 Metropolitan,2,off-peak,80,Divided Road,Straight road,Level,Dry,Not Raining,Daylight,Side Swipe,No Control
Driver,Male,59,Driver,NotFatal,Worn,Small,Full,1,2 Metropolitan,2,peak,50,Not Divided,Straight road,Level,Dry,Not Raining,Daylight,Hit Parked Vehicle,No Control
Passenger,Male,37,Rear Seat Right Passenger,NotFatal,NotWorn,Small,NoLicence,3,2 Metropolitan,3,peak,60,Divided Road,Straight road,Slope,Dry,Not Raining,Daylight,Rear End,No Control
Driver,Male,34,Driver,NotFatal,Worn,Small,Full,1,2 Metropolitan,2,peak,80,Divided Road,Straight road,Level,Dry,Not Raining,Daylight,Rear End,No Control
Pedestrian,Female,80,NotApplicable,NotFatal,NotWorn,Pedestrian on Road,NoLicence,1,2 Metropolitan,2,off-peak,60,Divided Road,Straight road,Slope,Dry,Not Raining,Daylight,Hit Pedestrian,No Control
Driver,Female,17,Driver,NotFatal,Worn,Small,Learners,2,2 Metropolitan,2,off-peak,60,T-Junction,Straight road,Level,Dry,Not Raining,Night,Hit Fixed Object,No Control
Passenger,Female,24,Front Seat Left Passenger,NotFatal,NotWorn,Small,NoLicence,2,2 Metropolitan,2,off-peak,60,T-Junction,Straight road,Level,Dry,Not Raining,Night,Hit Fixed Object,No Control
Rider,Male,47,NotApplicable,NotFatal,NotWorn,MCycling,NoLicence,2,2 Metropolitan,1,off-peak,60,Not Divided,"CURVED, VIEW OPEN",Slope,Dry,Not Raining,Night,Left Road - Out of Control,No Control
Passenger,Female,26,Passenger of Motorcycle,NotFatal,NotWorn,MCycling,NoLicence,2,2 Metropolitan,1,off-peak,60,Not Divided,"CURVED, VIEW OPEN",Slope,Dry,Not Raining,Night,Left Road - Out of Control,No Control
Rider,Male,72,NotApplicable,NotFatal,NotWorn,PCycling,NoLicence,1,2 Metropolitan,2,off-peak,50,Cross Road,Straight road,Level,Dry,Not Raining,Night,Right Angle,Stop Sign
Driver,Male,65,Driver,NotFatal,Worn,Small,Full,1,2 Metropolitan,2,peak,50,Not Divided,Straight road,Level,Dry,Not Raining,Daylight,Right Turn,No Control
Driver,Female,57,Driver,NotFatal,Worn,Medium,Full,1,2 Metropolitan,2,peak,50,Not Divided,Straight road,Level,Dry,Not Raining,Daylight,Right Turn,No Control
Rider,Male,47,NotApplicable,NotFatal,NotWorn,MCycling,NoLicence,1,2 Metropolitan,2,off-peak,80,T-Junction,"CURVED, VIEW OPEN",Level,Dry,Not Raining,Daylight,Hit Fixed Object,No Control
Driver,Female,30,Driver,NotFatal,Worn,Small,Full,1,2 Metropolitan,2,off-peak,60,Multiple,Straight road,Level,Dry,Not Raining,Daylight,Rear End,Traffic Signals
Passenger,Male,64,Front Seat Left Passenger,NotFatal,NotWorn,Small,NoLicence,2,2 Metropolitan,2,off-peak,60,T-Junction,Straight road,Level,Dry,Not Raining,Daylight,Rear End,No Control
Rider,Male,40,NotApplicable,NotFatal,NotWorn,PCycling,NoLicence,1,2 Metropolitan,2,off-peak,60,T-Junction,Straight road,Slope,Dry,Not Raining,Daylight,Right Turn,Stop Sign
Driver,Female,49,Driver,NotFatal,Worn,Small,Full,1,2 Metropolitan,2,off-peak,60,T-Junction,Straight road,Level,Dry,Not Raining,Daylight,Right Angle,No Control
Driver,Female,45,Driver,NotFatal,Worn,Medium,Full,2,2 Metropolitan,3,off-peak,60,Cross Road,Straight road,Level,Dry,Not Raining,Daylight,Rear End,Traffic Signals
Driver,Male,34,Driver,NotFatal,Worn,Small,Full,1,2 Metropolitan,3,off-peak,60,Cross Road,Straight road,Level,Dry,Not Raining,Daylight,Rear End,Traffic Signals
Rider,Male,48,NotApplicable,Fatal,NotWorn,MCycling,NoLicence,1,2 Metropolitan,2,off-peak,50,T-Junction,Straight road,Slope,Dry,Not Raining,Daylight,Side Swipe,No Control
Driver,Female,19,Driver,NotFatal,Worn,Small,Provisional 2,2,2 Metropolitan,2,peak,50,Not Divided,Straight road,Level,Dry,Not Raining,Daylight,Rear End,No Control
Driver,Female,33,Driver,NotFatal,Worn,Small,Full,1,2 Metropolitan,2,off-peak,60,Cross Road,Straight road,Level,Dry,Not Raining,Daylight,Rear End,Give Way Sign
Rider,Male,35,NotApplicable,NotFatal,NotWorn,PCycling,NoLicence,1,2 Metropolitan,2,peak,60,Not Divided,Straight road,Level,Dry,Not Raining,Daylight,Side Swipe,No Control
Rider,Male,54,NotApplicable,NotFatal,NotWorn,PCycling,NoLicence,1,2 Metropolitan,1,off-peak,80,Not Divided,"CURVED, VIEW OBSCURED",Slope,Dry,Not Raining,Daylight,Roll Over,No Control
Driver,Female,76,Driver,NotFatal,Worn,Small,Full,1,2 Metropolitan,2,off-peak,60,T-Junction,Straight road,Level,Dry,Not Raining,Daylight,Right Angle,No Control
Driver,Male,29,Driver,NotFatal,Worn,Small,Full,2,2 Metropolitan,2,off-peak,60,Cross Road,Straight road,Level,Dry,Not Raining,Daylight,Right Angle,Give Way Sign
Rider,Male,62,NotApplicable,NotFatal,NotWorn,PCycling,NoLicence,1,2 Metropolitan,2,off-peak,80,Freeway,Straight road,Level,Dry,Not Raining,Daylight,Hit Pedestrian,No Control
Rider,Male,10,NotApplicable,NotFatal,NotWorn,PCycling,NoLicence,1,3 Country,2,off-peak,50,Not Divided,"CURVED, VIEW OBSCURED",Level,Dry,Not Raining,Daylight,Head On,No Control
Driver,Female,47,Driver,NotFatal,Worn,Small,Full,1,2 Metropolitan,2,peak,60,Cross Road,Straight road,Level,Dry,Not Raining,Daylight,Rear End,Give Way Sign
Driver,Female,24,Driver,NotFatal,Worn,Medium,Full,1,2 Metropolitan,2,peak,60,T-Junction,Straight road,Level,Dry,Not Raining,Daylight,Side Swipe,Give Way Sign
Driver,Female,52,Driver,NotFatal,Worn,Medium,Full,1,2 Metropolitan,2,off-peak,60,Divided Road,Straight road,Level,Dry,Not Raining,Daylight,Rear End,No Control
Passenger,Female,80,Front Seat Left Passenger,NotFatal,NotWorn,Small,NoLicence,2,2 Metropolitan,2,off-peak,100,Freeway,Straight road,Level,Dry,Not Raining,Night,Rear End,No Control
Rider,Male,16,NotApplicable,NotFatal,NotWorn,MCycling,NoLicence,1,3 Country,3,off-peak,50,T-Junction,Straight road,Slope,Dry,Not Raining,Night,Hit Fixed Object,No Control
Driver,Female,23,Driver,NotFatal,Worn,Small,Full,1,2 Metropolitan,1,off-peak,80,Not Divided,"CURVED, VIEW OPEN",Level,Dry,Not Raining,Daylight,Roll Over,No Control
Driver,Female,31,Driver,NotFatal,Worn,Medium,Full,1,2 Metropolitan,3,off-peak,80,Divided Road,Straight road,Level,Dry,Not Raining,Daylight,Rear End,No Control
Driver,Female,30,Driver,NotFatal,Worn,Small,Full,1,2 Metropolitan,2,off-peak,60,Cross Road,Straight road,Level,Dry,Not Raining,Daylight,Rear End,Traffic Signals
Driver,Female,29,Driver,NotFatal,Worn,Small,Full,1,2 Metropolitan,3,peak,80,Cross Road,Straight road,Level,Dry,Not Raining,Daylight,Rear End,Traffic Signals
Driver,Male,59,Driver,NotFatal,Worn,Medium,Full,1,2 Metropolitan,2,off-peak,50,T-Junction,Straight road,Level,Dry,Not Raining,Daylight,Head On,No Control