cas_type,cas_gender,cas_age,cas_pos_in_veh,fatality,seat_belt,unit_type,lic_type,n_occupants,stat_area,total_units,time,area_speed,acc_pos,hor_align,ver_align,moist_cond,wea_cond,dayNight,crash_type,traf_ctrls
Driver,Female,30,Driver,NotFatal,Worn,Small,Full,1,1 City,2,off-peak,50,T-Junction,Straight road,Level,Dry,Not Raining,Daylight,Right Turn,No Control
Rider,Female,42,NotApplicable,NotFatal,NotWorn,PCycling,NoLicence,1,2 Metropolitan,2,off-peak,50,Cross Road,Straight road,Level,Dry,Not Raining,Daylight,Right Angle,No Control
Rider,Male,55,NotApplicable,NotFatal,NotWorn,MCycling,NoLicence,1,2 Metropolitan,2,off-peak,60,Cross Road,Straight road,Level,Dry,Not Raining,Daylight,Side Swipe,Traffic Signals
Driver,Female,53,Driver,NotFatal,Worn,Small,Full,1,2 Metropolitan,2,off-peak,40,Cross Road,Straight road,Level,Dry,Not Raining,Daylight,Right Angle,Give Way Sign
Driver,Female,72,Driver,NotFatal,Worn,Small,Full,1,1 City,3,off-peak,50,Not Divided,Straight road,Level,Dry,Not Raining,Daylight,Hit Parked Vehicle,No Control
Driver,Female,33,Driver,NotFatal,Worn,Medium,Full,1,2 Metropolitan,2,peak,60,T-Junction,Straight road,Level,Dry,Not Raining,Daylight,Rear End,No Control
Driver,Male,39.88915925,Driver,NotFatal,Worn,Medium,Full,2,2 Metropolitan,3,off-peak,50,T-Junction,Straight road,Level,Dry,Not Raining,Daylight,Head On,Roundabout
Driver,Female,24,Driver,NotFatal,Worn,Small,Full,1,3 Country,2,peak,50,T-Junction,Straight road,Level,Dry,Not Raining,Daylight,Rear End,No Control
Driver,Female,42,Driver,NotFatal,Worn,Small,Full,1,2 Metropolitan,4,peak,60,Cross Road,Straight road,Level,Dry,Not Raining,Daylight,Right Turn,Traffic Signals
Driver,Female,23,Driver,NotFatal,Worn,Small,Full,1,2 Metropolitan,2,peak,50,T-Junction,Straight road,Level,Dry,Not Raining,Daylight,Right Angle,Give Way Sign
Pedestrian,Female,29,NotApplicable,NotFatal,NotWorn,Pedestrian on Road,NoLicence,1,1 City,2,off-peak,50,Cross Road,Straight road,Level,Dry,Not Raining,Daylight,Hit Pedestrian,Traffic Signals
Driver,Male,20,Driver,NotFatal,Unknown,Small,Provisional 1 ,1,2 Metropolitan,1,off-peak,100,Other,Straight road,Level,Dry,Not Raining,Night,Roll Over,No Control
Driver,Male,21,Driver,NotFatal,Worn,Medium,Unknown,2,3 Country,1,off-peak,100,Not Divided,Straight road,Level,Dry,Not Raining,Daylight,Roll Over,No Control
Passenger,Male,22,Front Seat Left Passenger,NotFatal,NotWorn,Medium,NoLicence,2,3 Country,1,off-peak,100,Not Divided,Straight road,Level,Dry,Not Raining,Daylight,Roll Over,No Control
Driver,Male,23,Driver,NotFatal,Worn,Small,Full,1,3 Country,2,off-peak,100,Not Divided,"CURVED, VIEW OBSCURED",Slope,Dry,Not Raining,Night,Hit Fixed Object,No Control
Driver,Female,30,Driver,NotFatal,NotWorn,Medium,Full,1,2 Metropolitan,2,off-peak,100,Not Divided,"CURVED, VIEW OPEN",Slope,Dry,Not Raining,Daylight,Hit Fixed Object,No Control
Rider,Male,50,NotApplicable,NotFatal,NotWorn,MCycling,NoLicence,1,1 City,2,peak,50,Cross Road,Straight road,Level,Dry,Not Raining,Daylight,Right Turn,Traffic Signals
Rider,Male,19,NotApplicable,NotFatal,NotWorn,MCycling,NoLicence,2,2 Metropolitan,2,off-peak,90,Divided Road,Straight road,Level,Dry,Not Raining,Night,Rear End,No Control
Rider,Male,57,NotApplicable,NotFatal,NotWorn,MCycling,NoLicence,1,2 Metropolitan,2,off-peak,90,T-Junction,Straight road,Level,Dry,Not Raining,Daylight,Right Turn,No Control
Pedestrian,Male,68,NotApplicable,NotFatal,NotWorn,Pedestrian on Road,NoLicence,1,1 City,2,off-peak,50,Cross Road,Straight road,Level,Dry,Not Raining,Daylight,Hit Pedestrian,Traffic Signals
Driver,Female,21,Driver,NotFatal,Worn,Medium,Full,1,2 Metropolitan,2,peak,50,Not Divided,Straight road,Level,Dry,Not Raining,Daylight,Rear End,No Control
Pedestrian,Female,55,NotApplicable,NotFatal,NotWorn,Pedestrian on Road,NoLicence,1,2 Metropolitan,2,peak,60,T-Junction,Straight road,Level,Dry,Not Raining,Daylight,Hit Pedestrian,Stop Sign
Driver,Female,73,Driver,NotFatal,Worn,Small,Full,1,3 Country,3,off-peak,50,T-Junction,"CURVED, VIEW OPEN",Level,Wet,Raining,Daylight,Hit Fixed Object,No Control
Driver,Female,59,Driver,NotFatal,Worn,Medium,Full,1,2 Metropolitan,2,off-peak,80,T-Junction,"CURVED, VIEW OPEN",Level,Dry,Not Raining,Daylight,Right Angle,No Control
Driver,Male,79,Driver,NotFatal,Worn,Medium,Full,2,2 Metropolitan,2,off-peak,80,T-Junction,"CURVED, VIEW OPEN",Level,Dry,Not Raining,Daylight,Right Angle,No Control
Passenger,Female,77,Front Seat Left Passenger,NotFatal,NotWorn,Medium,NoLicence,2,2 Metropolitan,2,off-peak,80,T-Junction,"CURVED, VIEW OPEN",Level,Dry,Not Raining,Daylight,Right Angle,No Control
Driver,Male,27,Driver,NotFatal,Worn,Small,Full,1,2 Metropolitan,2,off-peak,60,T-Junction,Straight road,Level,Wet,Raining,Daylight,Right Turn,No Control
Driver,Male,58,Driver,NotFatal,Worn,Small,Full,1,2 Metropolitan,6,peak,60,Not Divided,Straight road,Level,Dry,Not Raining,Daylight,Rear End,No Control
Driver,Female,44,Driver,NotFatal,Worn,Small,Full,1,2 Metropolitan,6,peak,60,Not Divided,Straight road,Level,Dry,Not Raining,Daylight,Rear End,No Control
Driver,Male,45,Driver,NotFatal,Worn,Large,Full,2,3 Country,1,off-peak,90,Not Divided,"CURVED, VIEW OPEN",Level,Wet,Raining,Daylight,Roll Over,No Control
Passenger,Male,64,Front Seat Left Passenger,NotFatal,NotWorn,Large,NoLicence,2,3 Country,1,off-peak,90,Not Divided,"CURVED, VIEW OPEN",Level,Wet,Raining,Daylight,Roll Over,No Control
Driver,Female,24,Driver,NotFatal,Unknown,Utility,Unlicenced,1,1 City,2,peak,50,Cross Road,Straight road,Slope,Dry,Not Raining,Daylight,Rear End,Traffic Signals
Driver,Female,21,Driver,NotFatal,Worn,Small,Full,1,2 Metropolitan,2,off-peak,50,Not Divided,Straight road,Level,Dry,Not Raining,Daylight,Side Swipe,No Control
Driver,Male,18,Driver,NotFatal,Worn,Small,Provisional 1 ,1,2 Metropolitan,2,off-peak,60,Not Divided,"CURVED, VIEW OPEN",Slope,Dry,Not Raining,Night,Roll Over,No Control
Driver,Female,28,Driver,NotFatal,Worn,Small,Provisional 2,3,2 Metropolitan,2,off-peak,60,Divided Road,Straight road,Level,Wet,Raining,Daylight,Rear End,No Control
Driver,Male,26,Driver,NotFatal,Worn,Small,Full,2,1 City,2,off-peak,50,Cross Road,Straight road,Level,Dry,Not Raining,Night,Rear End,Traffic Signals
Driver,Male,42,Driver,NotFatal,Worn,Small,Full,1,2 Metropolitan,2,off-peak,50,Not Divided,Straight road,Level,Dry,Not Raining,Daylight,Rear End,No Control
Driver,Female,27,Driver,NotFatal,Worn,Small,Full,1,2 Metropolitan,3,off-peak,60,T-Junction,Straight road,Level,Dry,Not Raining,Daylight,Rear End,Traffic Signals
Driver,Female,47,Driver,NotFatal,Worn,Small,Full,2,2 Metropolitan,3,off-peak,60,T-Junction,Straight road,Level,Dry,Not Raining,Daylight,Rear End,Traffic Signals
Rider,Male,66,NotApplicable,NotFatal,NotWorn,MCycling,NoLicence,1,3 Country,1,off-peak,100,Not Divided,"CURVED, VIEW OPEN",Slope,Dry,Not Raining,Daylight,Left Road - Out of Control,No Control
Driver,Female,69,Driver,NotFatal,Worn,Small,Full,3,2 Metropolitan,2,off-peak,50,Cross Road,Straight road,Level,Wet,Raining,Daylight,Right Angle,Give Way Sign
Driver,Female,46,Driver,NotFatal,Worn,Medium,Full,1,2 Metropolitan,2,peak,50,Cross Road,Straight road,Level,Dry,Not Raining,Daylight,Rear End,Traffic Signals
Driver,Male,27,Driver,NotFatal,Worn,Small,Full,2,2 Metropolitan,2,off-peak,90,Cross Road,Straight road,Bottom of Hill,Dry,Not Raining,Daylight,Right Angle,Stop Sign
Driver,Female,42,Driver,NotFatal,Worn,Utility,Full,3,2 Metropolitan,2,off-peak,90,Cross Road,Straight road,Bottom of Hill,Dry,Not Raining,Daylight,Right Angle,Stop Sign
Passenger,Female,38,Front Seat Left Passenger,NotFatal,NotWorn,Small,NoLicence,2,2 Metropolitan,2,off-peak,90,Divided Road,Straight road,Level,Wet,Raining,Daylight,Rear End,No Control
Passenger,Female,24,Front Seat Left Passenger,NotFatal,NotWorn,Small,NoLicence,2,2 Metropolitan,3,off-peak,60,Not Divided,Straight road,Slope,Dry,Not Raining,Night,Head On,No Control
Driver,Male,20,Driver,NotFatal,Unknown,Small,Unlicenced,5,3 Country,2,off-peak,100,T-Junction,Straight road,Level,Dry,Not Raining,Daylight,Hit Fixed Object,No Control
Passenger,Female,18,Rear Seat Middle Passenger,NotFatal,NotWorn,Small,NoLicence,5,3 Country,2,off-peak,100,T-Junction,Straight road,Level,Dry,Not Raining,Daylight,Hit Fixed Object,No Control
Passenger,Male,18,Rear Seat Right Passenger,NotFatal,NotWorn,Small,NoLicence,5,3 Country,2,off-peak,100,T-Junction,Straight road,Level,Dry,Not Raining,Daylight,Hit Fixed Object,No Control
Passenger,Female,19,Front Seat Left Passenger,NotFatal,NotWorn,Small,NoLicence,5,3 Country,2,off-peak,100,T-Junction,Straight road,Level,Dry,Not Raining,Daylight,Hit Fixed Object,No Control
Passenger,Female,20,Front Seat Left Passenger,NotFatal,NotWorn,Small,NoLicence,2,2 Metropolitan,3,off-peak,50,Not Divided,Straight road,Level,Dry,Not Raining,Night,Hit Fixed Object,No Control
Driver,Male,70,Driver,NotFatal,Worn,Small,Full,1,2 Metropolitan,2,off-peak,60,Divided Road,Straight road,Level,Dry,Not Raining,Daylight,Rear End,No Control
Driver,Female,69,Driver,NotFatal,Worn,Small,Full,1,2 Metropolitan,2,off-peak,60,Divided Road,Straight road,Level,Dry,Not Raining,Daylight,Rear End,No Control
Rider,Male,23,NotApplicable,NotFatal,NotWorn,MCycling,NoLicence,1,2 Metropolitan,2,off-peak,80,Not Divided,"CURVED, VIEW OBSCURED",Slope,Dry,Not Raining,Daylight,Head On,No Control
Driver,Female,23,Driver,NotFatal,Worn,Small,Provisional 1 ,1,2 Metropolitan,2,off-peak,80,Cross Road,Straight road,Level,Dry,Not Raining,Daylight,Right Angle,Traffic Signals
Driver,Male,69,Driver,NotFatal,Worn,Small,Full,1,2 Metropolitan,2,off-peak,50,Not Divided,"CURVED, VIEW OPEN",Level,Dry,Not Raining,Daylight,Hit Fixed Object,No Control
Driver,Female,31,Driver,NotFatal,Unknown,Medium,Full,1,2 Metropolitan,2,off-peak,110,Freeway,Straight road,Level,Dry,Not Raining,Daylight,Hit Fixed Object,No Control
Driver,Female,48,Driver,NotFatal,Worn,Small,Full,1,2 Metropolitan,3,peak,60,T-Junction,Straight road,Level,Dry,Not Raining,Daylight,Right Angle,No Control
Driver,Female,49,Driver,NotFatal,Worn,Small,Full,1,2 Metropolitan,2,peak,60,Divided Road,Straight road,Slope,Dry,Not Raining,Daylight,Rear End,No Control
Driver,Female,20,Driver,NotFatal,Worn,Small,Provisional 1 ,1,2 Metropolitan,2,off-peak,110,Freeway,Straight road,Level,Dry,Not Raining,Daylight,Hit Fixed Object,No Control
Driver,Male,43,Driver,NotFatal,Worn,MCycling,Unknown,1,2 Metropolitan,2,off-peak,60,Cross Road,Straight road,Level,Dry,Not Raining,Daylight,Rear End,Traffic Signals
Passenger,Female,39.88915925,Passenger on Multi-Passenger Vehicle,NotFatal,NotWorn,Medium,NoLicence,3,2 Metropolitan,1,peak,60,Cross Road,Unknown,Level,Dry,Not Raining,Daylight,Other,Traffic Signals
Driver,Female,54,Driver,NotFatal,Worn,Small,Full,1,2 Metropolitan,3,peak,60,Divided Road,Straight road,Level,Dry,Not Raining,Daylight,Rear End,No Control
Rider,Male,46,NotApplicable,NotFatal,NotWorn,PCycling,NoLicence,1,2 Metropolitan,2,peak,60,T-Junction,"CURVED, VIEW OPEN",Slope,Dry,Not Raining,Daylight,Right Angle,Give Way Sign
Driver,Female,39,Driver,NotFatal,Worn,Small,Full,1,3 Country,2,off-peak,60,T-Junction,Straight road,Level,Dry,Not Raining,Daylight,Right Angle,Give Way Sign
Driver,Female,31,Driver,NotFatal,Worn,Small,Full,1,3 Country,2,off-peak,60,T-Junction,Straight road,Level,Dry,Not Raining,Daylight,Right Angle,Give Way Sign
Passenger,Male,3,Rear Seat Left Passenger,NotFatal,NotWorn,Medium,NoLicence,2,2 Metropolitan,2,off-peak,60,Cross Road,Straight road,Level,Dry,Not Raining,Daylight,Right Angle,Traffic Signals
Driver,Female,32,Driver,NotFatal,Worn,MCycling,Unknown,1,2 Metropolitan,2,off-peak,60,Not Divided,Straight road,Slope,Dry,Not Raining,Night,Hit Fixed Object,No Control
Passenger,Female,39.88915925,Front Seat Left Passenger,NotFatal,NotWorn,Small,NoLicence,2,2 Metropolitan,2,peak,50,T-Junction,Straight road,Level,Dry,Not Raining,Daylight,Rear End,Traffic Signals
Driver,Male,53,Driver,NotFatal,Worn,Small,Full,1,3 Country,2,off-peak,80,Not Divided,Straight road,Level,Wet,Raining,Night,Hit Fixed Object,No Control
Rider,Male,42,NotApplicable,NotFatal,NotWorn,MCycling,NoLicence,1,3 Country,2,off-peak,100,Not Divided,Straight road,Level,Dry,Not Raining,Daylight,Hit Animal,No Control
Driver,Female,58,Driver,NotFatal,Worn,Small,Full,1,2 Metropolitan,3,off-peak,60,T-Junction,Straight road,Level,Dry,Not Raining,Daylight,Right Angle,No Control
Rider,Male,23,NotApplicable,NotFatal,NotWorn,PCycling,NoLicence,1,1 City,2,off-peak,50,Not Divided,Straight road,Level,Dry,Not Raining,Daylight,Hit Parked Vehicle,No Control
Driver,Female,55,Driver,NotFatal,Worn,Small,Full,1,2 Metropolitan,2,off-peak,50,T-Junction,"CURVED, VIEW OPEN",Level,Dry,Not Raining,Daylight,Rear End,Traffic Signals
Rider,Male,36,NotApplicable,NotFatal,NotWorn,PCycling,NoLicence,1,2 Metropolitan,2,off-peak,60,T-Junction,Straight road,Level,Dry,Not Raining,Night,Right Angle,Give Way Sign
Driver,Male,48,Driver,NotFatal,Worn,Medium,Full,4,2 Metropolitan,2,off-peak,50,Not Divided,Straight road,Level,Dry,Not Raining,Daylight,Head On,No Control
Passenger,Female,9,Front Seat Left Passenger,NotFatal,NotWorn,Medium,NoLicence,4,2 Metropolitan,2,off-peak,50,Not Divided,Straight road,Level,Dry,Not Raining,Daylight,Head On,No Control
Passenger,Female,7,Rear Seat Right Passenger,NotFatal,NotWorn,Medium,NoLicence,4,2 Metropolitan,2,off-peak,50,Not Divided,Straight road,Level,Dry,Not Raining,Daylight,Head On,No Control
Rider,Male,90,NotApplicable,NotFatal,NotWorn,PCycling,NoLicence,1,3 Country,1,off-peak,50,Not Divided,Straight road,Level,Dry,Not Raining,Daylight,Roll Over,No Control
Passenger,Female,23,Front Seat Left Passenger,NotFatal,NotWorn,Small,NoLicence,3,2 Metropolitan,2,peak,50,Cross Road,Straight road,Level,Dry,Not Raining,Daylight,Head On,Roundabout
Driver,Male,40,Driver,NotFatal,Worn,Utility,Full,1,2 Metropolitan,2,off-peak,50,T-Junction,Straight road,Level,Dry,Not Raining,Daylight,Right Angle,No Control
Passenger,Male,8,Front Seat Left Passenger,NotFatal,NotWorn,Small,NoLicence,2,2 Metropolitan,2,off-peak,90,Not Divided,Straight road,Level,Dry,Not Raining,Daylight,Side Swipe,No Control
Driver,Female,37,Driver,NotFatal,Worn,Small,Full,2,2 Metropolitan,2,peak,60,Divided Road,Straight road,Level,Dry,Not Raining,Daylight,Hit Fixed Object,No Control
Driver,Male,92,Driver,NotFatal,Worn,Small,Full,1,2 Metropolitan,2,off-peak,80,Not Divided,Straight road,Slope,Dry,Not Raining,Daylight,Side Swipe,No Control
Pedestrian,Female,44,NotApplicable,NotFatal,NotWorn,Pedestrian on Road,NoLicence,1,2 Metropolitan,2,off-peak,15,Not Divided,Straight road,Level,Dry,Not Raining,Daylight,Hit Pedestrian,No Control
Driver,Female,50,Driver,NotFatal,Worn,Medium,Full,1,3 Country,2,peak,100,Cross Road,Straight road,Slope,Dry,Not Raining,Daylight,Right Angle,Give Way Sign
Rider,Female,42,NotApplicable,NotFatal,NotWorn,PCycling,NoLicence,1,2 Metropolitan,2,off-peak,60,T-Junction,Straight road,Level,Dry,Not Raining,Daylight,Right Angle,No Control
Passenger,Male,76,Front Seat Left Passenger,NotFatal,NotWorn,Small,NoLicence,2,2 Metropolitan,3,off-peak,60,Divided Road,Straight road,Level,Dry,Not Raining,Daylight,Rear End,No Control
Rider,Female,42,NotApplicable,NotFatal,NotWorn,PCycling,NoLicence,1,2 Metropolitan,2,peak,40,Not Divided,Straight road,Level,Dry,Not Raining,Daylight,Right Angle,No Control
Passenger,Female,27,Rear Seat Left Passenger,NotFatal,NotWorn,Small,NoLicence,5,3 Country,2,off-peak,50,T-Junction,Straight road,Level,Dry,Not Raining,Night,Hit Fixed Object,Give Way Sign
Rider,Male,59,NotApplicable,NotFatal,NotWorn,PCycling,NoLicence,1,2 Metropolitan,2,off-peak,60,Divided Road,Straight road,Level,Dry,Not Raining,Night,Side Swipe,No Control
Driver,Male,60,Driver,NotFatal,Worn,Medium,Full,1,2 Metropolitan,2,peak,50,Cross Road,Straight road,Level,Dry,Not Raining,Daylight,Right Angle,Give Way Sign
Driver,Female,63,Driver,NotFatal,Worn,Small,Full,1,2 Metropolitan,2,peak,60,T-Junction,Straight road,Level,Dry,Not Raining,Daylight,Rear End,Give Way Sign
Driver,Female,39,Driver,NotFatal,Worn,Small,Full,1,2 Metropolitan,2,peak,60,T-Junction,Straight road,Level,Dry,Not Raining,Daylight,Right Angle,No Control
Driver,Female,23,Driver,NotFatal,Worn,Small,Full,1,2 Metropolitan,3,peak,80,Divided Road,Straight road,Level,Dry,Not Raining,Daylight,Rear End,No Control
Pedestrian,Female,72,NotApplicable,NotFatal,NotWorn,Pedestrian on Road,NoLicence,1,2 Metropolitan,3,off-peak,60,Cross Road,Straight road,Level,Dry,Not Raining,Daylight,Hit Pedestrian,Traffic Signals
Driver,Female,23,Driver,NotFatal,Worn,Small,Full,1,3 Country,2,off-peak,110,Freeway,"CURVED, VIEW OPEN",Slope,Dry,Not Raining,Night,Hit Fixed Object,No Control
Driver,Male,54,Driver,NotFatal,Worn,Utility,Full,1,2 Metropolitan,3,peak,80,Divided Road,Straight road,Level,Dry,Not Raining,Daylight,Rear End,No Control
Rider,Female,46,NotApplicable,NotFatal,NotWorn,PCycling,NoLicence,1,2 Metropolitan,2,off-peak,40,Cross Road,Straight road,Level,Dry,Not Raining,Daylight,Right Turn,Stop Sign
Driver,Female,33,Driver,NotFatal,Worn,Medium,Full,1,2 Metropolitan,2,off-peak,70,Divided Road,Straight road,Level,Dry,Not Raining,Daylight,Rear End,No Control
Rider,Male,38,NotApplicable,NotFatal,NotWorn,MCycling,NoLicence,1,3 Country,2,off-peak,100,Not Divided,"CURVED, VIEW OBSCURED",Bottom of Hill,Dry,Not Raining,Daylight,Hit Fixed Object,No Control
Rider,Female,25,NotApplicable,NotFatal,NotWorn,PCycling,NoLicence,1,2 Metropolitan,2,off-peak,60,Cross Road,Straight road,Level,Dry,Not Raining,Daylight,Right Angle,Traffic Signals
Driver,Male,70,Driver,NotFatal,Worn,Utility,Full,1,2 Metropolitan,3,off-peak,60,Cross Road,Straight road,Slope,Dry,Not Raining,Daylight,Rear End,Traffic Signals
Driver,Female,29,Driver,NotFatal,Unknown,Small,Full,1,3 Country,2,peak,60,Cross Road,Straight road,Level,Dry,Not Raining,Daylight,Right Angle,Give Way Sign
Driver,Female,33,Driver,NotFatal,Worn,Medium,Full,1,2 Metropolitan,2,off-peak,50,Cross Road,Straight road,Level,Dry,Not Raining,Daylight,Right Angle,Give Way Sign
Driver,Male,46,Driver,NotFatal,NotWorn,Large,Full,1,3 Country,1,off-peak,110,Not Divided,Straight road,Level,Dry,Not Raining,Night,Roll Over,No Control
Rider,Male,45,NotApplicable,NotFatal,NotWorn,MCycling,NoLicence,1,2 Metropolitan,2,off-peak,50,Not Divided,"CURVED, VIEW OPEN",Slope,Dry,Not Raining,Daylight,Right Angle,No Control
Driver,Female,17,Driver,NotFatal,Worn,Small,Provisional 1 ,1,2 Metropolitan,2,off-peak,80,Not Divided,"CURVED, VIEW OBSCURED",Slope,Dry,Not Raining,Daylight,Hit Fixed Object,No Control
Rider,Male,29,NotApplicable,NotFatal,NotWorn,PCycling,NoLicence,1,1 City,2,peak,50,Not Divided,Straight road,Level,Dry,Not Raining,Daylight,Side Swipe,No Control
Driver,Female,28,Driver,NotFatal,Worn,Medium,Provisional 2,3,2 Metropolitan,2,off-peak,60,Cross Road,Straight road,Level,Dry,Not Raining,Daylight,Right Angle,Give Way Sign
Passenger,Female,31,Rear Seat Right Passenger,NotFatal,NotWorn,Medium,NoLicence,3,2 Metropolitan,2,off-peak,60,Cross Road,Straight road,Level,Dry,Not Raining,Daylight,Right Angle,Give Way Sign
Driver,Female,25,Driver,NotFatal,NotWorn,Small,Full,1,3 Country,1,off-peak,100,Not Divided,"CURVED, VIEW OPEN",Level,Dry,Not Raining,Night,Left Road - Out of Control,No Control
Rider,Male,80,NotApplicable,Fatal,NotWorn,PCycling,NoLicence,1,3 Country,2,peak,100,Not Divided,"CURVED, VIEW OPEN",Crest of Hill,Dry,Not Raining,Daylight,Rear End,No Control
Driver,Male,48,Driver,NotFatal,NotWorn,Small,Full,1,1 City,2,off-peak,50,Not Divided,Straight road,Slope,Dry,Not Raining,Daylight,Hit Parked Vehicle,No Control
Driver,Female,50,Driver,NotFatal,Worn,Small,Full,1,2 Metropolitan,2,off-peak,60,Pedestrian Crossing,Straight road,Level,Dry,Not Raining,Daylight,Right Angle,No Control
Driver,Female,54,Driver,NotFatal,Worn,Small,Full,1,2 Metropolitan,2,peak,60,T-Junction,Straight road,Level,Dry,Not Raining,Daylight,Rear End,Traffic Signals
Driver,Female,53,Driver,NotFatal,Worn,Small,Full,1,2 Metropolitan,2,off-peak,60,T-Junction,Straight road,Level,Dry,Not Raining,Daylight,Right Angle,No Control
Rider,Male,70,NotApplicable,NotFatal,NotWorn,PCycling,NoLicence,1,2 Metropolitan,2,off-peak,80,Cross Road,"CURVED, VIEW OPEN",Level,Dry,Not Raining,Daylight,Right Angle,Roundabout
Rider,Female,41,NotApplicable,NotFatal,NotWorn,PCycling,NoLicence,1,2 Metropolitan,1,off-peak,50,Not Divided,Straight road,Slope,Dry,Not Raining,Daylight,Roll Over,No Control
Driver,Male,61,Driver,NotFatal,Worn,Medium,Full,1,2 Metropolitan,4,peak,60,Cross Road,Straight road,Level,Dry,Not Raining,Daylight,Right Turn,Traffic Signals
Driver,Male,17,Driver,NotFatal,Worn,Small,Provisional 1 ,2,3 Country,2,off-peak,100,Not Divided,Straight road,Level,Dry,Not Raining,Daylight,Hit Fixed Object,No Control
Passenger,Male,17,Front Seat Left Passenger,NotFatal,NotWorn,Small,NoLicence,2,3 Country,2,off-peak,100,Not Divided,Straight road,Level,Dry,Not Raining,Daylight,Hit Fixed Object,No Control
Rider,Male,57,NotApplicable,NotFatal,NotWorn,PCycling,NoLicence,1,2 Metropolitan,2,peak,60,T-Junction,"CURVED, VIEW OPEN",Level,Dry,Not Raining,Daylight,Right Angle,Traffic Signals
Rider,Male,34,NotApplicable,NotFatal,NotWorn,PCycling,NoLicence,1,2 Metropolitan,2,peak,50,Cross Road,Straight road,Level,Dry,Not Raining,Daylight,Right Angle,Roundabout
Driver,Female,92,Driver,NotFatal,Worn,Small,Full,1,2 Metropolitan,2,off-peak,50,Not Divided,Straight road,Level,Dry,Not Raining,Daylight,Hit Parked Vehicle,No Control
Driver,Female,30,Driver,NotFatal,Worn,Medium,Full,1,2 Metropolitan,2,off-peak,60,Cross Road,Straight road,Level,Dry,Not Raining,Daylight,Right Angle,Give Way Sign
Passenger,Female,52,Front Seat Left Passenger,NotFatal,NotWorn,Utility,NoLicence,2,3 Country,2,off-peak,60,Cross Road,Straight road,Level,Dry,Not Raining,Daylight,Right Angle,Stop Sign
Driver,Female,34,Driver,NotFatal,Unknown,Medium,Full,2,2 Metropolitan,2,off-peak,50,Not Divided,Straight road,Level,Dry,Not Raining,Daylight,Right Turn,No Control
Passenger,Female,19,Front Seat Left Passenger,NotFatal,NotWorn,Medium,NoLicence,2,2 Metropolitan,2,off-peak,50,Not Divided,Straight road,Level,Dry,Not Raining,Daylight,Right Turn,No Control
Driver,Male,28,Driver,NotFatal,Unknown,Small,Provisional 1 ,1,2 Metropolitan,2,off-peak,50,Not Divided,Straight road,Level,Dry,Not Raining,Daylight,Hit Fixed Object,No Control
Driver,Female,40,Driver,NotFatal,Worn,Small,Full,1,2 Metropolitan,2,off-peak,60,Cross Road,Straight road,Level,Dry,Not Raining,Daylight,Side Swipe,Traffic Signals
Driver,Female,67,Driver,NotFatal,Worn,Medium,Full,4,3 Country,2,off-peak,110,T-Junction,Straight road,Level,Dry,Not Raining,Daylight,Right Turn,Give Way Sign
Passenger,Female,71,Rear Seat Left Passenger,NotFatal,NotWorn,Medium,NoLicence,4,3 Country,2,off-peak,110,T-Junction,Straight road,Level,Dry,Not Raining,Daylight,Right Turn,Give Way Sign
Passenger,Male,78,Front Seat Left Passenger,NotFatal,NotWorn,Medium,NoLicence,4,3 Country,2,off-peak,110,T-Junction,Straight road,Level,Dry,Not Raining,Daylight,Right Turn,Give Way Sign
Passenger,Male,70,Rear Seat Right Passenger,NotFatal,NotWorn,Medium,NoLicence,4,3 Country,2,off-peak,110,T-Junction,Straight road,Level,Dry,Not Raining,Daylight,Right Turn,Give Way Sign
Passenger,Female,39.88915925,Rear Seat Right Passenger,NotFatal,NotWorn,Small,NoLicence,4,3 Country,2,off-peak,110,T-Junction,Straight road,Level,Dry,Not Raining,Daylight,Right Turn,Give Way Sign
Rider,Male,39.88915925,NotApplicable,NotFatal,NotWorn,PCycling,NoLicence,1,3 Country,2,off-peak,80,T-Junction,Straight road,Slope,Dry,Not Raining,Daylight,Hit Fixed Object,Traffic Signals
Driver,Female,62,Driver,NotFatal,Worn,Medium,Full,1,3 Country,2,peak,60,T-Junction,Straight road,Level,Dry,Not Raining,Daylight,Right Angle,No Control
Driver,Female,20,Driver,NotFatal,Worn,Small,Provisional 2,1,2 Metropolitan,2,off-peak,60,T-Junction,Straight road,Level,Dry,Not Raining,Daylight,Right Angle,No Control
Driver,Male,29,Driver,NotFatal,Worn,Small,Full,1,2 Metropolitan,2,off-peak,60,T-Junction,Straight road,Bottom of Hill,Dry,Not Raining,Daylight,Right Turn,Stop Sign
Driver,Female,21,Driver,NotFatal,Worn,Small,Full,1,2 Metropolitan,2,off-peak,50,T-Junction,Straight road,Level,Dry,Not Raining,Daylight,Right Angle,No Control
Rider,Male,14,NotApplicable,NotFatal,NotWorn,PCycling,NoLicence,1,2 Metropolitan,2,peak,50,Divided Road,Straight road,Level,Dry,Not Raining,Daylight,Hit Parked Vehicle,No Control
Driver,Female,39,Driver,NotFatal,Worn,Small,Full,1,2 Metropolitan,2,off-peak,50,Multiple,Straight road,Level,Dry,Not Raining,Daylight,Right Angle,Traffic Signals
Rider,Male,24,NotApplicable,NotFatal,NotWorn,PCycling,NoLicence,1,2 Metropolitan,2,peak,60,Not Divided,"CURVED, VIEW OBSCURED",Slope,Dry,Not Raining,Daylight,Roll Over,No Control