cas_type,cas_gender,cas_age,cas_pos_in_veh,fatality,seat_belt,unit_type,lic_type,n_occupants,stat_area,total_units,time,area_speed,acc_pos,hor_align,ver_align,moist_cond,wea_cond,dayNight,crash_type,traf_ctrls
Pedestrian,Male,80,NotApplicable,NotFatal,NotWorn,Pedestrian on Road,NoLicence,1,3 Country,2,peak,50,Not Divided,Straight road,Slope,Dry,Not Raining,Daylight,Hit Pedestrian,No Control
Driver,Female,24,Driver,NotFatal,Worn,Medium,Full,1,2 Metropolitan,2,off-peak,50,Divided Road,"CURVED, VIEW OBSCURED",Level,Dry,Not Raining,Night,Hit Fixed Object,No Control
Driver,Male,18,Driver,NotFatal,Worn,Small,Provisional 1 ,1,3 Country,2,off-peak,50,T-Junction,Straight road,Level,Dry,Not Raining,Night,Right Angle,Give Way Sign
Rider,Female,24,NotApplicable,NotFatal,NotWorn,MCycling,NoLicence,1,3 Country,2,off-peak,50,T-Junction,Straight road,Level,Dry,Not Raining,Night,Right Angle,Give Way Sign
Driver,Female,18,Driver,NotFatal,Worn,Small,Provisional 2,1,2 Metropolitan,2,off-peak,60,Not Divided,Straight road,Level,Dry,Not Raining,Night,Hit Parked Vehicle,No Control
Rider,Female,46,NotApplicable,NotFatal,NotWorn,PCycling,NoLicence,1,2 Metropolitan,2,peak,60,Divided Road,Straight road,Level,Dry,Not Raining,Daylight,Side Swipe,No Control
Passenger,Female,29,Front Seat Left Passenger,NotFatal,NotWorn,Utility,NoLicence,2,3 Country,2,off-peak,80,Divided Road,Straight road,Level,Dry,Not Raining,Daylight,Right Angle,No Control
Driver,Female,63,Driver,NotFatal,Worn,Utility,Full,1,3 Country,2,off-peak,80,Divided Road,Straight road,Level,Dry,Not Raining,Daylight,Right Angle,No Control
Rider,Male,32,NotApplicable,NotFatal,NotWorn,MCycling,NoLicence,1,2 Metropolitan,2,off-peak,60,Not Divided,"CURVED, VIEW OBSCURED",Slope,Dry,Not Raining,Daylight,Hit Fixed Object,No Control
Driver,Female,85,Driver,NotFatal,Worn,Small,Full,1,3 Country,3,off-peak,100,T-Junction,"CURVED, VIEW OBSCURED",Level,Dry,Not Raining,Daylight,Right Turn,No Control
Driver,Female,24,Driver,NotFatal,Worn,Small,Unknown,2,3 Country,3,off-peak,100,T-Junction,"CURVED, VIEW OBSCURED",Level,Dry,Not Raining,Daylight,Right Turn,No Control
Passenger,Male,25,Front Seat Left Passenger,NotFatal,NotWorn,Small,NoLicence,2,3 Country,3,off-peak,100,T-Junction,"CURVED, VIEW OBSCURED",Level,Dry,Not Raining,Daylight,Right Turn,No Control
Passenger,Female,38,Rear Seat Right Passenger,NotFatal,NotWorn,Utility,NoLicence,4,3 Country,3,off-peak,100,T-Junction,"CURVED, VIEW OBSCURED",Level,Dry,Not Raining,Daylight,Right Turn,No Control
Driver,Male,58,Driver,NotFatal,Worn,Small,Full,2,3 Country,2,off-peak,100,Not Divided,Straight road,Level,Dry,Not Raining,Daylight,Hit Animal,No Control
Passenger,Male,21,Front Seat Left Passenger,NotFatal,NotWorn,Small,NoLicence,2,3 Country,2,off-peak,100,Not Divided,Straight road,Level,Dry,Not Raining,Daylight,Hit Animal,No Control
Driver,Male,31,Driver,NotFatal,Worn,Small,Full,4,2 Metropolitan,2,peak,60,T-Junction,Straight road,Slope,Dry,Not Raining,Daylight,Right Angle,Give Way Sign
Rider,Female,19,NotApplicable,NotFatal,NotWorn,PCycling,NoLicence,1,2 Metropolitan,2,peak,50,Cross Road,Straight road,Level,Dry,Not Raining,Daylight,Right Angle,Roundabout
Passenger,Female,39,Front Seat Left Passenger,NotFatal,NotWorn,Small,NoLicence,2,2 Metropolitan,2,off-peak,80,Cross Road,Straight road,Level,Dry,Not Raining,Daylight,Right Angle,Stop Sign
Driver,Female,41,Driver,NotFatal,Worn,Medium,Full,1,2 Metropolitan,2,peak,60,Cross Road,Straight road,Level,Dry,Not Raining,Daylight,Rear End,Traffic Signals
Rider,Male,42,NotApplicable,NotFatal,NotWorn,PCycling,NoLicence,1,2 Metropolitan,2,peak,60,T-Junction,Straight road,Level,Dry,Not Raining,Daylight,Right Angle,Stop Sign
Rider,Male,30,NotApplicable,NotFatal,NotWorn,PCycling,NoLicence,1,2 Metropolitan,2,peak,50,Cross Road,Straight road,Level,Dry,Not Raining,Daylight,Right Angle,Roundabout
Rider,Male,36,NotApplicable,NotFatal,NotWorn,MCycling,NoLicence,1,3 Country,2,off-peak,80,Not Divided,Straight road,Level,Dry,Not Raining,Daylight,Right Angle,No Control
Driver,Male,43,Driver,NotFatal,Worn,Small,Full,1,3 Country,2,peak,80,Cross Road,Straight road,Level,Dry,Not Raining,Daylight,Right Angle,Stop Sign
Passenger,Female,63,Front Seat Left Passenger,NotFatal,NotWorn,Medium,NoLicence,3,3 Country,2,peak,110,Not Divided,Straight road,Level,Dry,Not Raining,Daylight,Side Swipe,No Control
Passenger,Female,14,Front Seat Left Passenger,NotFatal,NotWorn,Utility,NoLicence,2,3 Country,2,peak,110,Not Divided,Straight road,Level,Dry,Not Raining,Daylight,Side Swipe,No Control
Driver,Male,18,Driver,NotFatal,Worn,Utility,Provisional 1 ,4,2 Metropolitan,1,off-peak,50,Not Divided,"CURVED, VIEW OBSCURED",Level,Dry,Not Raining,Daylight,Roll Over,No Control
Passenger,Male,16,Rear Seat Left Passenger,NotFatal,NotWorn,Utility,NoLicence,4,2 Metropolitan,1,off-peak,50,Not Divided,"CURVED, VIEW OBSCURED",Level,Dry,Not Raining,Daylight,Roll Over,No Control
Passenger,Female,16,Front Seat Left Passenger,NotFatal,NotWorn,Utility,NoLicence,4,2 Metropolitan,1,off-peak,50,Not Divided,"CURVED, VIEW OBSCURED",Level,Dry,Not Raining,Daylight,Roll Over,No Control
Passenger,Female,17,Rear Seat Right Passenger,NotFatal,NotWorn,Utility,NoLicence,4,2 Metropolitan,1,off-peak,50,Not Divided,"CURVED, VIEW OBSCURED",Level,Dry,Not Raining,Daylight,Roll Over,No Control
Rider,Female,35,NotApplicable,NotFatal,NotWorn,PCycling,NoLicence,1,3 Country,2,off-peak,50,Not Divided,Straight road,Level,Dry,Not Raining,Daylight,Hit Parked Vehicle,No Control
Driver,Female,20,Driver,NotFatal,Worn,Small,Provisional 2,1,2 Metropolitan,2,off-peak,60,T-Junction,Straight road,Level,Dry,Not Raining,Daylight,Right Angle,Give Way Sign
Driver,Male,36,Driver,NotFatal,Worn,Small,Full,2,2 Metropolitan,2,off-peak,60,T-Junction,Straight road,Level,Dry,Not Raining,Daylight,Right Angle,Give Way Sign
Passenger,Female,53,Front Seat Left Passenger,NotFatal,NotWorn,Small,NoLicence,2,2 Metropolitan,2,off-peak,60,T-Junction,Straight road,Level,Dry,Not Raining,Daylight,Right Angle,Give Way Sign
Rider,Female,71,NotApplicable,NotFatal,NotWorn,PCycling,NoLicence,1,2 Metropolitan,2,off-peak,50,Cross Road,Straight road,Level,Dry,Not Raining,Daylight,Right Angle,Roundabout
Driver,Female,47,Driver,NotFatal,Worn,Small,Full,1,2 Metropolitan,2,off-peak,60,T-Junction,Straight road,Level,Dry,Not Raining,Daylight,Side Swipe,No Control
Rider,Male,28,NotApplicable,NotFatal,NotWorn,MCycling,NoLicence,1,2 Metropolitan,2,peak,80,T-Junction,Straight road,Level,Dry,Not Raining,Daylight,Right Angle,Give Way Sign
Pedestrian,Female,81,NotApplicable,NotFatal,NotWorn,Pedestrian on Road,NoLicence,1,2 Metropolitan,2,off-peak,60,Divided Road,Straight road,Level,Dry,Not Raining,Daylight,Hit Pedestrian,No Control
Driver,Male,18,Driver,NotFatal,Worn,Medium,Provisional 1 ,2,1 City,2,off-peak,50,Not Divided,Straight road,Level,Dry,Not Raining,Daylight,Hit Pedestrian,No Control
Pedestrian,Male,59,NotApplicable,NotFatal,NotWorn,Pedestrian on Road,NoLicence,1,1 City,2,off-peak,50,Not Divided,Straight road,Level,Dry,Not Raining,Daylight,Hit Pedestrian,No Control
Driver,Female,37,Driver,NotFatal,Worn,Small,Full,1,2 Metropolitan,2,peak,60,Cross Road,Straight road,Level,Dry,Not Raining,Daylight,Rear End,Traffic Signals
Driver,Female,18,Driver,NotFatal,Unknown,Medium,Provisional 1 ,1,2 Metropolitan,2,off-peak,50,Cross Road,Straight road,Slope,Dry,Not Raining,Daylight,Right Angle,Give Way Sign
Driver,Female,48,Driver,NotFatal,Worn,Small,Full,2,2 Metropolitan,2,peak,60,Not Divided,Straight road,Level,Dry,Not Raining,Daylight,Right Angle,No Control
Passenger,Female,19,Front Seat Left Passenger,NotFatal,NotWorn,Small,NoLicence,2,2 Metropolitan,2,peak,60,Not Divided,Straight road,Level,Dry,Not Raining,Daylight,Right Angle,No Control
Driver,Male,54,Driver,NotFatal,Worn,Large,Full,1,2 Metropolitan,2,peak,50,Not Divided,Straight road,Level,Dry,Not Raining,Daylight,Hit Parked Vehicle,No Control
Driver,Female,18,Driver,NotFatal,Worn,Medium,Full,2,3 Country,1,peak,110,Other,"CURVED, VIEW OPEN",Slope,Dry,Not Raining,Daylight,Roll Over,No Control
Driver,Female,35,Driver,NotFatal,Worn,Small,Full,1,2 Metropolitan,2,off-peak,60,Not Divided,Straight road,Level,Dry,Not Raining,Daylight,Rear End,No Control
Driver,Male,49,Driver,NotFatal,Worn,Small,Full,1,2 Metropolitan,2,off-peak,60,Cross Road,Straight road,Level,Dry,Not Raining,Night,Right Turn,Traffic Signals
Driver,Male,66,Driver,NotFatal,Worn,Small,Full,1,2 Metropolitan,2,off-peak,60,Cross Road,Straight road,Level,Dry,Not Raining,Night,Right Turn,Traffic Signals
Driver,Male,27,Driver,NotFatal,Worn,Utility,Full,4,2 Metropolitan,2,peak,60,Not Divided,Straight road,Level,Dry,Not Raining,Daylight,Rear End,No Control
Passenger,Male,26,Front Seat Left Passenger,NotFatal,NotWorn,Utility,NoLicence,4,2 Metropolitan,2,peak,60,Not Divided,Straight road,Level,Dry,Not Raining,Daylight,Rear End,No Control
Driver,Female,45,Driver,NotFatal,Worn,Medium,Full,1,2 Metropolitan,2,off-peak,60,Cross Road,Straight road,Level,Dry,Not Raining,Night,Right Turn,Traffic Signals
Driver,Female,47,Driver,NotFatal,Worn,Small,Full,1,2 Metropolitan,3,off-peak,60,T-Junction,Straight road,Level,Dry,Not Raining,Night,Rear End,Traffic Signals
Driver,Male,18,Driver,NotFatal,Unknown,Medium,Provisional 2,1,3 Country,2,peak,100,Cross Road,Straight road,Level,Dry,Not Raining,Daylight,Right Angle,Stop Sign
Driver,Male,20,Driver,NotFatal,Worn,Medium,Full,2,3 Country,2,peak,100,Cross Road,Straight road,Level,Dry,Not Raining,Daylight,Right Angle,Stop Sign
Passenger,Male,21,Front Seat Left Passenger,NotFatal,NotWorn,Medium,NoLicence,2,3 Country,2,peak,100,Cross Road,Straight road,Level,Dry,Not Raining,Daylight,Right Angle,Stop Sign
Pedestrian,Male,9,NotApplicable,NotFatal,NotWorn,Small,NoLicence,1,3 Country,2,off-peak,50,Not Divided,Straight road,Level,Dry,Not Raining,Daylight,Hit Pedestrian,No Control
Rider,Male,37,NotApplicable,NotFatal,NotWorn,PCycling,NoLicence,1,2 Metropolitan,2,peak,60,T-Junction,Straight road,Slope,Dry,Not Raining,Daylight,Right Turn,Traffic Signals
Driver,Male,37,Driver,NotFatal,Unknown,Small,Full,1,3 Country,2,off-peak,110,Not Divided,Straight road,Level,Dry,Not Raining,Night,Hit Fixed Object,No Control
Passenger,Male,33,Front Seat Left Passenger,NotFatal,NotWorn,Utility,NoLicence,2,2 Metropolitan,2,off-peak,40,Not Divided,"CURVED, VIEW OPEN",Level,Dry,Not Raining,Daylight,Hit Parked Vehicle,No Control
Driver,Female,17,Driver,NotFatal,Worn,Small,Provisional 1 ,1,2 Metropolitan,2,peak,60,T-Junction,Straight road,Level,Dry,Not Raining,Daylight,Right Turn,Traffic Signals
Driver,Female,45,Driver,NotFatal,Worn,Medium,Full,1,2 Metropolitan,2,peak,60,T-Junction,Straight road,Slope,Dry,Not Raining,Daylight,Right Angle,No Control
Driver,Female,25,Driver,NotFatal,Worn,Small,Full,1,2 Metropolitan,2,off-peak,50,Not Divided,Straight road,Level,Dry,Not Raining,Daylight,Hit Parked Vehicle,No Control
Rider,Male,16,NotApplicable,NotFatal,NotWorn,PCycling,NoLicence,1,2 Metropolitan,2,off-peak,50,Not Divided,Straight road,Level,Dry,Not Raining,Daylight,Hit Parked Vehicle,No Control
Driver,Female,58,Driver,NotFatal,Worn,Medium,Full,1,2 Metropolitan,2,peak,60,Cross Road,"CURVED, VIEW OPEN",Level,Dry,Not Raining,Daylight,Rear End,Roundabout
Rider,Male,45,NotApplicable,NotFatal,NotWorn,PCycling,NoLicence,1,2 Metropolitan,2,off-peak,50,Not Divided,Straight road,Level,Dry,Not Raining,Daylight,Head On,No Control
Driver,Female,30,Driver,NotFatal,Worn,Medium,Full,3,2 Metropolitan,2,off-peak,60,T-Junction,Straight road,Crest of Hill,Dry,Not Raining,Daylight,Hit Fixed Object,No Control
Passenger,Female,18,Front Seat Left Passenger,NotFatal,NotWorn,Medium,NoLicence,3,2 Metropolitan,2,off-peak,60,T-Junction,Straight road,Crest of Hill,Dry,Not Raining,Daylight,Hit Fixed Object,No Control
Rider,Female,31,NotApplicable,NotFatal,NotWorn,PCycling,NoLicence,1,2 Metropolitan,2,peak,60,Not Divided,Straight road,Level,Dry,Not Raining,Daylight,Right Angle,No Control
Driver,Female,46,Driver,NotFatal,Worn,Medium,Full,1,2 Metropolitan,2,peak,60,Cross Road,Straight road,Level,Dry,Not Raining,Daylight,Rear End,Traffic Signals
Rider,Male,32,NotApplicable,NotFatal,NotWorn,MCycling,NoLicence,1,2 Metropolitan,2,off-peak,80,Not Divided,"CURVED, VIEW OBSCURED",Slope,Dry,Not Raining,Daylight,Hit Fixed Object,No Control
Driver,Male,49,Driver,NotFatal,Worn,Small,Unlicenced,1,2 Metropolitan,2,peak,60,T-Junction,Straight road,Level,Dry,Not Raining,Daylight,Rear End,Give Way Sign
Driver,Male,30,Driver,NotFatal,Worn,Small,Full,1,2 Metropolitan,2,off-peak,60,T-Junction,Straight road,Level,Dry,Not Raining,Night,Right Angle,No Control
Rider,Male,21,NotApplicable,NotFatal,NotWorn,MCycling,NoLicence,1,3 Country,1,off-peak,50,Divided Road,"CURVED, VIEW OPEN",Slope,Dry,Not Raining,Night,Roll Over,No Control
Driver,Female,26,Driver,NotFatal,Worn,MCycling,Unknown,2,2 Metropolitan,2,peak,60,T-Junction,Straight road,Level,Dry,Not Raining,Daylight,Right Angle,No Control
Passenger,Female,28,Front Seat Left Passenger,NotFatal,NotWorn,MCycling,NoLicence,2,2 Metropolitan,2,peak,60,T-Junction,Straight road,Level,Dry,Not Raining,Daylight,Right Angle,No Control
Driver,Female,81,Driver,NotFatal,Worn,Small,Full,1,2 Metropolitan,2,peak,60,T-Junction,Straight road,Level,Dry,Not Raining,Daylight,Right Turn,Traffic Signals
Driver,Female,39.88915925,Driver,NotFatal,Worn,Small,Provisional 1 ,1,2 Metropolitan,2,off-peak,50,T-Junction,Straight road,Crest of Hill,Dry,Not Raining,Daylight,Right Angle,Give Way Sign
Driver,Male,20,Driver,NotFatal,Worn,Small,Full,1,2 Metropolitan,2,off-peak,50,Not Divided,Straight road,Level,Dry,Not Raining,Night,Hit Fixed Object,No Control
Driver,Male,40,Driver,NotFatal,Worn,Large,Full,1,3 Country,2,off-peak,100,Not Divided,Straight road,Level,Dry,Not Raining,Night,Hit Fixed Object,No Control
Driver,Male,18,Driver,NotFatal,Worn,Small,Provisional 2,1,2 Metropolitan,2,off-peak,80,T-Junction,Straight road,Crest of Hill,Dry,Not Raining,Night,Hit Fixed Object,No Control
Driver,Male,26,Driver,NotFatal,Worn,Utility,Full,2,3 Country,2,peak,110,Not Divided,"CURVED, VIEW OPEN",Level,Dry,Not Raining,Daylight,Hit Fixed Object,No Control
Driver,Male,38,Driver,NotFatal,Worn,Large,Full,1,3 Country,2,off-peak,110,Not Divided,"CURVED, VIEW OPEN",Level,Dry,Not Raining,Daylight,Hit Fixed Object,No Control
Driver,Female,18,Driver,NotFatal,Worn,Small,Provisional 2,1,2 Metropolitan,3,peak,70,Divided Road,Straight road,Level,Dry,Not Raining,Daylight,Rear End,No Control
Rider,Female,46,NotApplicable,NotFatal,NotWorn,PCycling,NoLicence,1,1 City,2,off-peak,50,Cross Road,Straight road,Level,Dry,Not Raining,Daylight,Side Swipe,No Control
Driver,Female,20,Driver,NotFatal,Worn,Small,Provisional 2,1,2 Metropolitan,2,off-peak,60,T-Junction,Straight road,Level,Dry,Not Raining,Daylight,Rear End,Traffic Signals
Pedestrian,Male,27,NotApplicable,NotFatal,NotWorn,Pedestrian on Road,NoLicence,1,2 Metropolitan,2,off-peak,50,Not Divided,Straight road,Level,Dry,Not Raining,Night,Hit Pedestrian,No Control
Driver,Female,71,Driver,NotFatal,Unknown,Small,Full,1,2 Metropolitan,5,peak,80,Divided Road,Straight road,Level,Dry,Not Raining,Daylight,Rear End,No Control
Driver,Male,32,Driver,NotFatal,Worn,Small,Full,1,2 Metropolitan,2,off-peak,80,T-Junction,Straight road,Level,Dry,Not Raining,Daylight,Rear End,No Control
Driver,Female,24,Driver,NotFatal,Worn,Small,Full,1,3 Country,2,off-peak,80,Cross Road,Straight road,Level,Dry,Not Raining,Daylight,Right Angle,Stop Sign
Driver,Female,74,Driver,NotFatal,Worn,Small,Full,1,2 Metropolitan,2,peak,60,Cross Road,Straight road,Level,Dry,Not Raining,Daylight,Right Turn,Traffic Signals
Rider,Male,34,NotApplicable,NotFatal,NotWorn,PCycling,NoLicence,1,2 Metropolitan,1,off-peak,60,Not Divided,Straight road,Level,Dry,Not Raining,Night,Roll Over,No Control
Rider,Male,52,NotApplicable,NotFatal,NotWorn,PCycling,NoLicence,1,2 Metropolitan,2,peak,50,Cross Road,"CURVED, VIEW OPEN",Level,Dry,Not Raining,Daylight,Right Angle,Roundabout
Driver,Female,36,Driver,NotFatal,Worn,Small,Full,1,1 City,2,peak,50,Not Divided,Straight road,Level,Dry,Not Raining,Daylight,Right Turn,No Control
Driver,Female,35,Driver,NotFatal,Worn,Utility,Provisional 2,1,2 Metropolitan,2,off-peak,60,Divided Road,Straight road,Crest of Hill,Dry,Not Raining,Daylight,Hit Parked Vehicle,No Control
Driver,Female,65,Driver,NotFatal,Worn,Small,Full,1,2 Metropolitan,2,off-peak,60,Cross Road,Straight road,Level,Dry,Not Raining,Daylight,Right Turn,Traffic Signals
Driver,Male,39.88915925,Driver,NotFatal,Worn,Small,Full,1,2 Metropolitan,2,peak,60,Not Divided,"CURVED, VIEW OBSCURED",Crest of Hill,Dry,Not Raining,Daylight,Rear End,No Control
Driver,Male,68,Driver,NotFatal,Worn,Utility,Full,1,3 Country,2,off-peak,50,Not Divided,Straight road,Slope,Dry,Not Raining,Daylight,Hit Fixed Object,No Control
Rider,Male,60,NotApplicable,NotFatal,NotWorn,MCycling,NoLicence,1,3 Country,1,off-peak,50,T-Junction,Straight road,Level,Dry,Not Raining,Daylight,Roll Over,Give Way Sign
Rider,Male,46,NotApplicable,NotFatal,NotWorn,PCycling,NoLicence,1,3 Country,2,off-peak,50,Cross Road,Straight road,Level,Dry,Not Raining,Daylight,Right Angle,Give Way Sign
Driver,Male,59,Driver,NotFatal,Worn,Small,Full,1,2 Metropolitan,2,off-peak,50,Not Divided,Straight road,Level,Dry,Not Raining,Daylight,Right Angle,No Control
Passenger,Female,13,Rear Seat Middle Passenger,NotFatal,NotWorn,Small,NoLicence,2,2 Metropolitan,2,off-peak,50,Divided Road,Straight road,Level,Dry,Not Raining,Daylight,Rear End,No Control
Rider,Male,60,NotApplicable,NotFatal,NotWorn,PCycling,NoLicence,1,1 City,2,peak,50,Not Divided,Straight road,Level,Dry,Not Raining,Daylight,Side Swipe,No Control
Driver,Female,77,Driver,NotFatal,Worn,Medium,Full,1,2 Metropolitan,2,peak,50,T-Junction,Straight road,Level,Dry,Not Raining,Daylight,Rear End,No Control
Driver,Female,29,Driver,NotFatal,Worn,Small,Provisional 2,1,3 Country,2,off-peak,100,Cross Road,Straight road,Level,Dry,Not Raining,Daylight,Side Swipe,Give Way Sign
Driver,Male,59,Driver,NotFatal,Worn,Medium,Full,1,1 City,2,peak,50,Cross Road,Straight road,Level,Dry,Not Raining,Daylight,Right Turn,Traffic Signals
Driver,Male,22,Driver,NotFatal,Worn,Small,Full,1,1 City,2,peak,50,Cross Road,Straight road,Level,Dry,Not Raining,Daylight,Right Turn,Traffic Signals
Passenger,Male,9,Front Seat Left Passenger,NotFatal,NotWorn,Medium,NoLicence,3,2 Metropolitan,2,peak,80,Cross Road,Straight road,Level,Dry,Not Raining,Daylight,Rear End,Traffic Signals
Driver,Female,62,Driver,NotFatal,Worn,Small,Full,1,2 Metropolitan,2,peak,60,T-Junction,Straight road,Level,Dry,Not Raining,Daylight,Rear End,Traffic Signals
Driver,Female,32,Driver,NotFatal,Worn,Small,Full,4,2 Metropolitan,2,peak,100,Other,Straight road,Level,Dry,Not Raining,Daylight,Side Swipe,No Control
Rider,Female,48,NotApplicable,NotFatal,NotWorn,PCycling,NoLicence,1,2 Metropolitan,2,peak,40,Cross Road,Straight road,Level,Dry,Not Raining,Daylight,Right Angle,Roundabout
Driver,Female,22,Driver,NotFatal,Worn,Small,Full,2,2 Metropolitan,2,peak,60,T-Junction,Straight road,Level,Dry,Not Raining,Daylight,Rear End,No Control
Driver,Male,21,Driver,NotFatal,Worn,Small,Full,1,2 Metropolitan,2,peak,60,T-Junction,Straight road,Level,Dry,Not Raining,Daylight,Rear End,No Control
Driver,Male,38,Driver,NotFatal,Worn,Small,Full,2,2 Metropolitan,4,off-peak,60,T-Junction,Straight road,Level,Dry,Not Raining,Night,Rear End,Traffic Signals
Driver,Female,19,Driver,NotFatal,Worn,Small,Provisional 2,1,3 Country,2,off-peak,50,Cross Road,Straight road,Level,Dry,Not Raining,Night,Right Turn,Give Way Sign
Driver,Male,36,Driver,NotFatal,Worn,Small,Full,1,3 Country,2,off-peak,50,Cross Road,Straight road,Level,Dry,Not Raining,Night,Right Turn,Give Way Sign
Driver,Male,20,Driver,NotFatal,Worn,Utility,Full,1,2 Metropolitan,2,off-peak,110,Freeway,"CURVED, VIEW OPEN",Slope,Dry,Not Raining,Daylight,Rear End,No Control
Rider,Male,56,NotApplicable,NotFatal,NotWorn,PCycling,NoLicence,1,2 Metropolitan,2,off-peak,60,Divided Road,Straight road,Level,Dry,Not Raining,Night,Hit Fixed Object,No Control
Pedestrian,Female,51,NotApplicable,NotFatal,NotWorn,Pedestrian on Road,NoLicence,1,2 Metropolitan,2,peak,50,Cross Road,"CURVED, VIEW OPEN",Level,Dry,Not Raining,Daylight,Hit Pedestrian,Traffic Signals
Driver,Male,57,Driver,NotFatal,Worn,Small,Unknown,3,2 Metropolitan,3,off-peak,80,Divided Road,Straight road,Level,Dry,Not Raining,Daylight,Rear End,No Control
Passenger,Female,54,Front Seat Left Passenger,NotFatal,NotWorn,Small,NoLicence,3,2 Metropolitan,3,off-peak,80,Divided Road,Straight road,Level,Dry,Not Raining,Daylight,Rear End,No Control
Driver,Female,66,Driver,NotFatal,Unknown,Small,Full,1,2 Metropolitan,2,off-peak,60,T-Junction,Straight road,Level,Dry,Not Raining,Daylight,Side Swipe,Give Way Sign
Driver,Male,53,Driver,NotFatal,Unknown,Small,Full,1,2 Metropolitan,2,off-peak,60,T-Junction,Straight road,Level,Dry,Not Raining,Daylight,Side Swipe,Give Way Sign
Driver,Male,58,Driver,NotFatal,Worn,Small,Full,1,3 Country,2,off-peak,50,Not Divided,Straight road,Slope,Dry,Not Raining,Daylight,Hit Parked Vehicle,No Control
Rider,Male,16,NotApplicable,NotFatal,NotWorn,MCycling,NoLicence,1,2 Metropolitan,2,off-peak,50,Not Divided,"CURVED, VIEW OPEN",Level,Dry,Not Raining,Daylight,Hit Fixed Object,No Control
Driver,Female,43,Driver,NotFatal,Worn,Medium,Full,2,2 Metropolitan,4,off-peak,60,Divided Road,Straight road,Level,Dry,Not Raining,Daylight,Hit Fixed Object,No Control
Passenger,Male,10,Rear Seat Left Passenger,NotFatal,NotWorn,Medium,NoLicence,2,2 Metropolitan,4,off-peak,60,Divided Road,Straight road,Level,Dry,Not Raining,Daylight,Hit Fixed Object,No Control
Driver,Male,46,Driver,NotFatal,Worn,Medium,Full,1,2 Metropolitan,2,off-peak,60,T-Junction,"CURVED, VIEW OPEN",Level,Dry,Not Raining,Night,Hit Fixed Object,Traffic Signals
Driver,Male,23,Driver,NotFatal,NotWorn,Medium,Provisional 2,1,3 Country,1,off-peak,100,Not Divided,"CURVED, VIEW OPEN",Level,Dry,Not Raining,Night,Roll Over,No Control
Rider,Male,55,NotApplicable,NotFatal,NotWorn,PCycling,NoLicence,1,2 Metropolitan,2,peak,60,Cross Road,Straight road,Level,Dry,Not Raining,Daylight,Right Turn,Traffic Signals
Pedestrian,Female,54,NotApplicable,NotFatal,NotWorn,Pedestrian on Road,NoLicence,1,3 Country,2,off-peak,50,Not Divided,Straight road,Level,Dry,Not Raining,Daylight,Hit Pedestrian,No Control
Driver,Male,89,Driver,NotFatal,Worn,Small,Full,2,2 Metropolitan,2,off-peak,60,T-Junction,Straight road,Level,Dry,Not Raining,Night,Hit Parked Vehicle,No Control
Passenger,Female,81,Front Seat Left Passenger,NotFatal,NotWorn,Small,NoLicence,2,2 Metropolitan,2,off-peak,60,T-Junction,Straight road,Level,Dry,Not Raining,Night,Hit Parked Vehicle,No Control
Driver,Female,19,Driver,NotFatal,Worn,Medium,Provisional 2,1,3 Country,1,peak,110,Not Divided,"CURVED, VIEW OPEN",Level,Dry,Not Raining,Daylight,Roll Over,No Control
Rider,Male,57,NotApplicable,NotFatal,NotWorn,PCycling,NoLicence,1,2 Metropolitan,1,peak,60,Divided Road,"CURVED, VIEW OPEN",Level,Dry,Not Raining,Daylight,Roll Over,No Control
Rider,Male,54,NotApplicable,NotFatal,NotWorn,MCycling,NoLicence,1,3 Country,1,off-peak,100,Not Divided,Straight road,Level,Dry,Not Raining,Daylight,Roll Over,No Control
Rider,Male,57,NotApplicable,NotFatal,NotWorn,PCycling,NoLicence,1,3 Country,1,peak,50,Not Divided,Straight road,Crest of Hill,Dry,Not Raining,Daylight,Roll Over,No Control
Driver,Male,86,Driver,NotFatal,Worn,Medium,Full,1,2 Metropolitan,2,peak,50,Not Divided,Straight road,Level,Dry,Not Raining,Daylight,Hit Parked Vehicle,No Control
Driver,Male,53,Driver,NotFatal,Worn,Medium,Full,1,2 Metropolitan,2,off-peak,70,Cross Road,Straight road,Slope,Dry,Not Raining,Daylight,Side Swipe,Traffic Signals
Driver,Male,60,Driver,NotFatal,Worn,Small,Full,1,2 Metropolitan,2,off-peak,60,Not Divided,Straight road,Level,Dry,Not Raining,Daylight,Rear End,No Control
Driver,Male,78,Driver,NotFatal,Worn,Small,Full,1,2 Metropolitan,2,off-peak,50,Not Divided,Straight road,Level,Dry,Not Raining,Daylight,Hit Parked Vehicle,No Control
Driver,Male,38,Driver,NotFatal,Worn,Small,Full,3,2 Metropolitan,2,off-peak,60,T-Junction,Straight road,Level,Dry,Not Raining,Night,Right Turn,Traffic Signals
Passenger,Female,33,Rear Seat Right Passenger,NotFatal,NotWorn,Small,NoLicence,3,2 Metropolitan,2,off-peak,60,T-Junction,Straight road,Level,Dry,Not Raining,Night,Right Turn,Traffic Signals
Driver,Male,28,Driver,NotFatal,Worn,Medium,Full,2,3 Country,2,off-peak,100,Not Divided,"CURVED, VIEW OPEN",Level,Dry,Not Raining,Night,Hit Fixed Object,No Control