cas_type,cas_gender,cas_age,cas_pos_in_veh,fatality,seat_belt,unit_type,lic_type,n_occupants,stat_area,total_units,time,area_speed,acc_pos,hor_align,ver_align,moist_cond,wea_cond,dayNight,crash_type,traf_ctrls
Driver,Female,22,Driver,Fatal,Worn,Small,Full,1,2 Metropolitan,3,off-peak,60,Divided Road,Straight road,Level,Dry,Not Raining,Night,Hit Fixed Object,No Control
Driver,Male,44,Driver,NotFatal,Worn,Utility,Full,1,2 Metropolitan,3,off-peak,80,Freeway,Straight road,Slope,Dry,Not Raining,Night,Rear End,No Control
Driver,Female,20,Driver,NotFatal,Worn,Small,Full,1,2 Metropolitan,2,peak,80,Divided Road,Straight road,Level,Dry,Not Raining,Daylight,Rear End,No Control
Rider,Male,17,NotApplicable,NotFatal,NotWorn,MCycling,NoLicence,1,2 Metropolitan,2,off-peak,60,Multiple,Straight road,Level,Dry,Not Raining,Night,Side Swipe,Traffic Signals
Driver,Female,53,Driver,NotFatal,Worn,Small,Full,1,2 Metropolitan,2,off-peak,80,T-Junction,Straight road,Level,Dry,Not Raining,Daylight,Right Angle,No Control
Rider,Male,7,NotApplicable,NotFatal,NotWorn,PCycling,NoLicence,1,3 Country,2,off-peak,50,Not Divided,"CURVED, VIEW OPEN",Level,Dry,Not Raining,Daylight,Right Angle,No Control
Rider,Male,15,NotApplicable,NotFatal,NotWorn,PCycling,NoLicence,1,3 Country,2,peak,50,Cross Road,Straight road,Level,Dry,Not Raining,Daylight,Side Swipe,Traffic Signals
Driver,Male,29,Driver,NotFatal,Worn,Small,Full,1,2 Metropolitan,2,peak,50,Not Divided,"CURVED, VIEW OPEN",Level,Dry,Not Raining,Daylight,Right Angle,No Control
Driver,Female,24,Driver,NotFatal,Worn,Small,Full,1,2 Metropolitan,2,off-peak,50,Divided Road,Straight road,Level,Dry,Not Raining,Night,Rear End,No Control
Driver,Female,28,Driver,NotFatal,Worn,Small,Full,1,2 Metropolitan,1,peak,60,Not Divided,"CURVED, VIEW OBSCURED",Slope,Dry,Not Raining,Daylight,Left Road - Out of Control,No Control
Rider,Male,27,NotApplicable,NotFatal,NotWorn,MCycling,NoLicence,1,2 Metropolitan,1,peak,50,T-Junction,Straight road,Level,Dry,Not Raining,Daylight,Left Road - Out of Control,No Control
Rider,Female,33,NotApplicable,NotFatal,NotWorn,PCycling,NoLicence,1,1 City,2,off-peak,50,Divided Road,Straight road,Level,Dry,Not Raining,Daylight,Right Angle,No Control
Driver,Male,22,Driver,NotFatal,Worn,Small,Full,2,2 Metropolitan,2,off-peak,60,Pedestrian Crossing,Straight road,Level,Dry,Not Raining,Daylight,Rear End,Traffic Signals
Passenger,Female,39.88915925,Front Seat Left Passenger,NotFatal,NotWorn,Small,NoLicence,2,2 Metropolitan,2,off-peak,60,Pedestrian Crossing,Straight road,Level,Dry,Not Raining,Daylight,Rear End,Traffic Signals
Rider,Male,52,NotApplicable,NotFatal,NotWorn,PCycling,NoLicence,1,2 Metropolitan,2,peak,60,Cross Road,Straight road,Level,Dry,Not Raining,Daylight,Right Turn,Give Way Sign
Driver,Female,31,Driver,NotFatal,Worn,Small,Full,1,2 Metropolitan,2,off-peak,60,Divided Road,Straight road,Level,Dry,Not Raining,Daylight,Rear End,No Control
Driver,Female,22,Driver,NotFatal,Worn,Small,Full,1,2 Metropolitan,1,off-peak,60,Not Divided,"CURVED, VIEW OPEN",Level,Dry,Not Raining,Night,Left Road - Out of Control,No Control
Driver,Female,20,Driver,NotFatal,Worn,Medium,Provisional 2,1,2 Metropolitan,2,off-peak,90,Divided Road,"CURVED, VIEW OPEN",Level,Dry,Not Raining,Daylight,Roll Over,No Control
Driver,Female,20,Driver,NotFatal,Worn,Small,Full,2,2 Metropolitan,2,off-peak,60,Cross Road,Straight road,Level,Dry,Not Raining,Daylight,Rear End,Traffic Signals
Driver,Female,43,Driver,NotFatal,Worn,Small,Full,1,2 Metropolitan,3,off-peak,60,T-Junction,Straight road,Level,Dry,Not Raining,Daylight,Rear End,Traffic Signals
Driver,Female,18,Driver,NotFatal,Worn,Small,Provisional 1 ,1,2 Metropolitan,3,off-peak,60,T-Junction,Straight road,Level,Dry,Not Raining,Daylight,Rear End,Traffic Signals
Driver,Female,52,Driver,NotFatal,Worn,Small,Full,1,2 Metropolitan,2,off-peak,60,T-Junction,Straight road,Level,Dry,Not Raining,Daylight,Rear End,Roundabout
Driver,Female,70,Driver,NotFatal,Worn,Small,Full,1,2 Metropolitan,4,peak,60,Not Divided,Straight road,Level,Dry,Not Raining,Daylight,Right Angle,No Control
Rider,Male,50,NotApplicable,NotFatal,NotWorn,MCycling,NoLicence,1,1 City,2,peak,50,Not Divided,Straight road,Level,Dry,Not Raining,Daylight,Right Angle,No Control
Passenger,Female,20,Front Seat Left Passenger,NotFatal,NotWorn,Small,NoLicence,2,2 Metropolitan,2,peak,60,Cross Road,Straight road,Level,Dry,Not Raining,Night,Right Turn,Traffic Signals
Driver,Male,39.88915925,Driver,NotFatal,Worn,Small,Full,2,2 Metropolitan,2,off-peak,50,Not Divided,Straight road,Slope,Dry,Not Raining,Night,Hit Parked Vehicle,No Control
Passenger,Female,11,Front Seat Left Passenger,NotFatal,NotWorn,Small,NoLicence,2,2 Metropolitan,2,off-peak,50,Not Divided,Straight road,Slope,Dry,Not Raining,Night,Hit Parked Vehicle,No Control
Rider,Male,46,NotApplicable,NotFatal,NotWorn,MCycling,NoLicence,1,2 Metropolitan,2,off-peak,60,Divided Road,Straight road,Level,Dry,Not Raining,Night,Right Angle,No Control
Rider,Male,51,NotApplicable,NotFatal,NotWorn,PCycling,NoLicence,1,2 Metropolitan,2,off-peak,50,Cross Road,Straight road,Level,Dry,Not Raining,Night,Right Angle,Roundabout
Rider,Male,32,NotApplicable,NotFatal,NotWorn,MCycling,NoLicence,1,2 Metropolitan,2,peak,60,T-Junction,Straight road,Level,Dry,Not Raining,Daylight,Hit Fixed Object,No Control
Driver,Male,36,Driver,NotFatal,Worn,Medium,Full,1,2 Metropolitan,2,peak,60,T-Junction,Straight road,Level,Dry,Not Raining,Daylight,Right Angle,Give Way Sign
Driver,Male,50,Driver,NotFatal,Worn,Medium,Full,1,2 Metropolitan,2,peak,60,T-Junction,Straight road,Level,Dry,Not Raining,Daylight,Right Angle,Give Way Sign
Rider,Male,62,NotApplicable,NotFatal,NotWorn,PCycling,NoLicence,1,2 Metropolitan,2,off-peak,60,Not Divided,Straight road,Level,Dry,Not Raining,Daylight,Rear End,No Control
Rider,Male,46,NotApplicable,NotFatal,NotWorn,PCycling,NoLicence,1,2 Metropolitan,2,peak,50,Cross Road,Straight road,Slope,Dry,Not Raining,Daylight,Right Angle,Roundabout
Rider,Male,39,NotApplicable,NotFatal,NotWorn,PCycling,NoLicence,1,1 City,2,peak,50,Divided Road,"CURVED, VIEW OPEN",Level,Dry,Not Raining,Daylight,Side Swipe,No Control
Driver,Female,27,Driver,NotFatal,Worn,Small,Full,1,2 Metropolitan,2,peak,60,Divided Road,Straight road,Level,Dry,Not Raining,Daylight,Hit Fixed Object,No Control
Driver,Female,59,Driver,NotFatal,Worn,Medium,Full,1,2 Metropolitan,2,off-peak,60,Divided Road,Straight road,Level,Dry,Not Raining,Daylight,Rear End,No Control
Driver,Female,47,Driver,NotFatal,Worn,Utility,Full,1,2 Metropolitan,2,peak,60,T-Junction,Straight road,Level,Dry,Not Raining,Daylight,Right Turn,Stop Sign
Driver,Male,21,Driver,NotFatal,Unknown,Small,Full,1,3 Country,2,off-peak,50,Not Divided,Straight road,Level,Dry,Not Raining,Daylight,Hit Fixed Object,No Control
Pedestrian,Male,15,NotApplicable,NotFatal,NotWorn,Pedestrian on Road,NoLicence,1,2 Metropolitan,2,off-peak,60,Not Divided,Straight road,Level,Dry,Unknown,Daylight,Hit Pedestrian,No Control
Driver,Male,24,Driver,NotFatal,Worn,Medium,Full,2,1 City,2,peak,50,Divided Road,"CURVED, VIEW OPEN",Slope,Dry,Not Raining,Daylight,Rear End,No Control
Passenger,Female,24,Rear Seat Left Passenger,NotFatal,NotWorn,Small,NoLicence,2,2 Metropolitan,1,peak,60,Divided Road,Straight road,Level,Dry,Not Raining,Daylight,Other,No Control
Driver,Female,27,Driver,NotFatal,Worn,Small,Full,3,2 Metropolitan,2,off-peak,60,T-Junction,Straight road,Level,Dry,Not Raining,Night,Rear End,No Control
Driver,Male,62,Driver,NotFatal,Unknown,Small,Full,2,2 Metropolitan,2,off-peak,50,Not Divided,Straight road,Level,Dry,Not Raining,Daylight,Head On,No Control
Passenger,Female,59,Front Seat Left Passenger,NotFatal,NotWorn,Small,NoLicence,2,2 Metropolitan,2,off-peak,50,Not Divided,Straight road,Level,Dry,Not Raining,Daylight,Head On,No Control
Driver,Male,24,Driver,NotFatal,Unknown,Small,Provisional 2,1,3 Country,1,peak,80,Not Divided,Straight road,Bottom of Hill,Dry,Not Raining,Daylight,Roll Over,No Control
Driver,Male,47,Driver,NotFatal,Worn,Medium,Full,1,2 Metropolitan,2,off-peak,60,T-Junction,Straight road,Level,Dry,Not Raining,Night,Rear End,Give Way Sign
Driver,Female,29,Driver,NotFatal,Worn,Small,Full,1,2 Metropolitan,2,off-peak,50,T-Junction,Straight road,Level,Dry,Not Raining,Night,Rear End,No Control
Rider,Male,33,NotApplicable,NotFatal,NotWorn,PCycling,NoLicence,1,2 Metropolitan,2,off-peak,50,Not Divided,Straight road,Level,Dry,Not Raining,Night,Rear End,No Control
Driver,Male,59,Driver,NotFatal,Worn,Utility,Full,1,2 Metropolitan,2,off-peak,60,Cross Road,Straight road,Level,Dry,Not Raining,Night,Rear End,Traffic Signals
Driver,Male,39,Driver,NotFatal,Worn,Small,Learners,1,2 Metropolitan,3,off-peak,50,Not Divided,Straight road,Bottom of Hill,Dry,Not Raining,Night,Hit Parked Vehicle,No Control
Driver,Female,23,Driver,NotFatal,Worn,Small,Full,1,2 Metropolitan,4,off-peak,60,Divided Road,Straight road,Level,Dry,Not Raining,Night,Rear End,No Control
Driver,Male,42,Driver,NotFatal,Worn,Utility,Full,1,3 Country,2,off-peak,100,Not Divided,"CURVED, VIEW OPEN",Level,Dry,Not Raining,Daylight,Hit Fixed Object,No Control
Rider,Male,48,NotApplicable,NotFatal,NotWorn,PCycling,NoLicence,1,2 Metropolitan,2,peak,60,Not Divided,Straight road,Slope,Dry,Not Raining,Daylight,Right Turn,No Control
Passenger,Female,24,Front Seat Left Passenger,NotFatal,NotWorn,Small,NoLicence,2,2 Metropolitan,3,off-peak,60,T-Junction,Straight road,Level,Dry,Not Raining,Daylight,Rear End,No Control
Driver,Female,20,Driver,NotFatal,Worn,Small,Provisional 2,1,2 Metropolitan,3,off-peak,60,T-Junction,Straight road,Level,Dry,Not Raining,Daylight,Rear End,No Control
Driver,Male,34,Driver,NotFatal,Worn,Medium,Full,1,2 Metropolitan,3,off-peak,60,T-Junction,Straight road,Level,Dry,Not Raining,Daylight,Rear End,No Control
Pedestrian,Male,84,NotApplicable,NotFatal,NotWorn,Pedestrian on Road,NoLicence,1,2 Metropolitan,2,peak,60,Divided Road,Straight road,Level,Dry,Not Raining,Daylight,Hit Pedestrian,No Control
Passenger,Female,88,Front Seat Left Passenger,NotFatal,NotWorn,Small,NoLicence,2,2 Metropolitan,2,off-peak,60,T-Junction,Straight road,Level,Dry,Not Raining,Daylight,Right Turn,Traffic Signals
Driver,Female,70,Driver,NotFatal,Worn,Small,Full,1,2 Metropolitan,2,off-peak,60,T-Junction,Straight road,Level,Dry,Not Raining,Daylight,Right Turn,Traffic Signals
Driver,Female,48,Driver,NotFatal,Worn,Utility,Full,1,2 Metropolitan,2,peak,60,Divided Road,Straight road,Level,Dry,Not Raining,Daylight,Rear End,No Control
Passenger,Female,26,Front Seat Left Passenger,NotFatal,NotWorn,Utility,NoLicence,1,2 Metropolitan,2,off-peak,60,Cross Road,Straight road,Level,Dry,Not Raining,Daylight,Rear End,Traffic Signals
Passenger,Female,15,Front Seat Left Passenger,NotFatal,NotWorn,Medium,NoLicence,2,3 Country,2,off-peak,100,Not Divided,Straight road,Level,Dry,Not Raining,Daylight,Rear End,No Control
Passenger,Male,15,Rear Seat Left Passenger,NotFatal,NotWorn,Small,NoLicence,3,2 Metropolitan,2,peak,50,T-Junction,Straight road,Level,Dry,Not Raining,Daylight,Side Swipe,No Control
Passenger,Male,9,Front Seat Left Passenger,NotFatal,NotWorn,Small,NoLicence,3,2 Metropolitan,2,peak,50,T-Junction,Straight road,Level,Dry,Not Raining,Daylight,Side Swipe,No Control
Driver,Female,45,Driver,NotFatal,Worn,Medium,Full,3,2 Metropolitan,2,peak,60,T-Junction,Straight road,Level,Dry,Not Raining,Daylight,Right Angle,No Control
Pedestrian,Male,25,NotApplicable,NotFatal,NotWorn,Pedestrian on Road,NoLicence,1,1 City,2,peak,50,Cross Road,Straight road,Level,Dry,Not Raining,Night,Hit Pedestrian,Traffic Signals
Rider,Female,54,NotApplicable,NotFatal,NotWorn,MCycling,NoLicence,1,2 Metropolitan,2,peak,60,Cross Road,Straight road,Level,Dry,Not Raining,Daylight,Side Swipe,Traffic Signals
Pedestrian,Male,34,NotApplicable,NotFatal,NotWorn,Pedestrian on Road,NoLicence,1,2 Metropolitan,2,off-peak,50,Not Divided,Straight road,Level,Dry,Not Raining,Daylight,Hit Pedestrian,No Control
Driver,Female,33,Driver,NotFatal,Worn,Small,Full,2,3 Country,2,peak,50,Not Divided,Straight road,Bottom of Hill,Dry,Not Raining,Daylight,Hit Parked Vehicle,No Control
Driver,Male,84,Driver,NotFatal,Worn,Small,Full,1,2 Metropolitan,2,peak,50,Not Divided,Straight road,Level,Dry,Not Raining,Daylight,Side Swipe,No Control
Driver,Female,36,Driver,NotFatal,Worn,Small,Full,1,2 Metropolitan,2,peak,60,Divided Road,Straight road,Level,Dry,Not Raining,Daylight,Rear End,No Control
Rider,Male,26,NotApplicable,NotFatal,NotWorn,MCycling,NoLicence,1,2 Metropolitan,2,peak,50,T-Junction,Straight road,Level,Dry,Not Raining,Daylight,Right Turn,Give Way Sign
Driver,Female,44,Driver,NotFatal,Worn,Small,Full,1,2 Metropolitan,2,off-peak,60,Multiple,Straight road,Slope,Dry,Not Raining,Daylight,Rear End,Traffic Signals
Driver,Female,77,Driver,NotFatal,Worn,Small,Full,1,2 Metropolitan,2,off-peak,60,T-Junction,Straight road,Level,Dry,Not Raining,Daylight,Rear End,No Control
Rider,Male,53,NotApplicable,NotFatal,NotWorn,MCycling,NoLicence,1,2 Metropolitan,2,off-peak,60,T-Junction,Straight road,Level,Dry,Not Raining,Daylight,Right Angle,Give Way Sign
Driver,Female,60,Driver,NotFatal,Worn,Small,Full,1,2 Metropolitan,2,off-peak,60,Divided Road,Straight road,Level,Dry,Not Raining,Daylight,Rear End,No Control
Rider,Male,29,NotApplicable,NotFatal,NotWorn,PCycling,NoLicence,1,2 Metropolitan,2,off-peak,60,Not Divided,Straight road,Level,Dry,Not Raining,Daylight,Side Swipe,No Control
Driver,Female,31,Driver,NotFatal,Worn,Medium,Full,1,2 Metropolitan,2,off-peak,60,Divided Road,Straight road,Level,Dry,Not Raining,Daylight,Rear End,No Control
Rider,Male,33,NotApplicable,NotFatal,NotWorn,MCycling,NoLicence,1,2 Metropolitan,2,off-peak,60,Divided Road,Straight road,Level,Dry,Not Raining,Daylight,Right Turn,No Control
Rider,Male,39.88915925,NotApplicable,NotFatal,NotWorn,PCycling,NoLicence,1,2 Metropolitan,2,peak,50,Cross Road,"CURVED, VIEW OPEN",Level,Dry,Not Raining,Daylight,Right Angle,Roundabout
Rider,Male,24,NotApplicable,NotFatal,NotWorn,MCycling,NoLicence,1,2 Metropolitan,1,off-peak,60,T-Junction,"CURVED, VIEW OPEN",Level,Dry,Not Raining,Daylight,Roll Over,Give Way Sign
Rider,Female,49,NotApplicable,NotFatal,NotWorn,PCycling,NoLicence,1,2 Metropolitan,2,off-peak,60,Cross Road,Straight road,Level,Dry,Not Raining,Daylight,Right Turn,Give Way Sign
Driver,Male,33,Driver,NotFatal,Worn,Small,Full,1,2 Metropolitan,2,peak,70,Divided Road,Straight road,Level,Dry,Not Raining,Daylight,Side Swipe,No Control
Rider,Female,58,NotApplicable,NotFatal,NotWorn,MCycling,NoLicence,1,1 City,1,peak,50,Not Divided,Straight road,Level,Dry,Not Raining,Daylight,Roll Over,No Control
Driver,Female,39,Driver,NotFatal,Worn,Small,Full,1,2 Metropolitan,2,off-peak,80,Cross Road,Straight road,Level,Dry,Not Raining,Daylight,Rear End,Traffic Signals
Pedestrian,Female,34,NotApplicable,NotFatal,NotWorn,Pedestrian on Road,NoLicence,1,1 City,2,off-peak,50,T-Junction,Straight road,Level,Wet,Raining,Night,Hit Pedestrian,Traffic Signals
Driver,Female,20,Driver,NotFatal,Worn,Small,Full,1,2 Metropolitan,2,peak,100,Not Divided,"CURVED, VIEW OPEN",Level,Wet,Raining,Daylight,Hit Fixed Object,No Control
Driver,Male,48,Driver,NotFatal,Worn,Utility,Full,1,3 Country,2,off-peak,110,Not Divided,"CURVED, VIEW OPEN",Level,Wet,Raining,Night,Roll Over,No Control
Rider,Male,21,NotApplicable,NotFatal,NotWorn,MCycling,NoLicence,1,2 Metropolitan,2,off-peak,60,Cross Road,Straight road,Level,Dry,Not Raining,Night,Hit Fixed Object,Give Way Sign
Driver,Female,17,Driver,NotFatal,Worn,Small,Provisional 1 ,2,2 Metropolitan,2,off-peak,80,Not Divided,"CURVED, VIEW OBSCURED",Slope,Wet,Not Raining,Night,Hit Fixed Object,No Control
Driver,Male,19,Driver,NotFatal,Unknown,Small,Provisional 1 ,2,2 Metropolitan,3,off-peak,50,Not Divided,Straight road,Level,Dry,Not Raining,Night,Hit Fixed Object,No Control
Passenger,Female,18,Front Seat Left Passenger,NotFatal,NotWorn,Small,NoLicence,2,2 Metropolitan,3,off-peak,50,Not Divided,Straight road,Level,Dry,Not Raining,Night,Hit Fixed Object,No Control
Driver,Male,20,Driver,NotFatal,NotWorn,Utility,Full,1,3 Country,1,off-peak,100,Not Divided,"CURVED, VIEW OPEN",Level,Dry,Not Raining,Night,Roll Over,No Control
Passenger,Female,32,Front Seat Left Passenger,NotFatal,NotWorn,Small,NoLicence,2,3 Country,2,peak,80,Divided Road,Straight road,Level,Wet,Raining,Daylight,Rear End,No Control
Driver,Male,24,Driver,NotFatal,Worn,Small,Full,1,2 Metropolitan,2,peak,60,Other,"CURVED, VIEW OPEN",Level,Wet,Raining,Daylight,Side Swipe,No Control
Driver,Male,65,Driver,NotFatal,Worn,Small,Full,2,2 Metropolitan,2,off-peak,80,T-Junction,"CURVED, VIEW OPEN",Slope,Wet,Raining,Daylight,Rear End,Traffic Signals
Passenger,Male,21,Front Seat Left Passenger,NotFatal,NotWorn,Utility,NoLicence,2,2 Metropolitan,2,off-peak,70,Divided Road,Straight road,Level,Wet,Raining,Daylight,Hit Fixed Object,No Control
Driver,Female,37,Driver,Fatal,Worn,Medium,Unlicenced,1,3 Country,2,peak,110,Not Divided,Straight road,Level,Wet,Raining,Daylight,Hit Fixed Object,No Control
Driver,Female,53,Driver,NotFatal,Worn,Medium,Full,1,2 Metropolitan,2,peak,50,Cross Road,Straight road,Level,Wet,Raining,Daylight,Right Angle,Give Way Sign
Driver,Male,75,Driver,NotFatal,Worn,Medium,Full,3,2 Metropolitan,2,peak,60,Divided Road,Straight road,Level,Wet,Raining,Daylight,Rear End,No Control
Passenger,Female,48,Front Seat Left Passenger,NotFatal,NotWorn,Medium,NoLicence,3,2 Metropolitan,2,peak,60,Divided Road,Straight road,Level,Wet,Raining,Daylight,Rear End,No Control
Driver,Male,35,Driver,NotFatal,Worn,Small,Full,1,2 Metropolitan,4,off-peak,60,Divided Road,Straight road,Level,Wet,Raining,Daylight,Rear End,No Control
Passenger,Male,1,Rear Seat Middle Passenger,NotFatal,NotWorn,Small,NoLicence,2,2 Metropolitan,2,off-peak,50,Cross Road,Straight road,Level,Wet,Raining,Daylight,Rear End,Roundabout
Driver,Female,33,Driver,NotFatal,Worn,Small,Full,1,2 Metropolitan,2,off-peak,80,Cross Road,Straight road,Slope,Dry,Not Raining,Daylight,Rear End,Traffic Signals
Driver,Female,55,Driver,NotFatal,Worn,Medium,Full,1,2 Metropolitan,2,off-peak,80,Cross Road,Straight road,Slope,Dry,Not Raining,Daylight,Rear End,Traffic Signals
Passenger,Female,23,Front Seat Left Passenger,NotFatal,NotWorn,Small,NoLicence,3,2 Metropolitan,2,off-peak,60,T-Junction,Straight road,Level,Wet,Raining,Night,Rear End,Traffic Signals
Rider,Male,51,NotApplicable,NotFatal,NotWorn,PCycling,NoLicence,1,2 Metropolitan,2,off-peak,50,Not Divided,Straight road,Level,Dry,Not Raining,Night,Hit Parked Vehicle,No Control
Driver,Male,87,Driver,NotFatal,Worn,Medium,Full,1,3 Country,2,off-peak,110,Not Divided,"CURVED, VIEW OPEN",Level,Dry,Not Raining,Daylight,Rear End,No Control
Driver,Male,51,Driver,NotFatal,Worn,Small,Full,1,3 Country,2,off-peak,110,Not Divided,"CURVED, VIEW OPEN",Level,Dry,Not Raining,Daylight,Rear End,No Control
Driver,Male,18,Driver,NotFatal,Unknown,Small,Provisional 2,2,2 Metropolitan,2,peak,80,Divided Road,"CURVED, VIEW OPEN",Level,Wet,Raining,Daylight,Hit Fixed Object,No Control
Passenger,Male,18,Front Seat Left Passenger,NotFatal,NotWorn,Small,NoLicence,2,2 Metropolitan,2,peak,80,Divided Road,"CURVED, VIEW OPEN",Level,Wet,Raining,Daylight,Hit Fixed Object,No Control
Driver,Male,75,Driver,NotFatal,Worn,Medium,Full,1,2 Metropolitan,2,off-peak,50,Not Divided,Straight road,Level,Wet,Raining,Night,Hit Fixed Object,No Control
Driver,Female,44,Driver,NotFatal,Worn,Small,Full,1,2 Metropolitan,4,peak,60,Divided Road,Straight road,Level,Wet,Not Raining,Daylight,Rear End,No Control
Driver,Male,44,Driver,NotFatal,Worn,Small,Full,1,2 Metropolitan,2,off-peak,60,Divided Road,Straight road,Level,Wet,Not Raining,Night,Hit Fixed Object,No Control
Driver,Male,19,Driver,NotFatal,Worn,Small,Unlicenced,2,2 Metropolitan,1,off-peak,80,Not Divided,"CURVED, VIEW OBSCURED",Slope,Wet,Raining,Night,Left Road - Out of Control,No Control
Passenger,Female,17,Front Seat Left Passenger,NotFatal,NotWorn,Small,NoLicence,2,2 Metropolitan,1,off-peak,80,Not Divided,"CURVED, VIEW OBSCURED",Slope,Wet,Raining,Night,Left Road - Out of Control,No Control
Driver,Male,18,Driver,NotFatal,Unknown,Small,Provisional 1 ,1,3 Country,1,peak,100,Not Divided,Straight road,Slope,Wet,Raining,Daylight,Roll Over,No Control
Driver,Male,33,Driver,NotFatal,Worn,Utility,Full,3,2 Metropolitan,2,off-peak,60,Divided Road,Straight road,Level,Wet,Raining,Daylight,Side Swipe,No Control
Passenger,Female,4,Rear Seat Left Passenger,NotFatal,NotWorn,Utility,NoLicence,3,2 Metropolitan,2,off-peak,60,Divided Road,Straight road,Level,Wet,Raining,Daylight,Side Swipe,No Control
Passenger,Female,38,Front Seat Left Passenger,NotFatal,NotWorn,Utility,NoLicence,3,2 Metropolitan,2,off-peak,60,Divided Road,Straight road,Level,Wet,Raining,Daylight,Side Swipe,No Control
Driver,Female,38,Driver,NotFatal,Worn,Small,Full,1,2 Metropolitan,2,off-peak,80,Other,"CURVED, VIEW OPEN",Slope,Wet,Raining,Daylight,Hit Fixed Object,No Control
Driver,Female,53,Driver,NotFatal,Worn,Small,Full,1,2 Metropolitan,2,off-peak,60,Not Divided,Straight road,Level,Wet,Raining,Night,Head On,No Control
Driver,Female,23,Driver,NotFatal,Worn,Small,Full,1,3 Country,2,off-peak,110,Not Divided,Straight road,Level,Dry,Not Raining,Night,Hit Fixed Object,No Control
Passenger,Female,29,Front Seat Left Passenger,NotFatal,NotWorn,Small,NoLicence,2,2 Metropolitan,4,off-peak,50,Not Divided,"CURVED, VIEW OPEN",Level,Dry,Not Raining,Daylight,Hit Fixed Object,No Control
Driver,Female,23,Driver,NotFatal,Worn,Small,Full,1,2 Metropolitan,2,off-peak,80,Not Divided,"CURVED, VIEW OBSCURED",Slope,Wet,Raining,Daylight,Head On,No Control
Pedestrian,Female,20,NotApplicable,NotFatal,NotWorn,Pedestrian on Road,NoLicence,1,2 Metropolitan,2,off-peak,60,Divided Road,Straight road,Level,Wet,Not Raining,Daylight,Hit Pedestrian,No Control
Rider,Male,40,NotApplicable,NotFatal,NotWorn,PCycling,NoLicence,1,2 Metropolitan,3,off-peak,50,Cross Road,Straight road,Bottom of Hill,Wet,Raining,Daylight,Right Turn,Give Way Sign
Driver,Female,37,Driver,NotFatal,Worn,Small,Full,2,2 Metropolitan,2,off-peak,60,Cross Road,Straight road,Slope,Wet,Raining,Daylight,Rear End,Traffic Signals
Driver,Male,50,Driver,NotFatal,Worn,Medium,Full,1,2 Metropolitan,2,off-peak,60,T-Junction,Straight road,Level,Wet,Raining,Daylight,Rear End,Traffic Signals
Driver,Male,61,Driver,Fatal,Worn,Large,Full,1,3 Country,2,off-peak,110,Not Divided,"CURVED, VIEW OPEN",Level,Dry,Not Raining,Daylight,Hit Fixed Object,No Control
Rider,Male,40,NotApplicable,NotFatal,NotWorn,MCycling,NoLicence,1,3 Country,2,off-peak,100,Not Divided,"CURVED, VIEW OPEN",Level,Dry,Not Raining,Daylight,Hit Fixed Object,No Control
Passenger,Female,72,Front Seat Left Passenger,NotFatal,NotWorn,Small,NoLicence,2,2 Metropolitan,2,off-peak,60,T-Junction,Straight road,Level,Dry,Not Raining,Daylight,Side Swipe,Traffic Signals
Driver,Male,27,Driver,NotFatal,Worn,Utility,Full,1,3 Country,1,off-peak,100,Not Divided,"CURVED, VIEW OBSCURED",Level,Dry,Not Raining,Night,Roll Over,No Control
Driver,Female,37,Driver,NotFatal,Worn,Small,Full,1,2 Metropolitan,2,peak,60,Not Divided,Straight road,Level,Wet,Raining,Daylight,Rear End,No Control
Driver,Male,43,Driver,NotFatal,Worn,Medium,Full,1,2 Metropolitan,3,off-peak,90,T-Junction,Straight road,Level,Wet,Not Raining,Night,Rear End,Stop Sign
Driver,Female,27,Driver,NotFatal,Worn,Medium,Full,1,2 Metropolitan,2,off-peak,50,T-Junction,Straight road,Level,Dry,Not Raining,Night,Right Angle,No Control
Rider,Male,18,NotApplicable,NotFatal,NotWorn,MCycling,NoLicence,1,2 Metropolitan,2,off-peak,60,Divided Road,Straight road,Level,Dry,Not Raining,Daylight,Side Swipe,No Control
Rider,Male,31,NotApplicable,NotFatal,NotWorn,PCycling,NoLicence,1,2 Metropolitan,2,peak,60,T-Junction,Straight road,Level,Dry,Not Raining,Daylight,Rear End,No Control
Rider,Male,41,NotApplicable,NotFatal,NotWorn,PCycling,NoLicence,1,2 Metropolitan,1,off-peak,80,Not Divided,"CURVED, VIEW OBSCURED",Slope,Dry,Not Raining,Night,Roll Over,No Control
Pedestrian,Male,4,NotApplicable,NotFatal,NotWorn,Pedestrian on Road,NoLicence,1,3 Country,2,off-peak,40,Not Divided,Straight road,Level,Dry,Not Raining,Night,Hit Pedestrian,No Control
Pedestrian,Male,29,NotApplicable,NotFatal,NotWorn,Pedestrian on Road,NoLicence,1,3 Country,2,off-peak,50,Not Divided,Straight road,Level,Dry,Not Raining,Night,Hit Pedestrian,No Control
Driver,Female,74,Driver,NotFatal,Worn,Small,Full,1,2 Metropolitan,2,off-peak,50,Not Divided,Straight road,Level,Dry,Not Raining,Daylight,Head On,No Control
Driver,Male,34,Driver,NotFatal,Worn,Small,Full,1,2 Metropolitan,2,off-peak,60,Cross Road,Straight road,Level,Dry,Not Raining,Daylight,Rear End,Traffic Signals