cas_type,cas_gender,cas_age,cas_pos_in_veh,fatality,seat_belt,unit_type,lic_type,n_occupants,stat_area,total_units,time,area_speed,acc_pos,hor_align,ver_align,moist_cond,wea_cond,dayNight,crash_type,traf_ctrls
Driver,Female,71,Driver,NotFatal,Unknown,Small,Full,1,2 Metropolitan,2,off-peak,60,T-Junction,Straight road,Slope,Dry,Not Raining,Daylight,Right Angle,Give Way Sign
Driver,Female,41,Driver,NotFatal,Worn,Small,Full,2,2 Metropolitan,2,off-peak,60,T-Junction,Straight road,Slope,Dry,Not Raining,Daylight,Right Angle,Give Way Sign
Passenger,Female,71,Front Seat Left Passenger,NotFatal,NotWorn,Small,NoLicence,2,2 Metropolitan,2,off-peak,60,T-Junction,Straight road,Slope,Dry,Not Raining,Daylight,Right Angle,Give Way Sign
Rider,Male,30,NotApplicable,NotFatal,NotWorn,PCycling,NoLicence,1,1 City,2,off-peak,60,Not Divided,Straight road,Level,Dry,Not Raining,Daylight,Hit Parked Vehicle,No Control
Rider,Male,23,NotApplicable,NotFatal,NotWorn,MCycling,NoLicence,1,2 Metropolitan,1,off-peak,60,Not Divided,"CURVED, VIEW OBSCURED",Slope,Wet,Not Raining,Night,Left Road - Out of Control,No Control
Driver,Male,35,Driver,NotFatal,Worn,Small,Full,2,2 Metropolitan,3,off-peak,60,T-Junction,Straight road,Level,Dry,Not Raining,Daylight,Right Angle,Traffic Signals
Passenger,Female,23,Front Seat Left Passenger,NotFatal,NotWorn,Small,NoLicence,2,2 Metropolitan,3,off-peak,60,T-Junction,Straight road,Level,Dry,Not Raining,Daylight,Right Angle,Traffic Signals
Driver,Female,47,Driver,NotFatal,Worn,Utility,Full,1,2 Metropolitan,2,off-peak,60,Divided Road,Straight road,Level,Dry,Not Raining,Daylight,Hit Parked Vehicle,No Control
Rider,Male,39.88915925,NotApplicable,NotFatal,NotWorn,PCycling,NoLicence,1,2 Metropolitan,2,off-peak,60,Divided Road,Straight road,Level,Wet,Raining,Daylight,Right Angle,No Control
Rider,Male,23,NotApplicable,NotFatal,NotWorn,PCycling,NoLicence,1,2 Metropolitan,1,peak,60,T-Junction,Straight road,Slope,Dry,Not Raining,Daylight,Roll Over,No Control
Driver,Male,49,Driver,NotFatal,Worn,Medium,Full,1,2 Metropolitan,3,peak,25,Not Divided,Straight road,Level,Dry,Not Raining,Daylight,Rear End,No Control
Passenger,Male,75,Front Seat Left Passenger,NotFatal,NotWorn,Small,NoLicence,2,2 Metropolitan,3,peak,25,Not Divided,Straight road,Level,Dry,Not Raining,Daylight,Rear End,No Control
Driver,Female,36,Driver,NotFatal,Worn,Small,Full,1,2 Metropolitan,2,off-peak,80,Cross Road,Straight road,Crest of Hill,Dry,Not Raining,Daylight,Right Angle,Roundabout
Driver,Female,23,Driver,NotFatal,Worn,Small,Full,1,2 Metropolitan,2,off-peak,60,Divided Road,Straight road,Level,Dry,Not Raining,Daylight,Rear End,No Control
Rider,Male,78,NotApplicable,NotFatal,NotWorn,PCycling,NoLicence,1,2 Metropolitan,2,peak,50,Cross Road,Straight road,Level,Dry,Not Raining,Daylight,Right Angle,Roundabout
Driver,Male,35,Driver,NotFatal,Worn,Small,Full,1,2 Metropolitan,2,peak,60,Cross Road,Straight road,Level,Dry,Not Raining,Daylight,Right Angle,Traffic Signals
Driver,Female,58,Driver,NotFatal,Worn,Small,Full,1,2 Metropolitan,2,off-peak,60,Cross Road,Straight road,Level,Dry,Not Raining,Daylight,Rear End,Roundabout
Driver,Female,40,Driver,NotFatal,Worn,Small,Full,2,2 Metropolitan,2,off-peak,60,Cross Road,Straight road,Level,Dry,Not Raining,Daylight,Right Turn,Traffic Signals
Driver,Male,39,Driver,NotFatal,Worn,Large,Full,1,3 Country,2,off-peak,110,Not Divided,Straight road,Level,Dry,Not Raining,Daylight,Rear End,No Control
Driver,Female,77,Driver,NotFatal,Worn,Small,Full,1,2 Metropolitan,2,off-peak,50,Not Divided,Straight road,Level,Dry,Not Raining,Daylight,Head On,No Control
Rider,Male,39,NotApplicable,NotFatal,NotWorn,MCycling,NoLicence,1,2 Metropolitan,2,off-peak,60,Cross Road,Straight road,Level,Dry,Not Raining,Night,Right Turn,Stop Sign
Driver,Female,52,Driver,NotFatal,Worn,Small,Probationary,1,3 Country,1,off-peak,110,Not Divided,Straight road,Level,Dry,Not Raining,Daylight,Roll Over,No Control
Driver,Male,59,Driver,NotFatal,Worn,Small,Full,1,3 Country,2,off-peak,90,Not Divided,"CURVED, VIEW OPEN",Slope,Dry,Not Raining,Daylight,Head On,No Control
Rider,Male,42,NotApplicable,NotFatal,NotWorn,PCycling,NoLicence,1,2 Metropolitan,2,off-peak,50,Not Divided,Straight road,Level,Dry,Not Raining,Daylight,Side Swipe,No Control
Rider,Male,25,NotApplicable,NotFatal,NotWorn,MCycling,NoLicence,1,2 Metropolitan,3,off-peak,60,T-Junction,Straight road,Level,Dry,Not Raining,Night,Right Angle,Stop Sign
Driver,Male,35,Driver,NotFatal,NotWorn,Medium,Disqualified,1,2 Metropolitan,2,off-peak,80,Not Divided,"CURVED, VIEW OBSCURED",Slope,Dry,Not Raining,Night,Hit Fixed Object,No Control
Rider,Male,46,NotApplicable,NotFatal,NotWorn,PCycling,NoLicence,1,2 Metropolitan,2,off-peak,60,Cross Road,Straight road,Level,Dry,Not Raining,Daylight,Right Turn,Traffic Signals
Driver,Male,23,Driver,NotFatal,Worn,Utility,Provisional 2,1,2 Metropolitan,2,off-peak,40,Not Divided,"CURVED, VIEW OPEN",Level,Dry,Not Raining,Daylight,Rear End,No Control
Pedestrian,Female,55,NotApplicable,NotFatal,NotWorn,Pedestrian on Road,NoLicence,1,3 Country,2,off-peak,50,Cross Road,Straight road,Level,Dry,Not Raining,Daylight,Hit Pedestrian,Traffic Signals
Driver,Female,31,Driver,NotFatal,Worn,Small,Full,1,2 Metropolitan,2,off-peak,50,Not Divided,Straight road,Slope,Dry,Not Raining,Night,Head On,No Control
Driver,Male,17,Driver,NotFatal,Worn,Small,Provisional 1 ,1,2 Metropolitan,2,off-peak,50,Not Divided,Straight road,Slope,Dry,Not Raining,Night,Head On,No Control
Driver,Male,41,Driver,NotFatal,Worn,Small,Full,1,2 Metropolitan,2,off-peak,50,Not Divided,Straight road,Level,Dry,Not Raining,Daylight,Right Turn,No Control
Rider,Male,22,NotApplicable,NotFatal,NotWorn,MCycling,NoLicence,1,3 Country,1,off-peak,100,Other,Straight road,Level,Dry,Not Raining,Daylight,Roll Over,No Control
Driver,Male,30,Driver,NotFatal,Worn,Small,Full,2,2 Metropolitan,2,off-peak,60,T-Junction,Straight road,Level,Dry,Not Raining,Night,Right Angle,Traffic Signals
Driver,Female,17,Driver,NotFatal,Worn,Small,Provisional 1 ,2,2 Metropolitan,2,off-peak,50,Cross Road,Straight road,Level,Dry,Not Raining,Night,Right Turn,Traffic Signals
Driver,Female,58,Driver,NotFatal,Worn,Small,Full,1,2 Metropolitan,3,off-peak,110,Freeway,Straight road,Level,Dry,Not Raining,Daylight,Rear End,No Control
Passenger,Male,39.88915925,Front Seat Left Passenger,NotFatal,NotWorn,Small,NoLicence,2,2 Metropolitan,2,off-peak,80,Divided Road,Straight road,Slope,Dry,Not Raining,Night,Hit Fixed Object,No Control
Driver,Male,30,Driver,NotFatal,Worn,Small,Full,1,2 Metropolitan,2,off-peak,60,Cross Road,Straight road,Level,Wet,Raining,Night,Rear End,Traffic Signals
Driver,Male,40,Driver,NotFatal,Worn,Small,Full,1,2 Metropolitan,2,off-peak,60,T-Junction,Straight road,Level,Dry,Not Raining,Daylight,Rear End,Traffic Signals
Driver,Female,50,Driver,NotFatal,Worn,Medium,Full,2,2 Metropolitan,2,off-peak,80,Cross Road,Straight road,Level,Dry,Not Raining,Daylight,Rear End,Traffic Signals
Rider,Male,54,NotApplicable,NotFatal,NotWorn,MCycling,NoLicence,1,2 Metropolitan,2,off-peak,60,Divided Road,Straight road,Level,Dry,Not Raining,Daylight,Side Swipe,No Control
Driver,Female,44,Driver,NotFatal,Worn,Small,Full,1,2 Metropolitan,2,peak,50,Cross Road,Straight road,Level,Dry,Not Raining,Daylight,Rear End,Traffic Signals
Driver,Female,32,Driver,NotFatal,Worn,Medium,Full,2,2 Metropolitan,3,off-peak,60,Divided Road,Straight road,Level,Dry,Not Raining,Daylight,Rear End,No Control
Passenger,Female,54,Passenger on Multi-Passenger Vehicle,NotFatal,NotWorn,Medium,NoLicence,20,1 City,1,peak,60,Divided Road,Straight road,Level,Dry,Not Raining,Daylight,Other,No Control
Driver,Female,57,Driver,NotFatal,Worn,Small,Full,1,2 Metropolitan,3,off-peak,70,Divided Road,Straight road,Slope,Dry,Not Raining,Daylight,Rear End,No Control
Driver,Female,76,Driver,NotFatal,Worn,Small,Full,1,2 Metropolitan,3,off-peak,60,T-Junction,Straight road,Level,Dry,Not Raining,Daylight,Right Turn,No Control
Rider,Male,45,NotApplicable,NotFatal,NotWorn,MCycling,NoLicence,1,2 Metropolitan,2,off-peak,60,Cross Road,Straight road,Level,Dry,Not Raining,Daylight,Side Swipe,Give Way Sign
Driver,Female,57,Driver,NotFatal,Worn,Small,Full,1,2 Metropolitan,2,off-peak,50,Cross Road,Straight road,Level,Dry,Not Raining,Night,Right Angle,Give Way Sign
Driver,Male,50,Driver,NotFatal,Worn,Medium,Full,1,2 Metropolitan,3,off-peak,50,Not Divided,Straight road,Level,Dry,Not Raining,Daylight,Head On,No Control
Driver,Male,60,Driver,NotFatal,Worn,Small,Full,1,2 Metropolitan,3,off-peak,50,Not Divided,Straight road,Level,Dry,Not Raining,Daylight,Head On,No Control
Driver,Male,49,Driver,NotFatal,Worn,Small,Full,3,2 Metropolitan,2,off-peak,60,Cross Road,Straight road,Slope,Dry,Not Raining,Daylight,Right Turn,Traffic Signals
Rider,Male,15,NotApplicable,NotFatal,NotWorn,PCycling,NoLicence,1,2 Metropolitan,2,off-peak,60,Cross Road,"CURVED, VIEW OPEN",Level,Dry,Not Raining,Daylight,Side Swipe,Traffic Signals
Driver,Male,40,Driver,NotFatal,Worn,Medium,Full,1,2 Metropolitan,2,off-peak,60,T-Junction,Straight road,Slope,Dry,Not Raining,Daylight,Rear End,Traffic Signals
Driver,Female,68,Driver,NotFatal,Worn,Small,Full,1,1 City,2,peak,50,Divided Road,Straight road,Level,Dry,Not Raining,Daylight,Rear End,No Control
Driver,Female,18,Driver,NotFatal,Worn,Small,Provisional 2,1,2 Metropolitan,2,off-peak,60,Cross Road,Straight road,Level,Dry,Not Raining,Night,Right Turn,Traffic Signals
Driver,Female,22,Driver,NotFatal,Worn,Small,Full,1,2 Metropolitan,2,peak,60,Cross Road,Straight road,Level,Dry,Not Raining,Daylight,Right Turn,Traffic Signals
Driver,Male,84,Driver,NotFatal,Worn,Small,Full,1,2 Metropolitan,2,peak,60,Cross Road,Straight road,Level,Dry,Not Raining,Daylight,Right Turn,Traffic Signals
Passenger,Female,17,Rear Seat Right Passenger,NotFatal,NotWorn,Small,NoLicence,2,2 Metropolitan,2,off-peak,50,Cross Road,Straight road,Level,Dry,Not Raining,Daylight,Right Angle,Give Way Sign
Driver,Male,39,Driver,NotFatal,Worn,Medium,Full,1,2 Metropolitan,2,off-peak,60,Divided Road,Straight road,Slope,Dry,Not Raining,Daylight,Hit Fixed Object,No Control
Passenger,Female,36,Front Seat Left Passenger,NotFatal,NotWorn,Medium,NoLicence,3,2 Metropolitan,2,off-peak,60,T-Junction,Straight road,Level,Dry,Not Raining,Daylight,Right Turn,Traffic Signals
Passenger,Male,1,Rear Seat Left Passenger,NotFatal,NotWorn,Medium,NoLicence,3,2 Metropolitan,2,off-peak,60,T-Junction,Straight road,Level,Dry,Not Raining,Daylight,Right Turn,Traffic Signals
Driver,Male,39.88915925,Driver,NotFatal,Worn,Medium,Full,1,2 Metropolitan,2,off-peak,60,T-Junction,Straight road,Level,Dry,Not Raining,Daylight,Right Turn,Traffic Signals
Driver,Male,24,Driver,NotFatal,Worn,Small,Full,2,3 Country,3,off-peak,100,Not Divided,Straight road,Level,Dry,Not Raining,Daylight,Rear End,No Control
Passenger,Female,24,Front Seat Left Passenger,NotFatal,NotWorn,Small,NoLicence,2,3 Country,3,off-peak,100,Not Divided,Straight road,Level,Dry,Not Raining,Daylight,Rear End,No Control
Passenger,Female,55,Passenger of Motorcycle,NotFatal,NotWorn,MCycling,NoLicence,2,2 Metropolitan,1,off-peak,80,Not Divided,Straight road,Slope,Dry,Not Raining,Daylight,Other,No Control
Pedestrian,Male,45,NotApplicable,NotFatal,NotWorn,Pedestrian on Road,NoLicence,1,3 Country,2,off-peak,100,Not Divided,Straight road,Level,Dry,Not Raining,Night,Hit Pedestrian,No Control
Driver,Female,53,Driver,NotFatal,Worn,Small,Provisional 1 ,1,2 Metropolitan,2,off-peak,60,T-Junction,Straight road,Level,Dry,Not Raining,Daylight,Hit Fixed Object,No Control
Driver,Female,32,Driver,NotFatal,Worn,Small,Full,1,2 Metropolitan,2,off-peak,50,Not Divided,Straight road,Level,Dry,Not Raining,Daylight,Rear End,No Control
Pedestrian,Male,35,NotApplicable,NotFatal,NotWorn,Pedestrian on Road,NoLicence,1,3 Country,2,off-peak,110,Divided Road,Straight road,Level,Dry,Not Raining,Daylight,Hit Pedestrian,No Control
Passenger,Female,52,Passenger of Motorcycle,NotFatal,NotWorn,MCycling,NoLicence,2,3 Country,1,off-peak,80,Other,"CURVED, VIEW OPEN",Level,Dry,Not Raining,Daylight,Other,Other
Driver,Female,52,Driver,Fatal,Worn,Small,Full,1,3 Country,2,off-peak,100,Not Divided,Straight road,Level,Dry,Not Raining,Daylight,Hit Fixed Object,No Control
Rider,Male,65,NotApplicable,NotFatal,NotWorn,MCycling,NoLicence,1,2 Metropolitan,1,off-peak,80,Not Divided,Straight road,Level,Dry,Not Raining,Daylight,Roll Over,No Control
Driver,Male,24,Driver,NotFatal,Worn,Medium,Full,3,2 Metropolitan,2,peak,50,Not Divided,"CURVED, VIEW OPEN",Slope,Dry,Not Raining,Night,Hit Fixed Object,No Control
Passenger,Male,23,Front Seat Left Passenger,NotFatal,NotWorn,Medium,NoLicence,3,2 Metropolitan,2,peak,50,Not Divided,"CURVED, VIEW OPEN",Slope,Dry,Not Raining,Night,Hit Fixed Object,No Control
Passenger,Male,22,Rear Seat Right Passenger,NotFatal,NotWorn,Medium,NoLicence,3,2 Metropolitan,2,peak,50,Not Divided,"CURVED, VIEW OPEN",Slope,Dry,Not Raining,Night,Hit Fixed Object,No Control
Passenger,Female,29,Other,NotFatal,NotWorn,Utility,NoLicence,5,3 Country,1,off-peak,50,T-Junction,Straight road,Level,Dry,Not Raining,Night,Other,No Control
Driver,Female,60,Driver,NotFatal,Worn,Medium,Full,1,2 Metropolitan,4,off-peak,60,T-Junction,"CURVED, VIEW OPEN",Bottom of Hill,Dry,Not Raining,Daylight,Side Swipe,Traffic Signals
Driver,Female,48,Driver,NotFatal,Worn,Small,Full,1,2 Metropolitan,4,off-peak,60,T-Junction,"CURVED, VIEW OPEN",Bottom of Hill,Dry,Not Raining,Daylight,Side Swipe,Traffic Signals
Rider,Female,23,NotApplicable,NotFatal,NotWorn,PCycling,NoLicence,1,2 Metropolitan,2,off-peak,60,T-Junction,Straight road,Level,Dry,Not Raining,Daylight,Right Turn,Stop Sign
Driver,Female,40,Driver,NotFatal,Worn,Small,Full,1,2 Metropolitan,2,peak,60,Cross Road,Straight road,Level,Dry,Not Raining,Daylight,Rear End,Traffic Signals
Rider,Male,27,NotApplicable,NotFatal,NotWorn,MCycling,NoLicence,1,2 Metropolitan,2,off-peak,50,Not Divided,"CURVED, VIEW OPEN",Slope,Dry,Not Raining,Night,Hit Fixed Object,No Control
Driver,Female,24,Driver,NotFatal,Worn,Small,Full,1,2 Metropolitan,2,off-peak,60,Cross Road,Straight road,Slope,Dry,Not Raining,Daylight,Right Turn,Traffic Signals
Passenger,Female,74,Front Seat Left Passenger,NotFatal,NotWorn,Small,NoLicence,2,2 Metropolitan,2,off-peak,60,Cross Road,Straight road,Slope,Dry,Not Raining,Daylight,Right Turn,Traffic Signals
Rider,Male,56,NotApplicable,NotFatal,NotWorn,PCycling,NoLicence,1,2 Metropolitan,2,peak,50,Not Divided,Straight road,Level,Dry,Not Raining,Daylight,Rear End,No Control
Pedestrian,Male,25,NotApplicable,NotFatal,NotWorn,Pedestrian on Road,NoLicence,1,2 Metropolitan,2,off-peak,60,T-Junction,Straight road,Level,Dry,Not Raining,Daylight,Hit Pedestrian,No Control
Driver,Female,17,Driver,NotFatal,Worn,Small,Provisional 1 ,2,3 Country,2,off-peak,60,T-Junction,Straight road,Level,Dry,Not Raining,Daylight,Right Angle,No Control
Driver,Male,67,Driver,NotFatal,Worn,Small,Full,1,2 Metropolitan,2,off-peak,50,T-Junction,Straight road,Level,Dry,Not Raining,Daylight,Hit Fixed Object,No Control
Passenger,Unknown,9,Rear Seat Right Passenger,NotFatal,NotWorn,Medium,NoLicence,3,2 Metropolitan,2,off-peak,50,T-Junction,"CURVED, VIEW OPEN",Level,Dry,Not Raining,Daylight,Right Turn,No Control
Driver,Female,75,Driver,NotFatal,Worn,Small,Full,1,2 Metropolitan,3,off-peak,60,Other,Straight road,Level,Dry,Not Raining,Daylight,Rear End,Other
Driver,Female,32,Driver,NotFatal,Worn,Medium,Full,3,2 Metropolitan,3,off-peak,60,Other,Straight road,Level,Dry,Not Raining,Daylight,Rear End,Other
Passenger,Female,31,Front Seat Left Passenger,NotFatal,NotWorn,Small,NoLicence,4,2 Metropolitan,3,off-peak,80,T-Junction,Straight road,Level,Dry,Not Raining,Daylight,Rear End,Traffic Signals
Rider,Male,77,NotApplicable,NotFatal,NotWorn,PCycling,NoLicence,1,2 Metropolitan,2,off-peak,50,Not Divided,Straight road,Level,Dry,Not Raining,Daylight,Right Angle,No Control
Driver,Female,24,Driver,NotFatal,Worn,Small,Full,1,2 Metropolitan,2,off-peak,60,Not Divided,Straight road,Level,Dry,Not Raining,Daylight,Hit Parked Vehicle,No Control
Driver,Female,59,Driver,NotFatal,Worn,Small,Full,2,2 Metropolitan,2,off-peak,60,T-Junction,Straight road,Level,Dry,Not Raining,Daylight,Right Angle,No Control
Driver,Female,19,Driver,NotFatal,Worn,Utility,Unknown,1,3 Country,2,off-peak,60,Cross Road,"CURVED, VIEW OPEN",Bottom of Hill,Dry,Not Raining,Daylight,Right Angle,Roundabout
Driver,Male,29,Driver,NotFatal,Worn,MCycling,Full,1,2 Metropolitan,2,off-peak,80,Divided Road,Straight road,Level,Dry,Not Raining,Night,Rear End,No Control
Driver,Female,25,Driver,NotFatal,Worn,Other Defined Special Vehicle,Unknown,4,3 Country,2,off-peak,110,Not Divided,Straight road,Level,Dry,Not Raining,Night,Roll Over,No Control
Passenger,Female,29,Back of Enclosed Van,NotFatal,NotWorn,Other Defined Special Vehicle,NoLicence,4,3 Country,2,off-peak,110,Not Divided,Straight road,Level,Dry,Not Raining,Night,Roll Over,No Control
Passenger,Female,26,Back of Enclosed Van,Fatal,NotWorn,Other Defined Special Vehicle,NoLicence,4,3 Country,2,off-peak,110,Not Divided,Straight road,Level,Dry,Not Raining,Night,Roll Over,No Control
Passenger,Female,29,Front Seat Left Passenger,NotFatal,NotWorn,Other Defined Special Vehicle,NoLicence,4,3 Country,2,off-peak,110,Not Divided,Straight road,Level,Dry,Not Raining,Night,Roll Over,No Control
Driver,Male,58,Driver,NotFatal,Worn,Medium,Full,1,3 Country,2,off-peak,110,Not Divided,Straight road,Level,Dry,Not Raining,Night,Roll Over,No Control
Driver,Male,33,Driver,NotFatal,Worn,Medium,Provisional 2,1,2 Metropolitan,2,off-peak,70,Not Divided,Straight road,Level,Dry,Not Raining,Daylight,Hit Parked Vehicle,No Control
Driver,Female,37,Driver,NotFatal,Worn,Small,Full,1,3 Country,1,off-peak,100,T-Junction,"CURVED, VIEW OPEN",Level,Wet,Raining,Night,Roll Over,No Control
Driver,Female,48,Driver,NotFatal,Worn,Medium,Full,1,2 Metropolitan,3,off-peak,60,T-Junction,Straight road,Level,Wet,Not Raining,Daylight,Right Turn,Stop Sign
Driver,Female,26,Driver,NotFatal,Unknown,Small,Full,2,2 Metropolitan,3,off-peak,60,Divided Road,Straight road,Slope,Wet,Not Raining,Daylight,Rear End,No Control
Passenger,Male,27,Front Seat Left Passenger,NotFatal,NotWorn,Small,NoLicence,2,2 Metropolitan,3,off-peak,60,Divided Road,Straight road,Slope,Wet,Not Raining,Daylight,Rear End,No Control
Driver,Male,21,Driver,NotFatal,Worn,Small,Provisional 2,1,2 Metropolitan,2,off-peak,80,Not Divided,"CURVED, VIEW OBSCURED",Slope,Wet,Raining,Daylight,Hit Fixed Object,No Control
Driver,Male,55,Driver,NotFatal,Worn,Utility,Full,1,2 Metropolitan,4,off-peak,60,T-Junction,Straight road,Level,Wet,Not Raining,Daylight,Right Turn,No Control
Driver,Male,18,Driver,NotFatal,Worn,Small,Full,2,2 Metropolitan,2,off-peak,100,Not Divided,"CURVED, VIEW OPEN",Level,Wet,Not Raining,Daylight,Hit Fixed Object,No Control
Passenger,Female,16,Front Seat Left Passenger,NotFatal,NotWorn,Small,NoLicence,2,2 Metropolitan,2,off-peak,100,Not Divided,"CURVED, VIEW OPEN",Level,Wet,Not Raining,Daylight,Hit Fixed Object,No Control
Driver,Male,62,Driver,NotFatal,Worn,Medium,Full,1,2 Metropolitan,2,off-peak,60,Divided Road,Straight road,Level,Dry,Not Raining,Daylight,Rear End,No Control
Driver,Female,29,Driver,NotFatal,Worn,Small,Provisional 2,4,2 Metropolitan,2,peak,60,Divided Road,Straight road,Level,Dry,Not Raining,Daylight,Rear End,No Control
Passenger,Male,1,Rear Seat Middle Passenger,NotFatal,NotWorn,Small,NoLicence,4,2 Metropolitan,2,peak,60,Divided Road,Straight road,Level,Dry,Not Raining,Daylight,Rear End,No Control
Passenger,Male,6,Rear Seat Right Passenger,NotFatal,NotWorn,Small,NoLicence,4,2 Metropolitan,2,peak,60,Divided Road,Straight road,Level,Dry,Not Raining,Daylight,Rear End,No Control
Driver,Female,19,Driver,NotFatal,Worn,Small,Provisional 2,1,2 Metropolitan,2,peak,50,Not Divided,Straight road,Level,Dry,Not Raining,Daylight,Hit Fixed Object,No Control
Rider,Male,15,NotApplicable,NotFatal,NotWorn,PCycling,NoLicence,1,2 Metropolitan,2,peak,60,Divided Road,Straight road,Level,Dry,Not Raining,Daylight,Right Angle,No Control
Pedestrian,Female,36,NotApplicable,NotFatal,NotWorn,Wheelchair,NoLicence,1,2 Metropolitan,2,peak,50,T-Junction,"CURVED, VIEW OPEN",Level,Dry,Not Raining,Daylight,Hit Pedestrian,No Control
Rider,Male,44,NotApplicable,NotFatal,NotWorn,PCycling,NoLicence,1,2 Metropolitan,3,peak,60,Divided Road,Straight road,Level,Dry,Not Raining,Daylight,Rear End,No Control
Driver,Male,33,Driver,NotFatal,Worn,Small,Full,2,2 Metropolitan,3,off-peak,50,Divided Road,Straight road,Level,Dry,Not Raining,Night,Hit Fixed Object,No Control
Driver,Female,46,Driver,NotFatal,Worn,Small,Provisional 1 ,1,3 Country,2,peak,110,Not Divided,Straight road,Level,Dry,Not Raining,Daylight,Hit Fixed Object,No Control
Rider,Male,51,NotApplicable,NotFatal,NotWorn,MCycling,NoLicence,2,3 Country,1,peak,50,T-Junction,Straight road,Slope,Dry,Not Raining,Daylight,Roll Over,No Control
Rider,Male,20,NotApplicable,NotFatal,NotWorn,PCycling,NoLicence,1,2 Metropolitan,2,off-peak,60,Cross Road,Straight road,Level,Dry,Not Raining,Daylight,Right Angle,Give Way Sign
Passenger,Female,20,Rear Seat Right Passenger,NotFatal,NotWorn,Small,NoLicence,3,2 Metropolitan,2,off-peak,80,Cross Road,Straight road,Level,Dry,Not Raining,Daylight,Rear End,Traffic Signals
Passenger,Female,79,Front Seat Left Passenger,NotFatal,NotWorn,Small,NoLicence,2,2 Metropolitan,2,peak,60,Cross Road,Straight road,Level,Dry,Not Raining,Daylight,Right Turn,Traffic Signals
Driver,Male,25,Driver,NotFatal,Worn,Small,Provisional 2,3,2 Metropolitan,3,off-peak,80,Not Divided,"CURVED, VIEW OBSCURED",Level,Dry,Not Raining,Night,Hit Fixed Object,No Control
Driver,Female,45,Driver,NotFatal,Unknown,Small,Full,1,2 Metropolitan,2,off-peak,50,Not Divided,"CURVED, VIEW OPEN",Level,Dry,Not Raining,Night,Hit Fixed Object,No Control
Driver,Male,66,Driver,NotFatal,Worn,Small,Full,1,2 Metropolitan,2,peak,60,Cross Road,Straight road,Level,Dry,Not Raining,Daylight,Right Angle,Give Way Sign
Driver,Male,73,Driver,NotFatal,Worn,Utility,Full,2,2 Metropolitan,4,off-peak,60,Not Divided,Straight road,Level,Dry,Not Raining,Daylight,Rear End,No Control
Passenger,Female,69,Front Seat Left Passenger,NotFatal,NotWorn,Utility,NoLicence,2,2 Metropolitan,4,off-peak,60,Not Divided,Straight road,Level,Dry,Not Raining,Daylight,Rear End,No Control
Passenger,Male,12,Front Seat Left Passenger,NotFatal,NotWorn,Small,NoLicence,4,2 Metropolitan,2,off-peak,60,Cross Road,Straight road,Level,Dry,Not Raining,Daylight,Right Turn,Traffic Signals
Passenger,Female,8,Rear Seat Right Passenger,NotFatal,NotWorn,Small,NoLicence,4,2 Metropolitan,2,off-peak,60,Cross Road,Straight road,Level,Dry,Not Raining,Daylight,Right Turn,Traffic Signals
Passenger,Male,10,Rear Seat Left Passenger,NotFatal,NotWorn,Small,NoLicence,4,2 Metropolitan,2,off-peak,60,Cross Road,Straight road,Level,Dry,Not Raining,Daylight,Right Turn,Traffic Signals
Passenger,Male,74,Front Seat Left Passenger,NotFatal,NotWorn,Small,NoLicence,3,2 Metropolitan,2,off-peak,60,T-Junction,Straight road,Level,Dry,Not Raining,Daylight,Right Angle,No Control
Passenger,Male,9,Rear Seat Left Passenger,NotFatal,NotWorn,Small,NoLicence,3,2 Metropolitan,2,off-peak,60,T-Junction,Straight road,Level,Dry,Not Raining,Daylight,Right Angle,No Control
Driver,Female,33,Driver,NotFatal,Worn,Medium,Full,1,2 Metropolitan,3,off-peak,60,Divided Road,Straight road,Level,Dry,Not Raining,Night,Hit Fixed Object,No Control
Driver,Male,47,Driver,NotFatal,Worn,Medium,Full,1,2 Metropolitan,2,peak,60,T-Junction,Straight road,Level,Dry,Not Raining,Daylight,Right Angle,Give Way Sign
Driver,Male,32,Driver,NotFatal,Worn,Small,Full,2,2 Metropolitan,2,peak,60,T-Junction,Straight road,Level,Dry,Not Raining,Daylight,Right Angle,Give Way Sign
Passenger,Female,49,Rear Seat Right Passenger,NotFatal,NotWorn,Small,NoLicence,2,2 Metropolitan,2,peak,60,T-Junction,Straight road,Level,Dry,Not Raining,Daylight,Right Angle,Give Way Sign
Driver,Male,67,Driver,NotFatal,Unknown,Medium,Full,1,2 Metropolitan,2,peak,60,T-Junction,Straight road,Level,Dry,Not Raining,Daylight,Rear End,No Control
Driver,Male,59,Driver,NotFatal,Worn,Medium,Full,1,2 Metropolitan,2,off-peak,50,T-Junction,Straight road,Level,Dry,Not Raining,Night,Right Angle,No Control
Driver,Male,21,Driver,NotFatal,Worn,Small,Provisional 2,1,2 Metropolitan,2,peak,60,Divided Road,Straight road,Level,Dry,Not Raining,Daylight,Rear End,No Control
Driver,Male,39,Driver,NotFatal,Worn,Medium,Full,1,2 Metropolitan,4,off-peak,60,Multiple,Straight road,Level,Dry,Not Raining,Daylight,Right Angle,Traffic Signals
Driver,Female,54,Driver,NotFatal,Worn,Small,Full,1,2 Metropolitan,4,off-peak,60,Multiple,Straight road,Level,Dry,Not Raining,Daylight,Right Angle,Traffic Signals