cas_type,cas_gender,cas_age,cas_pos_in_veh,fatality,seat_belt,unit_type,lic_type,n_occupants,stat_area,total_units,time,area_speed,acc_pos,hor_align,ver_align,moist_cond,wea_cond,dayNight,crash_type,traf_ctrls
Driver,Male,28,Driver,NotFatal,Worn,Small,Full,1,2 Metropolitan,2,off-peak,80,Divided Road,Straight road,Level,Dry,Not Raining,Daylight,Rear End,No Control
Rider,Male,36,NotApplicable,NotFatal,NotWorn,MCycling,NoLicence,1,2 Metropolitan,2,off-peak,60,T-Junction,Straight road,Level,Dry,Not Raining,Daylight,Right Turn,No Control
Rider,Male,70,NotApplicable,NotFatal,NotWorn,PCycling,NoLicence,1,1 City,2,peak,50,T-Junction,Straight road,Level,Dry,Not Raining,Daylight,Right Angle,No Control
Driver,Male,47,Driver,NotFatal,Unknown,Utility,Full,1,2 Metropolitan,2,off-peak,50,Not Divided,Straight road,Level,Dry,Not Raining,Night,Head On,No Control
Driver,Female,42,Driver,NotFatal,Worn,Small,Full,1,3 Country,2,off-peak,110,Not Divided,Straight road,Level,Dry,Not Raining,Daylight,Hit Fixed Object,No Control
Driver,Female,65,Driver,NotFatal,Worn,Small,Full,2,2 Metropolitan,2,off-peak,50,T-Junction,Straight road,Level,Dry,Not Raining,Daylight,Head On,Roundabout
Driver,Female,55,Driver,NotFatal,Worn,Small,Full,1,2 Metropolitan,2,off-peak,60,Cross Road,Straight road,Level,Dry,Not Raining,Daylight,Right Angle,Traffic Signals
Rider,Male,58,NotApplicable,NotFatal,NotWorn,PCycling,NoLicence,1,2 Metropolitan,3,off-peak,60,Not Divided,"CURVED, VIEW OPEN",Level,Dry,Not Raining,Daylight,Other,No Control
Driver,Female,42,Driver,NotFatal,Worn,Medium,Full,3,1 City,3,off-peak,50,Not Divided,Straight road,Level,Dry,Not Raining,Daylight,Rear End,No Control
Passenger,Male,10,Rear Seat Right Passenger,NotFatal,NotWorn,Medium,NoLicence,3,1 City,3,off-peak,50,Not Divided,Straight road,Level,Dry,Not Raining,Daylight,Rear End,No Control
Passenger,Female,13,Rear Seat Left Passenger,NotFatal,NotWorn,Medium,NoLicence,3,1 City,3,off-peak,50,Not Divided,Straight road,Level,Dry,Not Raining,Daylight,Rear End,No Control
Driver,Male,63,Driver,NotFatal,Worn,Small,Full,1,2 Metropolitan,2,off-peak,60,Cross Road,Straight road,Level,Dry,Not Raining,Daylight,Right Turn,Traffic Signals
Driver,Female,45,Driver,NotFatal,Worn,Utility,Full,1,2 Metropolitan,2,off-peak,100,Not Divided,"CURVED, VIEW OBSCURED",Level,Dry,Not Raining,Daylight,Hit Fixed Object,No Control
Driver,Male,47,Driver,NotFatal,Worn,Small,Full,1,2 Metropolitan,2,off-peak,60,Cross Road,Straight road,Level,Dry,Not Raining,Daylight,Right Turn,Give Way Sign
Driver,Male,51,Driver,NotFatal,Worn,Medium,Full,1,2 Metropolitan,2,off-peak,110,Freeway,Straight road,Level,Dry,Not Raining,Daylight,Side Swipe,No Control
Driver,Female,78,Driver,NotFatal,Worn,Small,Full,1,3 Country,3,off-peak,50,Cross Road,Straight road,Level,Dry,Not Raining,Daylight,Right Angle,Traffic Signals
Driver,Male,30,Driver,NotFatal,Worn,Small,Full,1,2 Metropolitan,3,off-peak,60,Divided Road,Straight road,Level,Dry,Not Raining,Daylight,Rear End,No Control
Driver,Male,76,Driver,NotFatal,Worn,Utility,Unknown,2,2 Metropolitan,2,off-peak,60,Divided Road,Straight road,Level,Dry,Not Raining,Daylight,Rear End,No Control
Passenger,Male,14,Front Seat Left Passenger,NotFatal,NotWorn,Utility,NoLicence,2,2 Metropolitan,2,off-peak,60,Divided Road,Straight road,Level,Dry,Not Raining,Daylight,Rear End,No Control
Driver,Female,39.88915925,Driver,NotFatal,Worn,Medium,Unknown,1,2 Metropolitan,2,off-peak,60,Divided Road,Straight road,Level,Dry,Not Raining,Daylight,Rear End,No Control
Driver,Female,25,Driver,NotFatal,Worn,Small,Provisional 2,2,2 Metropolitan,2,off-peak,60,Cross Road,Straight road,Level,Dry,Not Raining,Daylight,Rear End,Traffic Signals
Passenger,Male,6,Rear Seat Left Passenger,NotFatal,NotWorn,Small,NoLicence,2,2 Metropolitan,2,off-peak,60,Cross Road,Straight road,Level,Dry,Not Raining,Daylight,Rear End,Traffic Signals
Driver,Female,57,Driver,NotFatal,Worn,Small,Full,1,2 Metropolitan,2,peak,70,Divided Road,Straight road,Level,Dry,Not Raining,Daylight,Rear End,No Control
Driver,Female,20,Driver,NotFatal,Worn,Small,Provisional 2,1,2 Metropolitan,2,peak,60,Cross Road,Straight road,Level,Dry,Not Raining,Night,Right Turn,Traffic Signals
Driver,Male,45,Driver,NotFatal,Worn,Medium,Full,4,3 Country,2,off-peak,100,Cross Road,Straight road,Level,Dry,Not Raining,Daylight,Right Angle,Give Way Sign
Passenger,Female,39,Front Seat Left Passenger,NotFatal,NotWorn,Medium,NoLicence,4,3 Country,2,off-peak,100,Cross Road,Straight road,Level,Dry,Not Raining,Daylight,Right Angle,Give Way Sign
Passenger,Male,13,Rear Seat Right Passenger,NotFatal,NotWorn,Medium,NoLicence,4,3 Country,2,off-peak,100,Cross Road,Straight road,Level,Dry,Not Raining,Daylight,Right Angle,Give Way Sign
Passenger,Female,9,Rear Seat Left Passenger,NotFatal,NotWorn,Medium,NoLicence,4,3 Country,2,off-peak,100,Cross Road,Straight road,Level,Dry,Not Raining,Daylight,Right Angle,Give Way Sign
Driver,Male,74,Driver,NotFatal,Worn,Small,Full,2,3 Country,2,off-peak,100,Cross Road,Straight road,Level,Dry,Not Raining,Daylight,Right Angle,Give Way Sign
Passenger,Female,70,Front Seat Left Passenger,Fatal,NotWorn,Small,NoLicence,2,3 Country,2,off-peak,100,Cross Road,Straight road,Level,Dry,Not Raining,Daylight,Right Angle,Give Way Sign
Rider,Male,50,NotApplicable,NotFatal,NotWorn,PCycling,NoLicence,1,2 Metropolitan,1,peak,50,T-Junction,Straight road,Level,Dry,Not Raining,Daylight,Roll Over,No Control
Driver,Female,25,Driver,NotFatal,Worn,Medium,Full,2,3 Country,2,peak,100,Cross Road,Straight road,Slope,Dry,Not Raining,Daylight,Right Angle,Give Way Sign
Passenger,Female,52,Front Seat Left Passenger,NotFatal,NotWorn,Medium,NoLicence,2,3 Country,2,peak,100,Cross Road,Straight road,Slope,Dry,Not Raining,Daylight,Right Angle,Give Way Sign
Driver,Male,75,Driver,NotFatal,Worn,Utility,Unlicenced,1,3 Country,2,peak,100,Cross Road,Straight road,Slope,Dry,Not Raining,Daylight,Right Angle,Give Way Sign
Driver,Female,25,Driver,NotFatal,Worn,Medium,Full,2,2 Metropolitan,3,off-peak,80,Divided Road,Straight road,Level,Dry,Not Raining,Daylight,Rear End,No Control
Passenger,Female,39.88915925,Rear Seat Left Passenger,NotFatal,NotWorn,Medium,NoLicence,2,2 Metropolitan,3,off-peak,80,Divided Road,Straight road,Level,Dry,Not Raining,Daylight,Rear End,No Control
Driver,Male,64,Driver,NotFatal,Unknown,Small,Full,1,3 Country,2,off-peak,100,Other,"CURVED, VIEW OPEN",Level,Dry,Not Raining,Daylight,Right Angle,Give Way Sign
Driver,Female,40,Driver,NotFatal,Worn,Small,Full,4,2 Metropolitan,2,off-peak,60,Cross Road,Straight road,Slope,Dry,Not Raining,Night,Rear End,Traffic Signals
Driver,Female,28,Driver,NotFatal,Worn,Small,Full,1,1 City,3,off-peak,50,Cross Road,Straight road,Level,Dry,Not Raining,Daylight,Rear End,Traffic Signals
Driver,Female,22,Driver,NotFatal,Worn,Small,Full,1,1 City,2,off-peak,50,Not Divided,Straight road,Level,Dry,Not Raining,Daylight,Rear End,No Control
Driver,Male,78,Driver,NotFatal,Unknown,Small,Full,1,2 Metropolitan,2,peak,50,Not Divided,Straight road,Level,Dry,Not Raining,Daylight,Hit Fixed Object,No Control
Rider,Male,23,NotApplicable,NotFatal,NotWorn,MCycling,NoLicence,1,2 Metropolitan,1,off-peak,80,Not Divided,"CURVED, VIEW OPEN",Slope,Dry,Not Raining,Daylight,Roll Over,No Control
Driver,Male,86,Driver,NotFatal,Worn,Small,Full,1,2 Metropolitan,2,off-peak,50,Not Divided,Straight road,Level,Dry,Not Raining,Daylight,Hit Parked Vehicle,No Control
Driver,Female,48,Driver,NotFatal,Worn,Small,Full,1,2 Metropolitan,3,off-peak,70,T-Junction,Straight road,Level,Dry,Not Raining,Daylight,Rear End,No Control
Passenger,Female,7,Rear Seat Left Passenger,NotFatal,NotWorn,Small,NoLicence,2,2 Metropolitan,3,peak,60,T-Junction,Straight road,Level,Dry,Not Raining,Daylight,Rear End,No Control
Driver,Male,50,Driver,NotFatal,Worn,Medium,Full,1,2 Metropolitan,4,peak,60,Cross Road,Straight road,Level,Dry,Not Raining,Daylight,Right Angle,Give Way Sign
Driver,Male,46,Driver,NotFatal,Worn,Small,Full,1,2 Metropolitan,2,off-peak,60,Not Divided,Straight road,Slope,Dry,Not Raining,Daylight,Side Swipe,No Control
Driver,Female,60,Driver,NotFatal,Worn,Small,Full,1,3 Country,3,off-peak,100,Not Divided,"CURVED, VIEW OBSCURED",Slope,Dry,Not Raining,Daylight,Hit Fixed Object,No Control
Pedestrian,Female,85,NotApplicable,NotFatal,NotWorn,Pedestrian on Road,NoLicence,1,2 Metropolitan,2,off-peak,60,Divided Road,Straight road,Slope,Dry,Not Raining,Daylight,Hit Pedestrian,No Control
Driver,Male,77,Driver,NotFatal,Worn,Small,Full,2,2 Metropolitan,3,off-peak,60,T-Junction,Straight road,Level,Dry,Not Raining,Daylight,Right Turn,Traffic Signals
Passenger,Female,75,Front Seat Left Passenger,NotFatal,NotWorn,Small,NoLicence,2,2 Metropolitan,3,off-peak,60,T-Junction,Straight road,Level,Dry,Not Raining,Daylight,Right Turn,Traffic Signals
Driver,Male,38,Driver,NotFatal,Worn,Medium,Full,1,2 Metropolitan,3,off-peak,60,Divided Road,Straight road,Level,Dry,Not Raining,Daylight,Rear End,No Control
Driver,Male,52,Driver,NotFatal,Worn,Small,Unlicenced,1,3 Country,2,off-peak,110,Not Divided,"CURVED, VIEW OPEN",Slope,Dry,Not Raining,Daylight,Hit Fixed Object,No Control
Driver,Male,36,Driver,Fatal,Worn,Large,Full,2,3 Country,2,off-peak,110,Not Divided,Straight road,Level,Dry,Not Raining,Night,Hit Parked Vehicle,No Control
Passenger,Male,57,Front Seat Left Passenger,NotFatal,NotWorn,Large,NoLicence,2,3 Country,2,off-peak,110,Not Divided,Straight road,Level,Dry,Not Raining,Night,Hit Parked Vehicle,No Control
Driver,Female,65,Driver,NotFatal,Worn,Small,Full,4,2 Metropolitan,2,peak,80,T-Junction,Straight road,Level,Dry,Not Raining,Daylight,Rear End,Traffic Signals
Driver,Male,33,Driver,NotFatal,Worn,Medium,Full,1,2 Metropolitan,2,off-peak,60,Not Divided,"CURVED, VIEW OBSCURED",Slope,Dry,Not Raining,Daylight,Hit Fixed Object,No Control
Passenger,Female,8,Rear Seat Left Passenger,NotFatal,NotWorn,Medium,NoLicence,2,2 Metropolitan,2,peak,50,Not Divided,Straight road,Level,Dry,Not Raining,Daylight,Right Angle,No Control
Pedestrian,Male,6,NotApplicable,NotFatal,NotWorn,Pedestrian on Road,NoLicence,1,3 Country,2,peak,50,Divided Road,Straight road,Level,Dry,Not Raining,Daylight,Hit Pedestrian,No Control
Driver,Female,32,Driver,NotFatal,Worn,Utility,Full,1,2 Metropolitan,7,peak,80,Divided Road,Straight road,Level,Dry,Not Raining,Daylight,Rear End,No Control
Driver,Female,34,Driver,NotFatal,Worn,Medium,Unknown,1,2 Metropolitan,7,peak,80,Divided Road,Straight road,Level,Dry,Not Raining,Daylight,Rear End,No Control
Rider,Male,32,NotApplicable,NotFatal,NotWorn,PCycling,NoLicence,1,3 Country,2,off-peak,50,Not Divided,Straight road,Slope,Dry,Not Raining,Night,Right Angle,No Control
Driver,Male,40,Driver,NotFatal,Worn,Utility,Full,2,3 Country,2,off-peak,110,Not Divided,Straight road,Level,Dry,Not Raining,Night,Rear End,No Control
Passenger,Male,19,Front Seat Left Passenger,NotFatal,NotWorn,Utility,NoLicence,2,3 Country,2,off-peak,110,Not Divided,Straight road,Level,Dry,Not Raining,Night,Rear End,No Control
Driver,Male,27,Driver,NotFatal,Worn,Small,Full,1,3 Country,2,off-peak,110,Not Divided,Straight road,Level,Dry,Not Raining,Night,Rear End,No Control
Driver,Male,34,Driver,NotFatal,Worn,Utility,Full,3,3 Country,2,peak,100,T-Junction,Straight road,Level,Dry,Not Raining,Daylight,Hit Fixed Object,Give Way Sign
Rider,Male,20,NotApplicable,NotFatal,NotWorn,MCycling,NoLicence,1,2 Metropolitan,2,off-peak,50,Not Divided,Straight road,Level,Unknown,Unknown,Night,Hit Fixed Object,No Control
Driver,Female,76,Driver,NotFatal,Worn,Medium,Full,1,2 Metropolitan,3,off-peak,60,T-Junction,Straight road,Level,Dry,Not Raining,Daylight,Rear End,No Control
Driver,Female,22,Driver,NotFatal,Worn,Small,Full,1,2 Metropolitan,3,off-peak,60,T-Junction,Straight road,Level,Dry,Not Raining,Daylight,Rear End,No Control
Driver,Male,29,Driver,NotFatal,Worn,Small,Full,2,3 Country,1,off-peak,110,Not Divided,Straight road,Level,Dry,Not Raining,Daylight,Roll Over,No Control
Passenger,Female,21,Front Seat Left Passenger,NotFatal,NotWorn,Small,NoLicence,2,3 Country,1,off-peak,110,Not Divided,Straight road,Level,Dry,Not Raining,Daylight,Roll Over,No Control
Driver,Female,29,Driver,NotFatal,Worn,Medium,Full,1,2 Metropolitan,2,off-peak,60,T-Junction,Straight road,Level,Dry,Not Raining,Daylight,Rear End,No Control
Driver,Female,22,Driver,NotFatal,Worn,Small,Full,2,3 Country,2,off-peak,80,Not Divided,"CURVED, VIEW OPEN",Level,Dry,Not Raining,Daylight,Roll Over,No Control
Passenger,Male,24,Front Seat Left Passenger,NotFatal,NotWorn,Small,NoLicence,2,3 Country,2,off-peak,80,Not Divided,"CURVED, VIEW OPEN",Level,Dry,Not Raining,Daylight,Roll Over,No Control
Pedestrian,Male,51,NotApplicable,NotFatal,NotWorn,Pedestrian on Road,NoLicence,1,2 Metropolitan,2,off-peak,25,Not Divided,Straight road,Level,Dry,Not Raining,Daylight,Hit Pedestrian,No Control
Driver,Male,46,Driver,NotFatal,Worn,Small,Full,1,2 Metropolitan,2,peak,60,Divided Road,Straight road,Level,Dry,Not Raining,Daylight,Rear End,No Control
Rider,Female,18,NotApplicable,NotFatal,NotWorn,MCycling,NoLicence,1,2 Metropolitan,2,off-peak,60,Divided Road,Straight road,Level,Dry,Not Raining,Daylight,Right Angle,No Control
Passenger,Female,66,Front Seat Left Passenger,NotFatal,NotWorn,Small,NoLicence,2,2 Metropolitan,2,off-peak,60,T-Junction,Straight road,Level,Dry,Not Raining,Daylight,Rear End,Give Way Sign
Driver,Male,39,Driver,NotFatal,Worn,Small,Probationary,1,2 Metropolitan,2,peak,50,Not Divided,Straight road,Level,Dry,Not Raining,Night,Hit Fixed Object,No Control
Passenger,Male,20,Rear Seat Left Passenger,NotFatal,NotWorn,Small,NoLicence,5,3 Country,1,off-peak,100,Not Divided,"CURVED, VIEW OPEN",Slope,Dry,Not Raining,Night,Roll Over,No Control
Passenger,Female,21,Front Seat Left Passenger,NotFatal,NotWorn,Small,NoLicence,5,3 Country,1,off-peak,100,Not Divided,"CURVED, VIEW OPEN",Slope,Dry,Not Raining,Night,Roll Over,No Control
Passenger,Male,21,Rear Seat Middle Passenger,NotFatal,NotWorn,Small,NoLicence,5,3 Country,1,off-peak,100,Not Divided,"CURVED, VIEW OPEN",Slope,Dry,Not Raining,Night,Roll Over,No Control
Driver,Female,75,Driver,NotFatal,NotWorn,Small,Full,1,2 Metropolitan,3,off-peak,60,T-Junction,Straight road,Level,Dry,Not Raining,Daylight,Rear End,Stop Sign
Driver,Female,66,Driver,NotFatal,Worn,Small,Full,1,2 Metropolitan,3,off-peak,60,T-Junction,Straight road,Level,Dry,Not Raining,Daylight,Rear End,Stop Sign
Driver,Male,36,Driver,NotFatal,Worn,Utility,Full,1,2 Metropolitan,2,peak,70,T-Junction,Straight road,Level,Dry,Not Raining,Daylight,Right Angle,No Control
Rider,Male,69,NotApplicable,NotFatal,NotWorn,PCycling,NoLicence,1,2 Metropolitan,2,peak,60,T-Junction,Straight road,Level,Dry,Not Raining,Daylight,Right Turn,No Control
Driver,Female,35,Driver,NotFatal,Worn,Medium,Full,2,2 Metropolitan,2,peak,60,T-Junction,Straight road,Level,Dry,Not Raining,Night,Right Turn,No Control
Driver,Male,58,Driver,NotFatal,Worn,Small,Full,1,2 Metropolitan,2,peak,80,Not Divided,"CURVED, VIEW OPEN",Level,Dry,Not Raining,Daylight,Hit Animal,No Control
Rider,Male,35,NotApplicable,NotFatal,NotWorn,PCycling,NoLicence,1,2 Metropolitan,3,off-peak,50,Cross Road,Straight road,Level,Dry,Not Raining,Daylight,Right Turn,Stop Sign
Driver,Female,25,Driver,NotFatal,Worn,Small,Full,1,2 Metropolitan,2,off-peak,50,T-Junction,Straight road,Slope,Dry,Not Raining,Daylight,Right Angle,No Control
Driver,Female,28,Driver,NotFatal,Worn,Medium,Full,1,2 Metropolitan,2,peak,60,Not Divided,Straight road,Level,Dry,Not Raining,Daylight,Rear End,No Control
Driver,Female,36,Driver,NotFatal,Worn,Small,Full,2,2 Metropolitan,2,off-peak,100,Not Divided,Straight road,Slope,Dry,Not Raining,Daylight,Rear End,No Control
Driver,Female,80,Driver,NotFatal,Worn,Small,Full,1,2 Metropolitan,3,peak,60,Divided Road,Straight road,Level,Dry,Not Raining,Daylight,Rear End,No Control
Driver,Female,47,Driver,NotFatal,Worn,Small,Full,1,2 Metropolitan,2,off-peak,60,Divided Road,Straight road,Level,Dry,Not Raining,Night,Rear End,No Control
Driver,Male,48,Driver,NotFatal,Worn,Medium,Full,1,3 Country,2,peak,110,Not Divided,Straight road,Level,Dry,Not Raining,Daylight,Hit Fixed Object,No Control
Pedestrian,Male,61,NotApplicable,NotFatal,NotWorn,Pedestrian on Road,NoLicence,1,2 Metropolitan,2,off-peak,60,Cross Road,Straight road,Level,Dry,Not Raining,Night,Hit Pedestrian,Give Way Sign
Rider,Male,71,NotApplicable,NotFatal,NotWorn,MCycling,NoLicence,1,3 Country,3,peak,110,Not Divided,Straight road,Level,Dry,Not Raining,Daylight,Side Swipe,No Control
Driver,Female,49,Driver,NotFatal,NotWorn,Medium,Unlicenced,1,2 Metropolitan,2,off-peak,50,Not Divided,Straight road,Level,Dry,Not Raining,Night,Hit Fixed Object,No Control
Driver,Male,19,Driver,NotFatal,Worn,Small,Provisional 2,1,2 Metropolitan,2,off-peak,50,Not Divided,Straight road,Level,Wet,Raining,Night,Hit Fixed Object,No Control
Driver,Male,39,Driver,NotFatal,Worn,Small,Full,1,2 Metropolitan,3,off-peak,80,Divided Road,Straight road,Level,Wet,Raining,Night,Rear End,No Control
Driver,Female,56,Driver,NotFatal,Worn,Small,Full,1,2 Metropolitan,4,peak,60,T-Junction,Straight road,Level,Wet,Raining,Daylight,Rear End,Traffic Signals
Rider,Male,47,NotApplicable,NotFatal,NotWorn,MCycling,NoLicence,1,2 Metropolitan,2,peak,60,T-Junction,Straight road,Level,Wet,Raining,Daylight,Right Turn,Stop Sign
Driver,Female,34,Driver,NotFatal,Worn,Small,Full,1,2 Metropolitan,2,peak,60,Divided Road,Straight road,Level,Wet,Raining,Daylight,Rear End,No Control
Rider,Female,52,NotApplicable,NotFatal,NotWorn,PCycling,NoLicence,1,2 Metropolitan,2,off-peak,60,Divided Road,Straight road,Level,Dry,Not Raining,Daylight,Rear End,No Control
Driver,Female,28,Driver,NotFatal,Worn,Small,Full,1,2 Metropolitan,2,off-peak,60,T-Junction,Straight road,Level,Wet,Not Raining,Daylight,Right Turn,Traffic Signals
Driver,Female,45,Driver,NotFatal,Worn,Utility,Full,1,2 Metropolitan,2,peak,80,Not Divided,"CURVED, VIEW OPEN",Level,Wet,Raining,Daylight,Hit Fixed Object,No Control
Driver,Female,65,Driver,NotFatal,Worn,Medium,Full,1,2 Metropolitan,2,peak,60,Other,Straight road,Level,Wet,Raining,Daylight,Rear End,No Control
Driver,Female,22,Driver,NotFatal,Worn,Small,Provisional 1 ,1,2 Metropolitan,2,peak,60,Other,Straight road,Level,Dry,Not Raining,Night,Rear End,Traffic Signals
Driver,Male,26,Driver,NotFatal,Unknown,Small,Full,2,2 Metropolitan,3,off-peak,60,Divided Road,Straight road,Level,Dry,Not Raining,Daylight,Right Turn,No Control
Passenger,Female,34,Front Seat Left Passenger,NotFatal,NotWorn,Small,NoLicence,2,2 Metropolitan,3,off-peak,60,Divided Road,Straight road,Level,Dry,Not Raining,Daylight,Right Turn,No Control
Rider,Male,53,NotApplicable,NotFatal,NotWorn,MCycling,NoLicence,1,3 Country,2,off-peak,100,Not Divided,Straight road,Level,Dry,Not Raining,Daylight,Hit Animal,No Control
Driver,Female,51,Driver,NotFatal,Worn,Utility,Full,1,2 Metropolitan,3,peak,50,T-Junction,Straight road,Slope,Wet,Raining,Daylight,Rear End,Give Way Sign
Driver,Male,38,Driver,NotFatal,Worn,Small,Full,1,2 Metropolitan,2,off-peak,60,Cross Road,Straight road,Level,Dry,Not Raining,Daylight,Rear End,Traffic Signals
Pedestrian,Male,29,NotApplicable,NotFatal,NotWorn,Small,NoLicence,1,1 City,2,off-peak,50,Cross Road,Straight road,Level,Dry,Not Raining,Daylight,Hit Pedestrian,Traffic Signals
Driver,Male,34,Driver,NotFatal,Worn,Small,Full,1,2 Metropolitan,2,peak,80,Not Divided,"CURVED, VIEW OBSCURED",Slope,Wet,Raining,Daylight,Hit Fixed Object,No Control
Driver,Male,24,Driver,NotFatal,Worn,Small,Full,1,2 Metropolitan,2,off-peak,80,Divided Road,Straight road,Level,Wet,Raining,Night,Rear End,No Control
Driver,Female,23,Driver,NotFatal,Worn,Small,Full,1,2 Metropolitan,2,off-peak,70,Not Divided,"CURVED, VIEW OBSCURED",Slope,Wet,Raining,Night,Hit Fixed Object,No Control
Driver,Male,34,Driver,NotFatal,Worn,Utility,Full,1,2 Metropolitan,2,off-peak,50,Cross Road,Straight road,Level,Dry,Not Raining,Daylight,Rear End,Traffic Signals
Driver,Male,20,Driver,NotFatal,Worn,Small,Provisional 2,1,2 Metropolitan,3,off-peak,60,Divided Road,Straight road,Level,Wet,Unknown,Daylight,Rear End,No Control
Driver,Male,51,Driver,NotFatal,Worn,Small,Full,1,2 Metropolitan,5,peak,40,Cross Road,Straight road,Level,Wet,Not Raining,Daylight,Right Angle,Give Way Sign
Passenger,Female,11,Front Seat Left Passenger,NotFatal,NotWorn,Medium,NoLicence,4,2 Metropolitan,3,peak,60,Cross Road,Straight road,Level,Wet,Not Raining,Daylight,Right Angle,Traffic Signals
Driver,Female,32,Driver,NotFatal,Worn,Medium,Full,4,3 Country,2,peak,100,Not Divided,"CURVED, VIEW OBSCURED",Level,Dry,Not Raining,Daylight,Side Swipe,No Control
Passenger,Male,3,Rear Seat Right Passenger,NotFatal,NotWorn,Medium,NoLicence,4,3 Country,2,peak,100,Not Divided,"CURVED, VIEW OBSCURED",Level,Dry,Not Raining,Daylight,Side Swipe,No Control
Passenger,Male,7,Front Seat Left Passenger,NotFatal,NotWorn,Medium,NoLicence,4,3 Country,2,peak,100,Not Divided,"CURVED, VIEW OBSCURED",Level,Dry,Not Raining,Daylight,Side Swipe,No Control
Passenger,Male,6,Rear Seat Left Passenger,NotFatal,NotWorn,Medium,NoLicence,4,3 Country,2,peak,100,Not Divided,"CURVED, VIEW OBSCURED",Level,Dry,Not Raining,Daylight,Side Swipe,No Control
Rider,Male,32,NotApplicable,NotFatal,NotWorn,PCycling,NoLicence,1,2 Metropolitan,2,off-peak,50,Not Divided,Straight road,Level,Dry,Not Raining,Daylight,Hit Parked Vehicle,No Control
Rider,Female,47,NotApplicable,NotFatal,NotWorn,PCycling,NoLicence,1,3 Country,2,off-peak,50,Not Divided,"CURVED, VIEW OPEN",Slope,Dry,Not Raining,Daylight,Hit Fixed Object,No Control
Pedestrian,Female,92,NotApplicable,NotFatal,NotWorn,Pedestrian on Road,NoLicence,1,2 Metropolitan,2,off-peak,40,Cross Road,Straight road,Level,Dry,Not Raining,Daylight,Hit Pedestrian,Stop Sign
Driver,Male,38,Driver,NotFatal,Worn,Small,Full,1,2 Metropolitan,3,off-peak,90,Not Divided,Straight road,Level,Dry,Not Raining,Daylight,Rear End,No Control
Driver,Male,63,Driver,NotFatal,Worn,Utility,Full,1,2 Metropolitan,3,off-peak,90,Not Divided,Straight road,Level,Dry,Not Raining,Daylight,Rear End,No Control
Driver,Female,21,Driver,NotFatal,Worn,Small,Provisional 2,1,2 Metropolitan,1,off-peak,80,Not Divided,"CURVED, VIEW OBSCURED",Slope,Wet,Raining,Daylight,Roll Over,No Control
Driver,Female,18,Driver,NotFatal,Worn,Small,Provisional 2,2,2 Metropolitan,2,off-peak,50,Not Divided,Straight road,Level,Dry,Not Raining,Daylight,Hit Parked Vehicle,No Control
Driver,Female,52,Driver,NotFatal,Worn,Small,Unknown,2,2 Metropolitan,3,off-peak,60,Divided Road,Straight road,Level,Wet,Raining,Night,Rear End,No Control
Driver,Male,48,Driver,NotFatal,Worn,Small,Full,1,2 Metropolitan,3,peak,60,Divided Road,Straight road,Level,Dry,Not Raining,Daylight,Rear End,No Control
Driver,Female,18,Driver,NotFatal,Worn,Small,Provisional 2,1,2 Metropolitan,2,peak,50,Not Divided,"CURVED, VIEW OPEN",Slope,Dry,Not Raining,Daylight,Hit Fixed Object,No Control
Driver,Female,25,Driver,NotFatal,Worn,Small,Full,1,2 Metropolitan,2,off-peak,60,Cross Road,Straight road,Level,Dry,Not Raining,Night,Right Angle,Roundabout
Rider,Male,30,NotApplicable,NotFatal,NotWorn,MCycling,NoLicence,1,2 Metropolitan,1,off-peak,50,T-Junction,Straight road,Level,Dry,Not Raining,Night,Roll Over,No Control
Pedestrian,Female,35,NotApplicable,NotFatal,NotWorn,Pedestrian on Road,NoLicence,1,1 City,2,off-peak,50,Cross Road,Straight road,Level,Dry,Not Raining,Night,Hit Pedestrian,Traffic Signals
Driver,Male,52,Driver,NotFatal,Worn,Small,Full,1,2 Metropolitan,2,off-peak,60,Cross Road,Straight road,Level,Dry,Not Raining,Night,Right Angle,Stop Sign
Driver,Male,45,Driver,NotFatal,Worn,Small,Unlicenced,3,2 Metropolitan,2,off-peak,60,Cross Road,Straight road,Level,Dry,Not Raining,Night,Right Angle,Stop Sign
Passenger,Male,35,Front Seat Left Passenger,NotFatal,NotWorn,Small,NoLicence,3,2 Metropolitan,2,off-peak,60,Cross Road,Straight road,Level,Dry,Not Raining,Night,Right Angle,Stop Sign
Passenger,Male,22,Rear Seat Left Passenger,NotFatal,NotWorn,Small,NoLicence,3,2 Metropolitan,2,off-peak,60,Cross Road,Straight road,Level,Dry,Not Raining,Night,Right Angle,Stop Sign
Driver,Female,26,Driver,NotFatal,Worn,Small,Full,1,2 Metropolitan,2,peak,60,Cross Road,Straight road,Level,Dry,Not Raining,Daylight,Right Turn,Traffic Signals
Passenger,Male,39.88915925,Rear Seat Middle Passenger,NotFatal,NotWorn,Small,NoLicence,3,2 Metropolitan,2,peak,50,Not Divided,Straight road,Level,Dry,Not Raining,Daylight,Hit Fixed Object,No Control
Passenger,Female,64,Front Seat Left Passenger,NotFatal,NotWorn,Medium,NoLicence,2,2 Metropolitan,2,off-peak,60,Cross Road,Straight road,Level,Dry,Not Raining,Daylight,Rear End,Traffic Signals