cas_type,cas_gender,cas_age,cas_pos_in_veh,fatality,seat_belt,unit_type,lic_type,n_occupants,stat_area,total_units,time,area_speed,acc_pos,hor_align,ver_align,moist_cond,wea_cond,dayNight,crash_type,traf_ctrls
Rider,Male,58,NotApplicable,NotFatal,NotWorn,MCycling,NoLicence,1,2 Metropolitan,2,off-peak,60,T-Junction,Straight road,Level,Dry,Not Raining,Daylight,Right Angle,Stop Sign
Passenger,Female,93,Front Seat Left Passenger,NotFatal,NotWorn,Medium,NoLicence,2,2 Metropolitan,2,off-peak,60,Not Divided,Straight road,Level,Dry,Not Raining,Daylight,Head On,No Control
Passenger,Female,93,Front Seat Left Passenger,NotFatal,NotWorn,Small,NoLicence,2,2 Metropolitan,2,off-peak,60,Not Divided,Straight road,Level,Dry,Not Raining,Daylight,Head On,No Control
Driver,Female,21,Driver,NotFatal,Worn,Medium,Full,1,2 Metropolitan,2,off-peak,60,Divided Road,Straight road,Slope,Dry,Not Raining,Daylight,Rear End,No Control
Driver,Female,32,Driver,NotFatal,Worn,Medium,Provisional 1 ,1,2 Metropolitan,2,off-peak,50,Divided Road,Straight road,Level,Dry,Not Raining,Daylight,Rear End,No Control
Rider,Male,28,NotApplicable,NotFatal,NotWorn,MCycling,NoLicence,1,2 Metropolitan,2,off-peak,70,Cross Road,Straight road,Level,Dry,Not Raining,Daylight,Right Angle,No Control
Rider,Female,43,NotApplicable,NotFatal,NotWorn,PCycling,NoLicence,1,2 Metropolitan,2,off-peak,50,Cross Road,Straight road,Level,Dry,Not Raining,Daylight,Right Angle,Stop Sign
Driver,Male,69,Driver,NotFatal,Worn,Medium,Full,1,2 Metropolitan,2,off-peak,50,Not Divided,Straight road,Level,Dry,Not Raining,Daylight,Hit Parked Vehicle,No Control
Driver,Female,51,Driver,NotFatal,Worn,Medium,Full,3,2 Metropolitan,3,off-peak,60,Not Divided,Straight road,Level,Dry,Not Raining,Night,Rear End,No Control
Pedestrian,Male,28,NotApplicable,NotFatal,NotWorn,Pedestrian on Road,NoLicence,1,2 Metropolitan,2,off-peak,50,Not Divided,Straight road,Level,Dry,Not Raining,Night,Hit Pedestrian,No Control
Passenger,Female,18,Rear Seat Left Passenger,NotFatal,NotWorn,Small,NoLicence,4,2 Metropolitan,2,off-peak,80,Not Divided,"CURVED, VIEW OPEN",Slope,Dry,Not Raining,Night,Hit Fixed Object,No Control
Driver,Male,42,Driver,NotFatal,Worn,Medium,Probationary,4,2 Metropolitan,2,peak,80,Divided Road,Straight road,Level,Dry,Not Raining,Daylight,Rear End,No Control
Driver,Female,91,Driver,NotFatal,Worn,Small,Full,1,2 Metropolitan,2,peak,50,Not Divided,Straight road,Level,Dry,Not Raining,Daylight,Rear End,No Control
Driver,Female,21,Driver,NotFatal,Worn,Small,Full,1,2 Metropolitan,2,off-peak,60,Divided Road,Straight road,Level,Dry,Not Raining,Daylight,Hit Fixed Object,No Control
Driver,Female,35,Driver,NotFatal,Worn,Medium,Full,1,2 Metropolitan,2,off-peak,60,Cross Road,Straight road,Level,Dry,Not Raining,Daylight,Side Swipe,Traffic Signals
Rider,Male,61,NotApplicable,NotFatal,NotWorn,PCycling,NoLicence,1,2 Metropolitan,2,off-peak,60,Divided Road,Straight road,Level,Dry,Not Raining,Daylight,Side Swipe,No Control
Driver,Male,39,Driver,NotFatal,Worn,Small,Full,3,2 Metropolitan,2,off-peak,60,Cross Road,Straight road,Slope,Dry,Not Raining,Daylight,Right Angle,Stop Sign
Passenger,Female,32,Front Seat Left Passenger,NotFatal,NotWorn,Small,NoLicence,5,3 Country,2,off-peak,60,Cross Road,Straight road,Level,Dry,Not Raining,Daylight,Right Angle,Give Way Sign
Driver,Female,44,Driver,NotFatal,Worn,Small,Full,1,2 Metropolitan,2,off-peak,50,Cross Road,Straight road,Level,Dry,Not Raining,Daylight,Side Swipe,Roundabout
Driver,Female,24,Driver,NotFatal,Worn,Small,Provisional 2,1,2 Metropolitan,2,off-peak,50,Other,"CURVED, VIEW OPEN",Slope,Dry,Not Raining,Daylight,Rear End,No Control
Passenger,Female,32,Front Seat Left Passenger,NotFatal,NotWorn,Medium,NoLicence,2,2 Metropolitan,3,peak,40,Not Divided,Straight road,Slope,Dry,Not Raining,Daylight,Rear End,No Control
Rider,Male,66,NotApplicable,Fatal,NotWorn,PCycling,NoLicence,1,3 Country,2,peak,110,Not Divided,Straight road,Slope,Dry,Not Raining,Daylight,Rear End,No Control
Driver,Male,23,Driver,NotFatal,Worn,Medium,Full,1,2 Metropolitan,2,peak,60,T-Junction,"CURVED, VIEW OPEN",Slope,Dry,Not Raining,Daylight,Rear End,No Control
Pedestrian,Female,64,NotApplicable,NotFatal,NotWorn,Pedestrian on Road,NoLicence,1,2 Metropolitan,2,peak,60,Pedestrian Crossing,Straight road,Level,Dry,Not Raining,Night,Hit Pedestrian,Traffic Signals
Driver,Male,25,Driver,NotFatal,Worn,Small,Full,1,2 Metropolitan,2,off-peak,50,Not Divided,Straight road,Level,Dry,Not Raining,Night,Hit Fixed Object,No Control
Driver,Male,40,Driver,NotFatal,Worn,Small,Full,1,2 Metropolitan,3,off-peak,60,Not Divided,Straight road,Level,Dry,Not Raining,Daylight,Side Swipe,No Control
Driver,Female,68,Driver,NotFatal,Worn,Small,Full,1,2 Metropolitan,2,off-peak,60,Divided Road,Straight road,Level,Dry,Not Raining,Daylight,Side Swipe,No Control
Driver,Female,54,Driver,NotFatal,Worn,Medium,Full,1,2 Metropolitan,2,peak,60,Cross Road,Straight road,Level,Dry,Not Raining,Daylight,Rear End,Give Way Sign
Driver,Female,35,Driver,NotFatal,Worn,Medium,Full,1,3 Country,2,off-peak,50,Divided Road,Straight road,Level,Wet,Raining,Daylight,Right Angle,No Control
Driver,Female,80,Driver,NotFatal,Worn,Small,Full,1,2 Metropolitan,2,off-peak,60,Not Divided,Straight road,Level,Dry,Not Raining,Daylight,Hit Parked Vehicle,No Control
Passenger,Female,23,Front Seat Left Passenger,NotFatal,NotWorn,Small,NoLicence,2,2 Metropolitan,2,off-peak,60,T-Junction,Straight road,Level,Wet,Not Raining,Daylight,Rear End,Traffic Signals
Driver,Female,40,Driver,NotFatal,Worn,Small,Full,1,2 Metropolitan,2,off-peak,60,T-Junction,Straight road,Level,Dry,Not Raining,Daylight,Right Angle,No Control
Driver,Male,38,Driver,NotFatal,Worn,Medium,Full,3,2 Metropolitan,3,peak,60,T-Junction,Straight road,Level,Dry,Not Raining,Daylight,Rear End,No Control
Pedestrian,Female,59,NotApplicable,NotFatal,NotWorn,Pedestrian on Road,NoLicence,1,2 Metropolitan,3,off-peak,60,Divided Road,Straight road,Level,Dry,Not Raining,Night,Hit Pedestrian,No Control
Driver,Female,57,Driver,NotFatal,Worn,Medium,Full,1,2 Metropolitan,3,off-peak,100,Freeway,Straight road,Level,Dry,Not Raining,Night,Rear End,No Control
Passenger,Female,10,Rear Seat Left Passenger,NotFatal,NotWorn,Small,NoLicence,3,2 Metropolitan,3,off-peak,100,Freeway,Straight road,Level,Dry,Not Raining,Night,Rear End,No Control
Driver,Female,19,Driver,NotFatal,Worn,Small,Provisional 1 ,1,3 Country,2,off-peak,110,Not Divided,Straight road,Level,Wet,Raining,Night,Hit Fixed Object,No Control
Driver,Female,17,Driver,NotFatal,Worn,Small,Provisional 1 ,1,2 Metropolitan,2,off-peak,80,Cross Road,Straight road,Level,Dry,Not Raining,Night,Right Turn,Traffic Signals
Driver,Male,44,Driver,NotFatal,Worn,Small,Full,1,2 Metropolitan,2,off-peak,80,Cross Road,Straight road,Level,Dry,Not Raining,Night,Right Turn,Traffic Signals
Rider,Female,29,NotApplicable,NotFatal,NotWorn,PCycling,NoLicence,1,3 Country,2,off-peak,60,Not Divided,Straight road,Level,Dry,Not Raining,Daylight,Hit Animal,No Control
Driver,Female,36,Driver,NotFatal,Worn,Small,Provisional 2,1,3 Country,2,off-peak,110,Not Divided,Straight road,Level,Dry,Not Raining,Daylight,Rear End,No Control
Rider,Female,44,NotApplicable,NotFatal,NotWorn,PCycling,NoLicence,1,1 City,2,peak,50,Not Divided,Straight road,Level,Dry,Not Raining,Daylight,Hit Parked Vehicle,No Control
Driver,Male,53,Driver,NotFatal,Worn,Medium,Full,1,2 Metropolitan,3,off-peak,60,Divided Road,Straight road,Level,Dry,Not Raining,Night,Rear End,No Control
Passenger,Female,18,Front Seat Left Passenger,NotFatal,NotWorn,Small,NoLicence,2,2 Metropolitan,2,peak,50,T-Junction,Straight road,Slope,Dry,Not Raining,Daylight,Right Angle,No Control
Rider,Male,52,NotApplicable,NotFatal,NotWorn,MCycling,NoLicence,1,2 Metropolitan,2,peak,40,Not Divided,Straight road,Level,Dry,Not Raining,Daylight,Side Swipe,No Control
Rider,Female,46,NotApplicable,NotFatal,NotWorn,MCycling,NoLicence,1,2 Metropolitan,2,off-peak,60,Cross Road,Straight road,Level,Dry,Not Raining,Night,Rear End,Traffic Signals
Driver,Female,40,Driver,NotFatal,Worn,Small,Full,1,2 Metropolitan,2,off-peak,50,Divided Road,Straight road,Level,Dry,Not Raining,Daylight,Right Turn,No Control
Driver,Female,33,Driver,NotFatal,Worn,Medium,Full,2,2 Metropolitan,2,off-peak,60,T-Junction,Straight road,Level,Dry,Not Raining,Daylight,Rear End,Stop Sign
Rider,Male,84,NotApplicable,NotFatal,NotWorn,PCycling,NoLicence,1,2 Metropolitan,2,off-peak,50,Not Divided,Straight road,Level,Dry,Not Raining,Daylight,Hit Parked Vehicle,No Control
Driver,Female,39,Driver,NotFatal,Worn,Medium,Full,2,2 Metropolitan,3,peak,60,T-Junction,Straight road,Level,Dry,Not Raining,Daylight,Right Angle,No Control
Driver,Male,22,Driver,NotFatal,Worn,Small,Full,1,2 Metropolitan,2,off-peak,60,Divided Road,Straight road,Level,Wet,Not Raining,Daylight,Rear End,No Control
Driver,Female,81,Driver,NotFatal,Worn,Small,Full,1,2 Metropolitan,2,off-peak,60,T-Junction,Straight road,Level,Dry,Not Raining,Daylight,Right Angle,No Control
Driver,Female,27,Driver,NotFatal,Worn,Small,Full,1,2 Metropolitan,3,peak,60,Not Divided,Straight road,Level,Dry,Not Raining,Daylight,Rear End,No Control
Driver,Female,38,Driver,NotFatal,Worn,Small,Full,1,2 Metropolitan,2,peak,60,Cross Road,Straight road,Slope,Dry,Not Raining,Daylight,Rear End,Traffic Signals
Rider,Male,22,NotApplicable,NotFatal,NotWorn,MCycling,NoLicence,1,2 Metropolitan,2,off-peak,60,Cross Road,Straight road,Level,Dry,Not Raining,Daylight,Rear End,Traffic Signals
Rider,Male,20,NotApplicable,NotFatal,NotWorn,PCycling,NoLicence,1,2 Metropolitan,2,off-peak,70,Cross Road,Straight road,Level,Dry,Not Raining,Night,Right Angle,Traffic Signals
Driver,Male,39,Driver,NotFatal,Worn,Small,Full,1,2 Metropolitan,3,peak,60,Divided Road,Straight road,Level,Dry,Not Raining,Daylight,Rear End,No Control
Driver,Female,22,Driver,NotFatal,Worn,Small,Provisional 1 ,1,2 Metropolitan,2,off-peak,60,Divided Road,Straight road,Level,Dry,Not Raining,Night,Rear End,No Control
Driver,Female,75,Driver,NotFatal,Worn,Small,Full,1,3 Country,2,peak,100,Not Divided,Straight road,Slope,Dry,Not Raining,Daylight,Roll Over,No Control
Rider,Male,60,NotApplicable,NotFatal,NotWorn,PCycling,NoLicence,1,2 Metropolitan,2,peak,50,T-Junction,Straight road,Level,Dry,Not Raining,Night,Right Angle,Roundabout
Driver,Female,47,Driver,NotFatal,Unknown,Small,Full,1,3 Country,2,peak,50,Not Divided,Straight road,Bottom of Hill,Dry,Not Raining,Daylight,Rear End,No Control
Driver,Female,46,Driver,NotFatal,Unknown,Small,Full,3,3 Country,2,peak,50,Not Divided,Straight road,Bottom of Hill,Dry,Not Raining,Daylight,Rear End,No Control
Driver,Female,61,Driver,NotFatal,Worn,Small,Full,1,3 Country,2,peak,100,Not Divided,Straight road,Level,Dry,Not Raining,Daylight,Hit Fixed Object,No Control
Rider,Male,67,NotApplicable,NotFatal,NotWorn,MCycling,NoLicence,1,2 Metropolitan,2,off-peak,80,T-Junction,"CURVED, VIEW OBSCURED",Level,Dry,Not Raining,Daylight,Right Angle,Stop Sign
Driver,Female,50,Driver,NotFatal,Worn,Medium,Full,1,3 Country,2,off-peak,60,Cross Road,Straight road,Level,Dry,Not Raining,Daylight,Side Swipe,Give Way Sign
Passenger,Female,21,Rear Seat Left Passenger,NotFatal,NotWorn,Small,NoLicence,3,1 City,2,off-peak,50,T-Junction,Straight road,Level,Dry,Not Raining,Night,Rear End,Traffic Signals
Passenger,Female,54,Front Seat Left Passenger,NotFatal,NotWorn,Small,NoLicence,3,1 City,2,off-peak,50,T-Junction,Straight road,Level,Dry,Not Raining,Night,Rear End,Traffic Signals
Driver,Female,18,Driver,NotFatal,Worn,Small,Provisional 2,2,1 City,3,peak,60,Divided Road,Straight road,Level,Dry,Not Raining,Night,Rear End,No Control
Driver,Male,30,Driver,NotFatal,Worn,Small,Full,1,2 Metropolitan,2,off-peak,60,T-Junction,Straight road,Level,Dry,Not Raining,Daylight,Right Angle,Give Way Sign
Driver,Female,70,Driver,NotFatal,Worn,Small,Full,2,2 Metropolitan,2,off-peak,80,Cross Road,Straight road,Level,Dry,Not Raining,Night,Rear End,Give Way Sign
Driver,Male,30,Driver,NotFatal,Worn,Small,Provisional 1 ,1,2 Metropolitan,2,peak,60,Not Divided,"CURVED, VIEW OBSCURED",Level,Dry,Not Raining,Daylight,Head On,No Control
Driver,Male,24,Driver,NotFatal,Worn,Small,Full,1,2 Metropolitan,2,off-peak,50,T-Junction,Straight road,Level,Dry,Not Raining,Daylight,Right Angle,No Control
Rider,Male,50,NotApplicable,NotFatal,NotWorn,PCycling,NoLicence,1,2 Metropolitan,2,off-peak,60,Not Divided,Straight road,Level,Wet,Raining,Night,Hit Parked Vehicle,No Control
Driver,Female,67,Driver,NotFatal,Worn,Medium,Full,1,2 Metropolitan,3,off-peak,50,Not Divided,Straight road,Level,Wet,Raining,Daylight,Right Turn,No Control
Driver,Female,25,Driver,NotFatal,Worn,Small,Full,1,2 Metropolitan,2,peak,70,T-Junction,Straight road,Level,Wet,Not Raining,Daylight,Right Angle,No Control
Driver,Male,26,Driver,NotFatal,Worn,Medium,Full,1,2 Metropolitan,2,off-peak,50,Not Divided,Straight road,Level,Wet,Raining,Daylight,Side Swipe,No Control
Driver,Female,21,Driver,NotFatal,Worn,Small,Full,1,2 Metropolitan,2,off-peak,50,Not Divided,Straight road,Level,Wet,Raining,Daylight,Side Swipe,No Control
Driver,Female,35,Driver,NotFatal,Worn,Small,Full,3,2 Metropolitan,2,off-peak,80,T-Junction,Straight road,Level,Wet,Not Raining,Daylight,Rear End,Traffic Signals
Passenger,Female,1,Rear Seat Right Passenger,NotFatal,NotWorn,Small,NoLicence,3,2 Metropolitan,2,off-peak,80,T-Junction,Straight road,Level,Wet,Not Raining,Daylight,Rear End,Traffic Signals
Passenger,Male,3,Rear Seat Left Passenger,NotFatal,NotWorn,Small,NoLicence,3,2 Metropolitan,2,off-peak,80,T-Junction,Straight road,Level,Wet,Not Raining,Daylight,Rear End,Traffic Signals
Driver,Female,52,Driver,NotFatal,Worn,Small,Probationary,1,3 Country,2,off-peak,100,Not Divided,Straight road,Level,Wet,Not Raining,Daylight,Hit Fixed Object,No Control
Pedestrian,Male,56,NotApplicable,NotFatal,NotWorn,Pedestrian on Road,NoLicence,1,2 Metropolitan,2,peak,50,Cross Road,Straight road,Unknown,Wet,Raining,Daylight,Hit Pedestrian,Traffic Signals
Driver,Male,44,Driver,NotFatal,Worn,Small,Full,1,2 Metropolitan,2,off-peak,60,Not Divided,"CURVED, VIEW OBSCURED",Slope,Wet,Raining,Night,Head On,No Control
Driver,Female,33,Driver,NotFatal,Worn,Small,Full,3,2 Metropolitan,2,off-peak,60,Not Divided,"CURVED, VIEW OBSCURED",Slope,Wet,Raining,Night,Head On,No Control
Pedestrian,Female,32,NotApplicable,NotFatal,NotWorn,Pedestrian on Road,NoLicence,1,2 Metropolitan,2,off-peak,60,Not Divided,Straight road,Level,Wet,Raining,Night,Hit Pedestrian,No Control
Pedestrian,Male,22,NotApplicable,NotFatal,NotWorn,Pedestrian on Road,NoLicence,1,2 Metropolitan,3,off-peak,60,Cross Road,Straight road,Level,Wet,Raining,Night,Hit Pedestrian,Traffic Signals
Pedestrian,Female,21,NotApplicable,NotFatal,NotWorn,Pedestrian on Road,NoLicence,1,2 Metropolitan,3,off-peak,60,Cross Road,Straight road,Level,Wet,Raining,Night,Hit Pedestrian,Traffic Signals
Driver,Male,23,Driver,Fatal,Worn,Small,Full,1,2 Metropolitan,2,off-peak,80,Not Divided,Straight road,Level,Wet,Raining,Night,Roll Over,No Control
Driver,Male,57,Driver,NotFatal,Worn,Small,Full,1,1 City,2,off-peak,60,Divided Road,Straight road,Level,Wet,Raining,Daylight,Rear End,No Control
Driver,Female,29,Driver,NotFatal,Worn,Small,Full,1,2 Metropolitan,2,off-peak,50,T-Junction,Straight road,Level,Wet,Not Raining,Daylight,Right Angle,No Control
Driver,Male,35,Driver,NotFatal,Worn,Small,Full,1,2 Metropolitan,2,off-peak,50,T-Junction,Straight road,Level,Wet,Not Raining,Daylight,Right Angle,No Control
Driver,Female,84,Driver,NotFatal,Worn,Small,Full,1,2 Metropolitan,2,off-peak,60,T-Junction,Straight road,Level,Dry,Not Raining,Daylight,Right Angle,No Control
Driver,Female,41,Driver,NotFatal,Worn,Small,Full,2,2 Metropolitan,2,off-peak,80,Not Divided,"CURVED, VIEW OBSCURED",Slope,Wet,Not Raining,Daylight,Hit Fixed Object,No Control
Passenger,Male,9,Front Seat Left Passenger,NotFatal,NotWorn,Small,NoLicence,2,2 Metropolitan,2,off-peak,80,Not Divided,"CURVED, VIEW OBSCURED",Slope,Wet,Not Raining,Daylight,Hit Fixed Object,No Control
Driver,Female,93,Driver,NotFatal,Worn,Small,Full,1,2 Metropolitan,2,off-peak,60,Divided Road,Straight road,Level,Dry,Not Raining,Daylight,Hit Parked Vehicle,No Control
Driver,Female,45,Driver,NotFatal,Worn,Small,Full,2,2 Metropolitan,2,off-peak,50,Cross Road,Straight road,Level,Wet,Raining,Night,Right Angle,Stop Sign
Passenger,Female,50,Front Seat Left Passenger,NotFatal,NotWorn,Small,NoLicence,2,2 Metropolitan,2,off-peak,50,Cross Road,Straight road,Level,Wet,Raining,Night,Right Angle,Stop Sign
Rider,Male,53,NotApplicable,NotFatal,NotWorn,PCycling,NoLicence,1,2 Metropolitan,2,off-peak,60,T-Junction,Straight road,Level,Dry,Not Raining,Daylight,Side Swipe,No Control
Driver,Male,72,Driver,NotFatal,Worn,Medium,Full,2,2 Metropolitan,2,peak,80,Other,Straight road,Level,Dry,Not Raining,Daylight,Hit Fixed Object,No Control
Passenger,Female,69,Front Seat Left Passenger,NotFatal,NotWorn,Medium,NoLicence,2,2 Metropolitan,2,peak,80,Other,Straight road,Level,Dry,Not Raining,Daylight,Hit Fixed Object,No Control
Driver,Male,18,Driver,NotFatal,Worn,Small,Provisional 2,1,2 Metropolitan,2,peak,50,T-Junction,Straight road,Slope,Dry,Not Raining,Daylight,Right Turn,No Control
Driver,Female,40,Driver,NotFatal,Worn,Small,Full,1,2 Metropolitan,2,peak,50,T-Junction,Straight road,Slope,Dry,Not Raining,Daylight,Right Turn,No Control
Driver,Male,26,Driver,NotFatal,Worn,Utility,Full,1,3 Country,2,off-peak,110,Not Divided,Straight road,Level,Dry,Not Raining,Night,Hit Fixed Object,No Control
Driver,Female,52,Driver,NotFatal,Worn,Medium,Full,1,2 Metropolitan,2,off-peak,50,Not Divided,Straight road,Level,Dry,Not Raining,Night,Hit Parked Vehicle,No Control
Driver,Male,51,Driver,NotFatal,Worn,Medium,Full,1,2 Metropolitan,2,off-peak,80,Not Divided,Straight road,Level,Dry,Not Raining,Night,Hit Fixed Object,No Control
Driver,Female,28,Driver,NotFatal,Worn,Small,Full,2,2 Metropolitan,2,off-peak,60,Divided Road,Straight road,Level,Dry,Not Raining,Daylight,Rear End,No Control
Driver,Male,47,Driver,NotFatal,Worn,Medium,Unlicenced,1,3 Country,1,off-peak,100,Not Divided,Straight road,Level,Dry,Not Raining,Night,Roll Over,No Control
Driver,Female,55,Driver,NotFatal,Worn,Small,Full,1,2 Metropolitan,2,off-peak,80,Divided Road,Straight road,Level,Dry,Not Raining,Daylight,Rear End,No Control
Passenger,Female,67,Front Seat Left Passenger,NotFatal,NotWorn,Small,NoLicence,2,2 Metropolitan,2,peak,60,Cross Road,Straight road,Level,Dry,Not Raining,Daylight,Rear End,Traffic Signals
Rider,Male,15,NotApplicable,NotFatal,NotWorn,PCycling,NoLicence,1,2 Metropolitan,1,off-peak,50,Not Divided,"CURVED, VIEW OPEN",Slope,Dry,Not Raining,Daylight,Roll Over,No Control
Pedestrian,Male,21,NotApplicable,NotFatal,NotWorn,Pedestrian on Road,NoLicence,1,3 Country,3,off-peak,50,Cross Road,Straight road,Level,Wet,Raining,Night,Hit Pedestrian,Traffic Signals
Driver,Female,23,Driver,NotFatal,Worn,Small,Full,1,2 Metropolitan,2,off-peak,60,T-Junction,Straight road,Level,Wet,Not Raining,Night,Right Angle,No Control
Pedestrian,Female,76,NotApplicable,NotFatal,NotWorn,Pedestrian on Road,NoLicence,1,3 Country,2,off-peak,50,T-Junction,Straight road,Level,Dry,Not Raining,Night,Hit Pedestrian,Stop Sign
Driver,Male,44,Driver,NotFatal,Worn,Small,Full,1,2 Metropolitan,2,off-peak,50,T-Junction,"CURVED, VIEW OBSCURED",Slope,Dry,Not Raining,Daylight,Right Angle,Give Way Sign
Driver,Female,41,Driver,NotFatal,Worn,Medium,Full,1,2 Metropolitan,2,off-peak,90,Divided Road,Straight road,Level,Dry,Not Raining,Night,Rear End,No Control
Driver,Female,27,Driver,NotFatal,Worn,Small,Provisional 2,1,2 Metropolitan,2,off-peak,50,Not Divided,Straight road,Level,Dry,Not Raining,Daylight,Hit Fixed Object,No Control
Pedestrian,Female,64,NotApplicable,NotFatal,NotWorn,Pedestrian on Road,NoLicence,1,2 Metropolitan,2,peak,50,Cross Road,Straight road,Level,Dry,Not Raining,Daylight,Hit Pedestrian,Traffic Signals
Driver,Female,66,Driver,NotFatal,Worn,Medium,Full,1,2 Metropolitan,2,peak,80,Divided Road,Straight road,Level,Dry,Not Raining,Daylight,Rear End,No Control
Driver,Male,62,Driver,NotFatal,Worn,Medium,Full,1,2 Metropolitan,4,off-peak,60,Divided Road,Straight road,Level,Dry,Not Raining,Daylight,Side Swipe,No Control
Driver,Male,46,Driver,NotFatal,Worn,Medium,Full,2,1 City,2,off-peak,50,Other,Straight road,Level,Dry,Not Raining,Daylight,Rear End,No Control
Passenger,Male,48,Front Seat Left Passenger,NotFatal,NotWorn,Medium,NoLicence,2,1 City,2,off-peak,50,Other,Straight road,Level,Dry,Not Raining,Daylight,Rear End,No Control
Driver,Female,17,Driver,NotFatal,Worn,Medium,Provisional 1 ,4,3 Country,1,off-peak,100,Cross Road,Straight road,Level,Dry,Not Raining,Night,Roll Over,Give Way Sign
Passenger,Female,17,Front Seat Left Passenger,NotFatal,NotWorn,Medium,NoLicence,4,3 Country,1,off-peak,100,Cross Road,Straight road,Level,Dry,Not Raining,Night,Roll Over,Give Way Sign
Passenger,Female,17,Rear Seat Right Passenger,NotFatal,NotWorn,Medium,NoLicence,4,3 Country,1,off-peak,100,Cross Road,Straight road,Level,Dry,Not Raining,Night,Roll Over,Give Way Sign
Passenger,Female,17,Rear Seat Left Passenger,NotFatal,NotWorn,Medium,NoLicence,4,3 Country,1,off-peak,100,Cross Road,Straight road,Level,Dry,Not Raining,Night,Roll Over,Give Way Sign
Driver,Female,40,Driver,NotFatal,Worn,Medium,Full,1,2 Metropolitan,2,peak,80,Cross Road,Straight road,Level,Dry,Not Raining,Night,Rear End,Traffic Signals
Driver,Male,37,Driver,NotFatal,Worn,Medium,Full,1,2 Metropolitan,2,off-peak,60,Not Divided,Straight road,Level,Dry,Not Raining,Night,Hit Fixed Object,No Control
Rider,Male,19,NotApplicable,NotFatal,NotWorn,MCycling,NoLicence,1,2 Metropolitan,2,off-peak,100,Not Divided,"CURVED, VIEW OPEN",Slope,Dry,Not Raining,Daylight,Hit Fixed Object,No Control
Driver,Male,56,Driver,NotFatal,Worn,Medium,Full,1,2 Metropolitan,4,off-peak,60,Divided Road,Straight road,Level,Dry,Not Raining,Daylight,Rear End,No Control
Rider,Male,64,NotApplicable,NotFatal,NotWorn,PCycling,NoLicence,1,2 Metropolitan,2,peak,50,Not Divided,Straight road,Level,Dry,Not Raining,Daylight,Right Angle,No Control
Driver,Female,20,Driver,NotFatal,Worn,Small,Provisional 1 ,1,3 Country,2,off-peak,100,Not Divided,"CURVED, VIEW OPEN",Level,Dry,Not Raining,Daylight,Hit Fixed Object,No Control
Rider,Male,25,NotApplicable,NotFatal,NotWorn,PCycling,NoLicence,1,1 City,2,off-peak,50,Not Divided,Straight road,Level,Dry,Not Raining,Daylight,Hit Parked Vehicle,No Control
Rider,Male,61,NotApplicable,NotFatal,NotWorn,MCycling,NoLicence,1,3 Country,2,off-peak,110,Not Divided,Straight road,Level,Dry,Not Raining,Daylight,Head On,No Control
Driver,Female,57,Driver,NotFatal,Worn,Small,Full,1,2 Metropolitan,3,peak,50,Cross Road,Straight road,Level,Wet,Not Raining,Daylight,Right Angle,Stop Sign
Passenger,Male,2,Rear Seat Left Passenger,NotFatal,NotWorn,Small,NoLicence,4,2 Metropolitan,2,peak,70,Divided Road,Straight road,Level,Wet,Raining,Night,Rear End,No Control
Driver,Female,23,Driver,NotFatal,Worn,Small,Provisional 1 ,3,2 Metropolitan,2,peak,70,Divided Road,Straight road,Level,Wet,Raining,Night,Rear End,No Control
Passenger,Female,3,Rear Seat Left Passenger,NotFatal,NotWorn,Small,NoLicence,3,2 Metropolitan,2,peak,70,Divided Road,Straight road,Level,Wet,Raining,Night,Rear End,No Control
Driver,Female,26,Driver,NotFatal,Worn,Small,Full,1,2 Metropolitan,3,peak,60,Divided Road,Straight road,Level,Dry,Not Raining,Night,Rear End,No Control
Driver,Female,24,Driver,NotFatal,Worn,Small,Full,1,2 Metropolitan,3,peak,60,T-Junction,Straight road,Level,Wet,Not Raining,Night,Rear End,No Control
Passenger,Female,36,Rear Seat Right Passenger,NotFatal,NotWorn,Small,NoLicence,5,2 Metropolitan,2,peak,60,Divided Road,Straight road,Level,Wet,Raining,Night,Rear End,No Control
Passenger,Female,9,Rear Seat Middle Passenger,NotFatal,NotWorn,Small,NoLicence,5,2 Metropolitan,2,peak,60,Divided Road,Straight road,Level,Wet,Raining,Night,Rear End,No Control
Rider,Male,17,NotApplicable,NotFatal,NotWorn,MCycling,NoLicence,1,2 Metropolitan,2,off-peak,50,Not Divided,"CURVED, VIEW OPEN",Level,Wet,Not Raining,Night,Roll Over,No Control
Driver,Female,18,Driver,NotFatal,Worn,Small,Provisional 2,2,2 Metropolitan,2,off-peak,40,Cross Road,Straight road,Level,Wet,Not Raining,Night,Right Angle,Traffic Signals
Driver,Female,58,Driver,NotFatal,Worn,Small,Full,2,2 Metropolitan,2,off-peak,60,Cross Road,"CURVED, VIEW OPEN",Level,Dry,Not Raining,Daylight,Rear End,Traffic Signals
Driver,Female,66,Driver,NotFatal,Worn,Small,Full,1,2 Metropolitan,2,peak,60,Divided Road,Straight road,Level,Dry,Not Raining,Daylight,Rear End,No Control
Driver,Male,38,Driver,NotFatal,Worn,Utility,Full,1,2 Metropolitan,2,off-peak,60,Cross Road,Straight road,Level,Dry,Not Raining,Daylight,Rear End,Traffic Signals