cas_type,cas_gender,cas_age,cas_pos_in_veh,fatality,seat_belt,unit_type,lic_type,n_occupants,stat_area,total_units,time,area_speed,acc_pos,hor_align,ver_align,moist_cond,wea_cond,dayNight,crash_type,traf_ctrls
Driver,Male,92,Driver,NotFatal,Worn,Small,Full,1,2 Metropolitan,2,off-peak,60,Divided Road,Straight road,Level,Dry,Not Raining,Daylight,Right Angle,No Control
Rider,Male,46,NotApplicable,NotFatal,NotWorn,MCycling,NoLicence,1,2 Metropolitan,2,off-peak,50,Cross Road,Straight road,Level,Dry,Not Raining,Daylight,Right Angle,Give Way Sign
Driver,Male,48,Driver,NotFatal,Worn,Small,Full,1,2 Metropolitan,1,off-peak,80,Not Divided,"CURVED, VIEW OBSCURED",Level,Dry,Not Raining,Night,Left Road - Out of Control,No Control
Driver,Female,40,Driver,NotFatal,Worn,Small,Full,1,2 Metropolitan,2,off-peak,60,Cross Road,Straight road,Level,Dry,Not Raining,Daylight,Rear End,Traffic Signals
Driver,Male,63,Driver,NotFatal,Worn,Small,Full,1,2 Metropolitan,2,peak,60,Divided Road,Straight road,Level,Dry,Not Raining,Daylight,Rear End,No Control
Driver,Female,63,Driver,NotFatal,Worn,Medium,Full,2,2 Metropolitan,3,off-peak,80,Divided Road,Straight road,Level,Dry,Not Raining,Daylight,Rear End,No Control
Passenger,Female,9,Front Seat Left Passenger,NotFatal,NotWorn,Medium,NoLicence,2,2 Metropolitan,3,off-peak,80,Divided Road,Straight road,Level,Dry,Not Raining,Daylight,Rear End,No Control
Pedestrian,Male,61,NotApplicable,NotFatal,NotWorn,Pedestrian on Road,NoLicence,1,3 Country,2,peak,50,Not Divided,Straight road,Level,Dry,Not Raining,Daylight,Hit Pedestrian,No Control
Driver,Female,42,Driver,NotFatal,Worn,Medium,Full,1,2 Metropolitan,2,peak,70,Cross Road,Straight road,Level,Dry,Not Raining,Daylight,Rear End,Roundabout
Rider,Male,34,NotApplicable,NotFatal,NotWorn,PCycling,NoLicence,1,2 Metropolitan,2,peak,60,T-Junction,Straight road,Level,Dry,Not Raining,Night,Right Angle,No Control
Rider,Male,30,NotApplicable,NotFatal,NotWorn,PCycling,NoLicence,1,2 Metropolitan,2,peak,50,T-Junction,"CURVED, VIEW OPEN",Level,Dry,Not Raining,Daylight,Right Angle,Give Way Sign
Driver,Female,36,Driver,NotFatal,Worn,Medium,Full,1,2 Metropolitan,2,off-peak,50,Cross Road,Straight road,Level,Dry,Not Raining,Daylight,Rear End,Roundabout
Pedestrian,Male,28,NotApplicable,NotFatal,NotWorn,Pedestrian on Road,NoLicence,1,2 Metropolitan,2,off-peak,25,Divided Road,Straight road,Level,Dry,Not Raining,Night,Hit Pedestrian,No Control
Driver,Male,46,Driver,NotFatal,Worn,Large,Full,1,3 Country,2,off-peak,110,Not Divided,"CURVED, VIEW OPEN",Slope,Dry,Not Raining,Night,Hit Fixed Object,No Control
Passenger,Female,28,Front Seat Left Passenger,NotFatal,NotWorn,Small,NoLicence,2,2 Metropolitan,2,off-peak,50,Cross Road,Straight road,Level,Dry,Not Raining,Daylight,Rear End,Give Way Sign
Driver,Female,49,Driver,NotFatal,Worn,Small,Full,1,2 Metropolitan,2,off-peak,60,Cross Road,Straight road,Level,Dry,Not Raining,Daylight,Rear End,Traffic Signals
Driver,Male,58,Driver,NotFatal,Worn,Large,Full,1,2 Metropolitan,2,off-peak,90,T-Junction,Straight road,Level,Dry,Not Raining,Daylight,Roll Over,Roundabout
Driver,Female,47,Driver,NotFatal,Worn,Small,Full,2,2 Metropolitan,2,off-peak,70,T-Junction,Straight road,Level,Dry,Not Raining,Daylight,Right Turn,Traffic Signals
Passenger,Female,18,Front Seat Left Passenger,NotFatal,NotWorn,Small,NoLicence,2,2 Metropolitan,2,off-peak,70,T-Junction,Straight road,Level,Dry,Not Raining,Daylight,Right Turn,Traffic Signals
Driver,Female,31,Driver,NotFatal,Worn,Small,Full,1,3 Country,2,off-peak,60,Not Divided,Straight road,Level,Dry,Not Raining,Daylight,Rear End,No Control
Driver,Male,56,Driver,NotFatal,Unknown,Small,Full,2,2 Metropolitan,3,off-peak,60,T-Junction,Straight road,Slope,Dry,Not Raining,Daylight,Right Angle,No Control
Driver,Female,29,Driver,NotFatal,Worn,Small,Provisional 2,1,2 Metropolitan,2,peak,80,Not Divided,Straight road,Slope,Dry,Not Raining,Daylight,Right Angle,No Control
Driver,Male,54,Driver,NotFatal,Worn,Small,Full,1,2 Metropolitan,2,peak,80,Not Divided,Straight road,Slope,Dry,Not Raining,Daylight,Right Angle,No Control
Driver,Male,18,Driver,NotFatal,Worn,Small,Provisional 2,1,2 Metropolitan,4,peak,60,Divided Road,Straight road,Level,Dry,Not Raining,Night,Rear End,No Control
Rider,Male,28,NotApplicable,NotFatal,NotWorn,MCycling,NoLicence,1,2 Metropolitan,1,off-peak,80,T-Junction,Straight road,Level,Dry,Not Raining,Night,Roll Over,No Control
Rider,Male,27,NotApplicable,NotFatal,NotWorn,MCycling,NoLicence,1,2 Metropolitan,2,peak,60,T-Junction,Straight road,Level,Dry,Not Raining,Night,Rear End,Traffic Signals
Driver,Female,35,Driver,NotFatal,Worn,Small,Full,1,2 Metropolitan,2,peak,80,Not Divided,"CURVED, VIEW OPEN",Level,Dry,Not Raining,Night,Hit Fixed Object,No Control
Rider,Male,17,NotApplicable,NotFatal,NotWorn,PCycling,NoLicence,1,2 Metropolitan,2,peak,60,Cross Road,Straight road,Level,Dry,Not Raining,Daylight,Right Turn,Stop Sign
Driver,Female,49,Driver,NotFatal,Worn,Small,Full,1,2 Metropolitan,2,off-peak,50,Cross Road,Straight road,Level,Dry,Not Raining,Night,Right Angle,Roundabout
Driver,Male,31,Driver,NotFatal,Worn,Utility,Full,1,2 Metropolitan,3,off-peak,60,Divided Road,Straight road,Level,Dry,Not Raining,Night,Rear End,No Control
Driver,Female,53,Driver,NotFatal,Worn,Medium,Full,1,2 Metropolitan,2,off-peak,60,Divided Road,Straight road,Level,Dry,Not Raining,Night,Rear End,No Control
Driver,Male,20,Driver,NotFatal,Worn,Small,Provisional 2,1,2 Metropolitan,2,off-peak,60,Divided Road,Straight road,Level,Dry,Not Raining,Night,Rear End,No Control
Driver,Male,41,Driver,NotFatal,Worn,Medium,Full,1,2 Metropolitan,2,peak,50,Cross Road,Straight road,Level,Dry,Not Raining,Daylight,Right Angle,Give Way Sign
Rider,Female,19,NotApplicable,NotFatal,NotWorn,PCycling,NoLicence,1,2 Metropolitan,2,peak,50,Not Divided,Straight road,Level,Dry,Not Raining,Daylight,Right Angle,No Control
Driver,Male,18,Driver,NotFatal,Worn,Small,Provisional 1 ,1,2 Metropolitan,2,off-peak,50,Not Divided,Straight road,Slope,Dry,Not Raining,Daylight,Hit Fixed Object,No Control
Rider,Female,49,NotApplicable,NotFatal,NotWorn,PCycling,NoLicence,1,1 City,2,peak,60,Divided Road,Straight road,Level,Dry,Not Raining,Daylight,Side Swipe,No Control
Rider,Male,54,NotApplicable,NotFatal,NotWorn,PCycling,NoLicence,1,2 Metropolitan,1,off-peak,50,Cross Road,Straight road,Level,Dry,Not Raining,Night,Roll Over,Roundabout
Pedestrian,Male,81,NotApplicable,NotFatal,NotWorn,Wheelchair,NoLicence,1,2 Metropolitan,2,off-peak,60,T-Junction,Straight road,Level,Dry,Not Raining,Daylight,Hit Pedestrian,No Control
Rider,Male,49,NotApplicable,NotFatal,NotWorn,PCycling,NoLicence,1,2 Metropolitan,2,off-peak,60,Not Divided,Straight road,Level,Dry,Not Raining,Daylight,Right Angle,No Control
Driver,Male,80,Driver,NotFatal,Worn,Medium,Full,4,1 City,4,off-peak,50,T-Junction,Straight road,Level,Dry,Not Raining,Daylight,Right Turn,Traffic Signals
Driver,Female,35,Driver,NotFatal,Worn,Medium,Full,1,2 Metropolitan,2,peak,90,Freeway,Straight road,Level,Dry,Not Raining,Daylight,Rear End,No Control
Driver,Female,27,Driver,NotFatal,Worn,Medium,Full,2,2 Metropolitan,3,off-peak,60,T-Junction,Straight road,Level,Dry,Not Raining,Daylight,Rear End,Traffic Signals
Driver,Male,33,Driver,NotFatal,Worn,Small,Provisional 2,2,2 Metropolitan,2,peak,50,T-Junction,Straight road,Level,Dry,Not Raining,Night,Right Angle,Give Way Sign
Driver,Male,23,Driver,NotFatal,Worn,Small,Provisional 2,1,2 Metropolitan,2,off-peak,50,Not Divided,Straight road,Level,Dry,Not Raining,Night,Hit Fixed Object,No Control
Driver,Female,73,Driver,NotFatal,Worn,Utility,Full,2,3 Country,1,off-peak,100,Divided Road,Straight road,Level,Dry,Not Raining,Daylight,Roll Over,No Control
Passenger,Male,78,Front Seat Left Passenger,NotFatal,NotWorn,Utility,NoLicence,2,3 Country,1,off-peak,100,Divided Road,Straight road,Level,Dry,Not Raining,Daylight,Roll Over,No Control
Driver,Female,70,Driver,NotFatal,Worn,Small,Full,1,2 Metropolitan,3,peak,50,Divided Road,Straight road,Level,Dry,Not Raining,Daylight,Hit Fixed Object,No Control
Driver,Male,20,Driver,NotFatal,Worn,Small,Provisional 2,1,3 Country,1,off-peak,100,Multiple,Straight road,Level,Dry,Not Raining,Daylight,Roll Over,Give Way Sign
Passenger,Male,81,Front Seat Left Passenger,NotFatal,NotWorn,Small,NoLicence,2,2 Metropolitan,3,peak,70,Divided Road,Straight road,Level,Dry,Not Raining,Night,Rear End,No Control
Driver,Male,56,Driver,NotFatal,Worn,Medium,Full,2,2 Metropolitan,2,peak,60,Cross Road,Straight road,Level,Dry,Not Raining,Night,Right Turn,Traffic Signals
Passenger,Female,45,Front Seat Left Passenger,NotFatal,NotWorn,Medium,NoLicence,2,2 Metropolitan,2,peak,60,Cross Road,Straight road,Level,Dry,Not Raining,Night,Right Turn,Traffic Signals
Rider,Male,39,NotApplicable,NotFatal,NotWorn,MCycling,NoLicence,1,3 Country,2,off-peak,110,Cross Road,Straight road,Level,Dry,Not Raining,Night,Right Angle,Give Way Sign
Rider,Male,46,NotApplicable,NotFatal,NotWorn,MCycling,NoLicence,1,2 Metropolitan,2,off-peak,60,Divided Road,Straight road,Level,Dry,Not Raining,Daylight,Rear End,No Control
Driver,Female,66,Driver,NotFatal,Unknown,Small,Full,1,3 Country,2,off-peak,50,Not Divided,Straight road,Slope,Dry,Not Raining,Night,Hit Parked Vehicle,No Control
Rider,Male,41,NotApplicable,NotFatal,NotWorn,MCycling,NoLicence,1,3 Country,2,off-peak,50,Cross Road,Straight road,Slope,Dry,Not Raining,Night,Right Angle,Roundabout
Driver,Male,62,Driver,NotFatal,Worn,Small,Full,1,2 Metropolitan,2,off-peak,60,Not Divided,Straight road,Level,Dry,Not Raining,Night,Rear End,No Control
Passenger,Female,39.88915925,Front Seat Left Passenger,NotFatal,NotWorn,Medium,NoLicence,2,2 Metropolitan,2,off-peak,60,Pedestrian Crossing,Straight road,Level,Wet,Raining,Daylight,Rear End,No Control
Driver,Female,25,Driver,NotFatal,Worn,Small,Full,1,2 Metropolitan,3,off-peak,70,Cross Road,"CURVED, VIEW OPEN",Level,Dry,Not Raining,Night,Rear End,Give Way Sign
Pedestrian,Female,57,NotApplicable,NotFatal,NotWorn,Pedestrian on Road,NoLicence,1,1 City,2,off-peak,50,Pedestrian Crossing,Straight road,Level,Dry,Not Raining,Daylight,Hit Pedestrian,No Control
Driver,Male,40,Driver,NotFatal,Worn,Utility,Full,1,3 Country,1,peak,100,Not Divided,Straight road,Level,Dry,Not Raining,Night,Roll Over,No Control
Driver,Male,31,Driver,NotFatal,Worn,Small,Full,2,2 Metropolitan,2,off-peak,50,Cross Road,"CURVED, VIEW OPEN",Level,Dry,Not Raining,Night,Right Angle,Roundabout
Driver,Female,18,Driver,NotFatal,Worn,Small,Provisional 2,1,2 Metropolitan,2,off-peak,60,Multiple,Straight road,Level,Dry,Not Raining,Night,Right Turn,Traffic Signals
Driver,Male,20,Driver,NotFatal,Worn,Small,Unknown,1,3 Country,2,off-peak,110,Not Divided,Straight road,Level,Dry,Not Raining,Night,Hit Fixed Object,No Control
Driver,Female,30,Driver,NotFatal,Worn,Small,Full,1,2 Metropolitan,2,peak,60,Divided Road,Straight road,Level,Dry,Not Raining,Daylight,Rear End,No Control
Driver,Female,54,Driver,NotFatal,Worn,Medium,Full,1,2 Metropolitan,2,off-peak,60,T-Junction,Straight road,Level,Dry,Not Raining,Daylight,Right Turn,Traffic Signals
Driver,Male,37,Driver,NotFatal,Unknown,Small,Unlicenced,2,3 Country,2,off-peak,110,Freeway,"CURVED, VIEW OPEN",Level,Dry,Not Raining,Daylight,Hit Fixed Object,No Control
Passenger,Male,31,Front Seat Left Passenger,NotFatal,NotWorn,Small,NoLicence,2,3 Country,2,off-peak,110,Freeway,"CURVED, VIEW OPEN",Level,Dry,Not Raining,Daylight,Hit Fixed Object,No Control
Driver,Female,69,Driver,NotFatal,Worn,Small,Full,1,2 Metropolitan,2,off-peak,60,Divided Road,Straight road,Level,Dry,Not Raining,Daylight,Side Swipe,No Control
Driver,Female,24,Driver,NotFatal,Worn,Small,Full,2,2 Metropolitan,2,off-peak,60,T-Junction,Straight road,Level,Dry,Not Raining,Daylight,Right Angle,Stop Sign
Driver,Female,54,Driver,NotFatal,Worn,Medium,Full,1,2 Metropolitan,3,peak,60,Multiple,"CURVED, VIEW OPEN",Level,Dry,Not Raining,Daylight,Rear End,Traffic Signals
Driver,Female,73,Driver,NotFatal,Worn,Small,Full,1,2 Metropolitan,4,off-peak,70,Not Divided,Straight road,Crest of Hill,Dry,Not Raining,Daylight,Rear End,No Control
Passenger,Female,25,Rear Seat Left Passenger,NotFatal,NotWorn,Medium,NoLicence,3,2 Metropolitan,2,off-peak,50,Cross Road,Straight road,Level,Wet,Raining,Night,Rear End,Roundabout
Passenger,Female,13,Front Seat Left Passenger,NotFatal,NotWorn,Medium,NoLicence,3,2 Metropolitan,2,off-peak,50,Cross Road,Straight road,Level,Wet,Raining,Night,Rear End,Roundabout
Driver,Female,26,Driver,NotFatal,Worn,Small,Full,1,2 Metropolitan,2,off-peak,60,Divided Road,Straight road,Level,Dry,Not Raining,Daylight,Rear End,No Control
Driver,Male,58,Driver,Fatal,Unknown,Medium,Full,1,3 Country,2,off-peak,110,Not Divided,Straight road,Level,Wet,Raining,Night,Head On,No Control
Driver,Male,26,Driver,NotFatal,Worn,Utility,Full,1,3 Country,2,off-peak,110,Not Divided,Straight road,Level,Wet,Raining,Night,Head On,No Control
Passenger,Female,65,Front Seat Left Passenger,NotFatal,NotWorn,Small,NoLicence,4,2 Metropolitan,3,peak,60,Divided Road,Straight road,Level,Dry,Not Raining,Daylight,Rear End,No Control
Driver,Female,39.88915925,Driver,NotFatal,Unknown,Small,Unlicenced,1,2 Metropolitan,2,off-peak,60,Cross Road,Straight road,Level,Wet,Raining,Night,Rear End,Traffic Signals
Driver,Male,26,Driver,NotFatal,NotWorn,Small,Full,1,2 Metropolitan,3,off-peak,60,Not Divided,Straight road,Level,Wet,Not Raining,Night,Hit Fixed Object,No Control
Driver,Male,65,Driver,NotFatal,Worn,Medium,Full,1,2 Metropolitan,3,off-peak,25,Divided Road,Straight road,Level,Dry,Not Raining,Night,Rear End,No Control
Driver,Male,51,Driver,NotFatal,Worn,Small,Full,1,2 Metropolitan,2,off-peak,60,Not Divided,Straight road,Level,Wet,Not Raining,Night,Rear End,No Control
Driver,Female,28,Driver,NotFatal,Worn,Small,Full,1,2 Metropolitan,2,off-peak,60,T-Junction,Straight road,Level,Dry,Not Raining,Daylight,Rear End,Traffic Signals
Driver,Female,45,Driver,NotFatal,Worn,Small,Full,1,2 Metropolitan,2,off-peak,60,Not Divided,Straight road,Level,Dry,Not Raining,Daylight,Rear End,No Control
Driver,Female,25,Driver,NotFatal,Worn,Small,Full,1,2 Metropolitan,3,off-peak,110,Divided Road,Straight road,Level,Dry,Not Raining,Daylight,Rear End,No Control
Driver,Male,31,Driver,NotFatal,Worn,Large,Full,1,2 Metropolitan,5,peak,60,Other,Straight road,Crest of Hill,Dry,Not Raining,Daylight,Rear End,Traffic Signals
Driver,Male,41,Driver,NotFatal,Worn,Utility,Full,1,2 Metropolitan,5,peak,60,Other,Straight road,Crest of Hill,Dry,Not Raining,Daylight,Rear End,Traffic Signals
Driver,Female,58,Driver,NotFatal,Worn,Small,Full,1,2 Metropolitan,5,peak,60,Other,Straight road,Crest of Hill,Dry,Not Raining,Daylight,Rear End,Traffic Signals
Driver,Female,32,Driver,NotFatal,Worn,Small,Full,1,2 Metropolitan,2,off-peak,60,T-Junction,Straight road,Level,Dry,Not Raining,Daylight,Rear End,Stop Sign
Driver,Male,56,Driver,NotFatal,Worn,Medium,Full,1,2 Metropolitan,2,peak,50,Cross Road,Straight road,Slope,Dry,Not Raining,Daylight,Right Angle,Give Way Sign
Driver,Female,64,Driver,NotFatal,Worn,Medium,Full,3,2 Metropolitan,2,peak,50,Cross Road,Straight road,Slope,Dry,Not Raining,Daylight,Right Angle,Give Way Sign
Passenger,Female,4,Rear Seat Right Passenger,NotFatal,NotWorn,Medium,NoLicence,3,2 Metropolitan,2,peak,50,Cross Road,Straight road,Slope,Dry,Not Raining,Daylight,Right Angle,Give Way Sign
Driver,Female,29,Driver,NotFatal,Worn,Medium,Full,1,2 Metropolitan,2,off-peak,60,Not Divided,"CURVED, VIEW OBSCURED",Slope,Unknown,Unknown,Daylight,Hit Fixed Object,No Control
Driver,Female,56,Driver,NotFatal,Worn,Small,Full,1,1 City,2,off-peak,50,Other,Straight road,Level,Dry,Not Raining,Daylight,Right Angle,No Control
Driver,Female,45,Driver,NotFatal,Worn,Medium,Full,1,3 Country,2,off-peak,100,Not Divided,"CURVED, VIEW OPEN",Level,Dry,Not Raining,Night,Head On,No Control
Driver,Female,48,Driver,NotFatal,Worn,Medium,Full,2,2 Metropolitan,3,off-peak,60,Divided Road,Straight road,Level,Dry,Not Raining,Daylight,Rear End,No Control
Driver,Male,22,Driver,Fatal,Worn,Small,Provisional 2,1,3 Country,2,off-peak,100,Not Divided,"CURVED, VIEW OPEN",Slope,Wet,Unknown,Daylight,Hit Fixed Object,No Control
Rider,Male,24,NotApplicable,NotFatal,NotWorn,PCycling,NoLicence,1,2 Metropolitan,2,off-peak,50,Divided Road,Straight road,Level,Dry,Not Raining,Daylight,Side Swipe,No Control
Passenger,Male,24,Rear Seat Left Passenger,NotFatal,NotWorn,Small,NoLicence,3,2 Metropolitan,2,peak,70,T-Junction,Straight road,Level,Dry,Not Raining,Daylight,Rear End,Traffic Signals
Passenger,Male,32,Other,NotFatal,NotWorn,Small,NoLicence,3,2 Metropolitan,2,peak,70,T-Junction,Straight road,Level,Dry,Not Raining,Daylight,Rear End,Traffic Signals
Passenger,Male,10,Front Seat Left Passenger,NotFatal,NotWorn,Small,NoLicence,3,2 Metropolitan,2,off-peak,100,T-Junction,"CURVED, VIEW OBSCURED",Slope,Dry,Not Raining,Daylight,Rear End,No Control
Rider,Female,59,NotApplicable,NotFatal,NotWorn,MCycling,NoLicence,1,2 Metropolitan,2,peak,50,Cross Road,Straight road,Level,Dry,Not Raining,Daylight,Right Angle,Roundabout
Driver,Female,39.88915925,Driver,NotFatal,Worn,Small,Full,2,2 Metropolitan,2,peak,50,T-Junction,Straight road,Level,Dry,Not Raining,Daylight,Right Angle,No Control
Driver,Female,22,Driver,NotFatal,Worn,Small,Full,1,2 Metropolitan,2,off-peak,60,Not Divided,Straight road,Level,Wet,Not Raining,Night,Rear End,No Control
Driver,Male,60,Driver,NotFatal,Worn,Utility,Full,1,3 Country,2,off-peak,60,Cross Road,Straight road,Level,Wet,Raining,Night,Right Angle,Give Way Sign
Rider,Male,21,NotApplicable,NotFatal,NotWorn,MCycling,NoLicence,1,1 City,1,off-peak,50,Cross Road,Straight road,Level,Dry,Not Raining,Daylight,Left Road - Out of Control,Traffic Signals
Driver,Female,30,Driver,NotFatal,Worn,Small,Full,1,2 Metropolitan,3,peak,60,Cross Road,Straight road,Slope,Wet,Not Raining,Daylight,Rear End,Traffic Signals
Rider,Female,24,NotApplicable,NotFatal,NotWorn,PCycling,NoLicence,1,2 Metropolitan,2,off-peak,60,T-Junction,Straight road,Level,Dry,Not Raining,Night,Right Angle,No Control
Rider,Male,42,NotApplicable,NotFatal,NotWorn,PCycling,NoLicence,1,2 Metropolitan,2,peak,50,Cross Road,Straight road,Level,Dry,Not Raining,Daylight,Right Angle,Roundabout
Driver,Female,41,Driver,NotFatal,Worn,Small,Full,1,2 Metropolitan,2,peak,60,Cross Road,"CURVED, VIEW OPEN",Level,Dry,Not Raining,Daylight,Rear End,Traffic Signals
Driver,Female,26,Driver,NotFatal,Worn,Medium,Full,2,2 Metropolitan,2,peak,50,Not Divided,Straight road,Level,Dry,Not Raining,Daylight,Rear End,No Control
Driver,Female,51,Driver,NotFatal,Worn,Small,Full,2,2 Metropolitan,2,peak,60,Cross Road,Straight road,Level,Dry,Not Raining,Daylight,Rear End,Traffic Signals
Driver,Female,80,Driver,NotFatal,Unknown,Small,Full,1,2 Metropolitan,2,off-peak,40,Not Divided,Straight road,Level,Dry,Not Raining,Night,Hit Fixed Object,No Control
Rider,Female,18,NotApplicable,NotFatal,NotWorn,PCycling,NoLicence,1,2 Metropolitan,2,off-peak,60,Cross Road,Straight road,Level,Dry,Not Raining,Daylight,Right Angle,Roundabout
Driver,Female,32,Driver,NotFatal,Worn,Small,Full,2,2 Metropolitan,2,off-peak,60,Cross Road,Straight road,Level,Dry,Not Raining,Night,Rear End,Traffic Signals
Driver,Female,52,Driver,NotFatal,Worn,Small,Full,1,2 Metropolitan,3,off-peak,80,Divided Road,Straight road,Level,Dry,Not Raining,Daylight,Rear End,No Control
Rider,Male,34,NotApplicable,NotFatal,NotWorn,MCycling,NoLicence,1,3 Country,1,peak,100,Not Divided,Straight road,Bottom of Hill,Dry,Not Raining,Daylight,Roll Over,No Control
Rider,Male,23,NotApplicable,NotFatal,NotWorn,MCycling,NoLicence,1,2 Metropolitan,2,peak,80,Divided Road,Straight road,Level,Dry,Not Raining,Night,Rear End,No Control
Passenger,Female,55,Front Seat Left Passenger,NotFatal,NotWorn,Utility,NoLicence,2,2 Metropolitan,3,peak,60,Divided Road,Straight road,Slope,Dry,Not Raining,Night,Rear End,No Control
Pedestrian,Female,35,NotApplicable,NotFatal,NotWorn,Pedestrian on Road,NoLicence,1,2 Metropolitan,2,peak,60,T-Junction,Straight road,Level,Dry,Not Raining,Night,Hit Pedestrian,No Control
Driver,Female,41,Driver,NotFatal,Worn,Utility,Full,1,2 Metropolitan,2,peak,80,Not Divided,Straight road,Level,Dry,Not Raining,Night,Hit Fixed Object,No Control
Driver,Female,57,Driver,NotFatal,Worn,Medium,Full,1,3 Country,3,off-peak,50,Not Divided,Straight road,Level,Dry,Not Raining,Night,Hit Parked Vehicle,No Control
Driver,Male,34,Driver,NotFatal,Worn,Small,Full,1,2 Metropolitan,3,peak,100,Other,Straight road,Slope,Dry,Not Raining,Night,Rear End,No Control
Driver,Male,88,Driver,NotFatal,Worn,Small,Full,1,3 Country,2,peak,110,Not Divided,Straight road,Level,Dry,Not Raining,Night,Head On,No Control
Driver,Female,52,Driver,NotFatal,Worn,Small,Full,1,3 Country,2,peak,110,Not Divided,Straight road,Level,Dry,Not Raining,Night,Head On,No Control
Driver,Male,32,Driver,NotFatal,Unknown,Small,Full,1,2 Metropolitan,2,off-peak,60,Divided Road,Straight road,Level,Dry,Not Raining,Night,Hit Fixed Object,No Control
Driver,Female,36,Driver,NotFatal,Worn,Small,Full,1,2 Metropolitan,3,off-peak,60,Divided Road,Straight road,Slope,Dry,Not Raining,Daylight,Rear End,No Control
Driver,Male,28,Driver,NotFatal,Worn,Small,Full,1,2 Metropolitan,2,peak,50,Cross Road,Straight road,Level,Dry,Not Raining,Daylight,Rear End,Stop Sign
Driver,Female,51,Driver,NotFatal,Worn,Small,Full,1,2 Metropolitan,2,peak,60,T-Junction,Straight road,Level,Wet,Not Raining,Daylight,Right Angle,No Control
Pedestrian,Male,19,NotApplicable,NotFatal,NotWorn,Pedestrian on Road,NoLicence,1,1 City,2,peak,50,T-Junction,Straight road,Level,Dry,Not Raining,Daylight,Hit Pedestrian,Traffic Signals
Driver,Male,45,Driver,NotFatal,Worn,Utility,Full,1,2 Metropolitan,2,peak,50,Not Divided,Straight road,Slope,Dry,Not Raining,Daylight,Rear End,No Control
Driver,Female,48,Driver,NotFatal,Worn,Medium,Full,1,2 Metropolitan,2,off-peak,60,Divided Road,Straight road,Slope,Dry,Not Raining,Daylight,Rear End,No Control
Driver,Female,36,Driver,NotFatal,Worn,Small,Full,1,2 Metropolitan,2,off-peak,60,Divided Road,Straight road,Level,Wet,Not Raining,Night,Rear End,No Control
Driver,Female,24,Driver,NotFatal,Worn,Small,Full,1,2 Metropolitan,2,off-peak,60,Pedestrian Crossing,Straight road,Level,Dry,Not Raining,Daylight,Rear End,Traffic Signals
Rider,Male,22,NotApplicable,NotFatal,NotWorn,MCycling,NoLicence,1,2 Metropolitan,2,off-peak,50,Cross Road,Straight road,Level,Wet,Raining,Night,Right Angle,Give Way Sign
Rider,Male,41,NotApplicable,Fatal,NotWorn,PCycling,NoLicence,1,3 Country,1,off-peak,10,Other,"CURVED, VIEW OPEN",Bottom of Hill,Dry,Not Raining,Night,Roll Over,No Control
Driver,Female,57,Driver,NotFatal,Worn,Medium,Full,1,2 Metropolitan,2,off-peak,60,T-Junction,Straight road,Level,Dry,Not Raining,Daylight,Rear End,No Control
Driver,Female,47,Driver,NotFatal,Unknown,Small,Full,1,2 Metropolitan,2,peak,60,Cross Road,Straight road,Level,Dry,Not Raining,Daylight,Right Turn,Traffic Signals
Driver,Male,54,Driver,NotFatal,Worn,Medium,Full,1,2 Metropolitan,2,off-peak,60,T-Junction,Straight road,Level,Dry,Not Raining,Daylight,Right Angle,No Control
Driver,Male,65,Driver,NotFatal,Worn,Small,Full,1,2 Metropolitan,2,peak,60,Not Divided,Straight road,Slope,Dry,Not Raining,Night,Rear End,No Control
Driver,Female,33,Driver,NotFatal,Worn,Small,Full,1,2 Metropolitan,2,off-peak,50,Not Divided,Straight road,Slope,Dry,Not Raining,Daylight,Rear End,No Control
Rider,Male,22,NotApplicable,NotFatal,NotWorn,MCycling,NoLicence,1,2 Metropolitan,2,peak,60,Divided Road,Straight road,Level,Dry,Not Raining,Night,Hit Fixed Object,No Control
Passenger,Male,9,Front Seat Left Passenger,NotFatal,NotWorn,Small,NoLicence,3,2 Metropolitan,2,peak,60,Not Divided,Straight road,Level,Dry,Not Raining,Night,Rear End,No Control
Passenger,Male,11,Rear Seat Middle Passenger,NotFatal,NotWorn,Small,NoLicence,3,2 Metropolitan,2,peak,60,Not Divided,Straight road,Level,Dry,Not Raining,Night,Rear End,No Control
Driver,Male,35,Driver,NotFatal,Worn,Utility,Full,2,3 Country,1,off-peak,100,Not Divided,Straight road,Level,Dry,Not Raining,Daylight,Roll Over,No Control
Driver,Female,67,Driver,NotFatal,Worn,Small,Full,1,2 Metropolitan,2,off-peak,60,T-Junction,"CURVED, VIEW OPEN",Level,Dry,Not Raining,Daylight,Right Angle,Give Way Sign
Driver,Male,62,Driver,NotFatal,Worn,Large,Full,1,3 Country,1,off-peak,100,Not Divided,"CURVED, VIEW OPEN",Level,Dry,Not Raining,Daylight,Roll Over,No Control
Driver,Female,41,Driver,NotFatal,Worn,Small,Full,1,2 Metropolitan,2,off-peak,60,Cross Road,"CURVED, VIEW OPEN",Level,Dry,Not Raining,Night,Right Angle,Roundabout