cas_type,cas_gender,cas_age,cas_pos_in_veh,fatality,seat_belt,unit_type,lic_type,n_occupants,stat_area,total_units,time,area_speed,acc_pos,hor_align,ver_align,moist_cond,wea_cond,dayNight,crash_type,traf_ctrls
Driver,Female,21,Driver,NotFatal,NotWorn,Small,Provisional 2,1,2 Metropolitan,2,off-peak,60,Not Divided,"CURVED, VIEW OPEN",Level,Wet,Not Raining,Night,Hit Fixed Object,No Control
Driver,Male,80,Driver,NotFatal,Worn,Small,Full,1,2 Metropolitan,2,peak,60,T-Junction,Straight road,Level,Wet,Raining,Daylight,Right Turn,No Control
Driver,Female,68,Driver,NotFatal,Worn,Small,Full,1,2 Metropolitan,2,peak,60,T-Junction,Straight road,Level,Wet,Not Raining,Daylight,Right Angle,No Control
Driver,Female,32,Driver,NotFatal,Worn,Small,Full,2,2 Metropolitan,2,off-peak,60,Cross Road,Straight road,Level,Wet,Not Raining,Night,Rear End,Traffic Signals
Passenger,Male,35,Front Seat Left Passenger,NotFatal,NotWorn,Small,NoLicence,2,2 Metropolitan,2,off-peak,60,Cross Road,Straight road,Level,Wet,Not Raining,Night,Rear End,Traffic Signals
Driver,Male,69,Driver,NotFatal,Worn,Small,Full,2,2 Metropolitan,2,off-peak,70,Not Divided,Straight road,Level,Dry,Not Raining,Daylight,Right Angle,No Control
Passenger,Female,64,Front Seat Left Passenger,NotFatal,NotWorn,Small,NoLicence,2,2 Metropolitan,2,off-peak,70,Not Divided,Straight road,Level,Dry,Not Raining,Daylight,Right Angle,No Control
Driver,Female,27,Driver,NotFatal,Worn,Small,Full,2,3 Country,2,off-peak,60,T-Junction,Straight road,Bottom of Hill,Wet,Raining,Daylight,Side Swipe,No Control
Driver,Female,46,Driver,NotFatal,Worn,Medium,Full,1,3 Country,2,off-peak,60,T-Junction,Straight road,Bottom of Hill,Wet,Raining,Daylight,Side Swipe,No Control
Driver,Female,77,Driver,NotFatal,Worn,Medium,Full,1,2 Metropolitan,3,off-peak,60,Not Divided,Straight road,Level,Dry,Not Raining,Daylight,Right Angle,No Control
Driver,Female,52,Driver,NotFatal,Worn,Small,Full,1,2 Metropolitan,2,off-peak,50,Cross Road,Straight road,Level,Wet,Raining,Night,Right Angle,Traffic Signals
Driver,Female,37,Driver,NotFatal,Worn,Small,Full,1,2 Metropolitan,2,peak,60,Cross Road,Straight road,Level,Dry,Not Raining,Night,Rear End,Traffic Signals
Passenger,Male,16,Front Seat Left Passenger,NotFatal,NotWorn,Small,NoLicence,2,1 City,3,off-peak,50,Cross Road,Straight road,Level,Wet,Not Raining,Night,Right Turn,Traffic Signals
Driver,Female,56,Driver,NotFatal,Worn,Small,Full,1,2 Metropolitan,2,peak,50,T-Junction,Straight road,Slope,Dry,Not Raining,Night,Right Turn,Traffic Signals
Pedestrian,Male,14,NotApplicable,NotFatal,NotWorn,Small,NoLicence,1,2 Metropolitan,2,peak,50,Cross Road,Straight road,Level,Dry,Not Raining,Night,Hit Pedestrian,Roundabout
Pedestrian,Male,52,NotApplicable,NotFatal,NotWorn,Pedestrian on Road,NoLicence,1,2 Metropolitan,2,off-peak,60,Divided Road,Straight road,Level,Dry,Not Raining,Night,Hit Pedestrian,No Control
Pedestrian,Male,64,NotApplicable,NotFatal,NotWorn,Pedestrian on Road,NoLicence,1,2 Metropolitan,3,off-peak,60,Not Divided,Straight road,Slope,Wet,Not Raining,Night,Hit Pedestrian,No Control
Driver,Female,39,Driver,NotFatal,Worn,Medium,Full,1,1 City,2,off-peak,60,Not Divided,Straight road,Level,Wet,Raining,Night,Rear End,No Control
Driver,Male,26,Driver,NotFatal,Worn,Utility,Full,1,3 Country,2,off-peak,100,Not Divided,Straight road,Slope,Wet,Not Raining,Daylight,Hit Fixed Object,No Control
Rider,Male,60,NotApplicable,NotFatal,NotWorn,PCycling,NoLicence,1,2 Metropolitan,2,off-peak,60,Divided Road,Straight road,Level,Wet,Raining,Night,Side Swipe,No Control
Driver,Female,35,Driver,NotFatal,Worn,Medium,Full,1,2 Metropolitan,2,peak,70,T-Junction,Straight road,Slope,Wet,Not Raining,Daylight,Rear End,Traffic Signals
Driver,Male,61,Driver,NotFatal,NotWorn,Small,Full,1,2 Metropolitan,2,off-peak,50,Not Divided,Straight road,Level,Wet,Raining,Daylight,Rear End,No Control
Driver,Male,41,Driver,NotFatal,Worn,Small,Full,1,2 Metropolitan,2,off-peak,50,Not Divided,Straight road,Level,Wet,Raining,Daylight,Rear End,No Control
Passenger,Male,87,Front Seat Left Passenger,NotFatal,NotWorn,Utility,NoLicence,2,2 Metropolitan,3,off-peak,60,Cross Road,Straight road,Level,Wet,Not Raining,Daylight,Rear End,Traffic Signals
Driver,Female,26,Driver,NotFatal,Worn,Small,Full,1,2 Metropolitan,2,peak,60,Cross Road,Straight road,Level,Wet,Raining,Daylight,Rear End,Traffic Signals
Pedestrian,Female,29,NotApplicable,NotFatal,NotWorn,Pedestrian on Footpath/Carpark,NoLicence,1,2 Metropolitan,4,off-peak,50,Not Divided,Straight road,Level,Dry,Not Raining,Daylight,Hit Fixed Object,No Control
Pedestrian,Female,19,NotApplicable,NotFatal,NotWorn,Pedestrian on Footpath/Carpark,NoLicence,1,2 Metropolitan,4,off-peak,50,Not Divided,Straight road,Level,Dry,Not Raining,Daylight,Hit Fixed Object,No Control
Passenger,Male,61,Front Seat Left Passenger,NotFatal,NotWorn,Small,NoLicence,2,2 Metropolitan,2,off-peak,60,Divided Road,Straight road,Level,Wet,Not Raining,Daylight,Rear End,No Control
Driver,Male,52,Driver,NotFatal,Worn,Medium,Full,1,3 Country,2,off-peak,100,Not Divided,Straight road,Level,Wet,Raining,Night,Rear End,No Control
Driver,Female,73,Driver,NotFatal,Worn,Small,Full,1,2 Metropolitan,2,peak,60,Cross Road,Straight road,Level,Dry,Not Raining,Daylight,Right Turn,Traffic Signals
Rider,Female,48,NotApplicable,NotFatal,NotWorn,MCycling,NoLicence,1,3 Country,1,peak,60,Not Divided,Straight road,Level,Dry,Not Raining,Daylight,Roll Over,No Control
Driver,Female,18,Driver,NotFatal,Worn,Medium,Provisional 1 ,1,2 Metropolitan,2,off-peak,60,T-Junction,"CURVED, VIEW OPEN",Level,Wet,Raining,Night,Hit Fixed Object,Give Way Sign
Driver,Male,30,Driver,NotFatal,Worn,Medium,Full,1,2 Metropolitan,2,off-peak,60,Not Divided,Straight road,Level,Wet,Raining,Night,Head On,No Control
Driver,Male,56,Driver,NotFatal,Unknown,Utility,Full,1,2 Metropolitan,2,off-peak,60,Not Divided,Straight road,Level,Wet,Raining,Night,Head On,No Control
Passenger,Male,18,Front Seat Left Passenger,NotFatal,NotWorn,Small,NoLicence,2,2 Metropolitan,2,peak,60,Not Divided,"CURVED, VIEW OPEN",Slope,Wet,Raining,Daylight,Hit Fixed Object,No Control
Driver,Female,26,Driver,NotFatal,Worn,Small,Full,1,2 Metropolitan,3,peak,50,Not Divided,Straight road,Level,Wet,Not Raining,Daylight,Rear End,No Control
Driver,Male,67,Driver,NotFatal,Worn,Small,Full,1,2 Metropolitan,2,off-peak,60,Divided Road,Straight road,Level,Dry,Not Raining,Daylight,Hit Fixed Object,No Control
Passenger,Male,18,Front Seat Left Passenger,NotFatal,NotWorn,Small,NoLicence,2,3 Country,1,off-peak,100,Not Divided,Straight road,Level,Dry,Not Raining,Daylight,Roll Over,No Control
Driver,Male,51,Driver,NotFatal,Worn,Small,Full,1,2 Metropolitan,2,off-peak,60,T-Junction,Straight road,Level,Dry,Not Raining,Night,Right Turn,Traffic Signals
Rider,Male,13,NotApplicable,NotFatal,NotWorn,PCycling,NoLicence,1,2 Metropolitan,2,peak,50,Not Divided,Straight road,Level,Dry,Not Raining,Daylight,Right Angle,No Control
Passenger,Male,24,Front Seat Left Passenger,NotFatal,NotWorn,Utility,NoLicence,2,3 Country,4,off-peak,110,Not Divided,"CURVED, VIEW OBSCURED",Level,Wet,Raining,Night,Hit Object on Road,No Control
Driver,Male,43,Driver,NotFatal,Worn,Small,Full,1,2 Metropolitan,2,off-peak,60,Divided Road,"CURVED, VIEW OPEN",Level,Dry,Not Raining,Daylight,Hit Parked Vehicle,No Control
Driver,Male,52,Driver,NotFatal,Worn,Utility,Full,1,2 Metropolitan,4,off-peak,80,Divided Road,Straight road,Crest of Hill,Wet,Raining,Daylight,Rear End,No Control
Driver,Female,19,Driver,NotFatal,Worn,Small,Full,1,2 Metropolitan,2,off-peak,60,Divided Road,Straight road,Level,Dry,Not Raining,Daylight,Rear End,No Control
Driver,Female,22,Driver,NotFatal,Worn,Small,Full,1,2 Metropolitan,3,peak,60,Divided Road,Straight road,Level,Wet,Raining,Night,Rear End,No Control
Driver,Female,76,Driver,NotFatal,Worn,Small,Full,1,2 Metropolitan,2,peak,50,Cross Road,Straight road,Level,Wet,Raining,Night,Right Angle,Give Way Sign
Driver,Female,21,Driver,NotFatal,Worn,Small,Provisional 1 ,2,2 Metropolitan,2,off-peak,60,Cross Road,Straight road,Level,Dry,Not Raining,Night,Right Turn,Traffic Signals
Passenger,Male,84,Front Seat Left Passenger,NotFatal,NotWorn,Utility,NoLicence,2,2 Metropolitan,2,off-peak,60,Cross Road,Straight road,Level,Dry,Not Raining,Night,Right Turn,Traffic Signals
Driver,Female,42,Driver,NotFatal,Worn,Medium,Full,1,2 Metropolitan,2,peak,60,Not Divided,Straight road,Level,Wet,Raining,Daylight,Side Swipe,No Control
Driver,Male,35,Driver,NotFatal,Worn,Small,Full,2,2 Metropolitan,2,peak,60,T-Junction,Straight road,Level,Wet,Raining,Night,Rear End,Traffic Signals
Driver,Female,48,Driver,NotFatal,Worn,Small,Full,1,2 Metropolitan,2,peak,80,Not Divided,Straight road,Level,Wet,Raining,Daylight,Head On,No Control
Driver,Female,36,Driver,NotFatal,Worn,Small,Full,2,2 Metropolitan,3,off-peak,60,T-Junction,Straight road,Level,Wet,Not Raining,Daylight,Right Angle,Traffic Signals
Passenger,Female,31,Front Seat Left Passenger,NotFatal,NotWorn,Small,NoLicence,2,2 Metropolitan,3,off-peak,60,T-Junction,Straight road,Level,Wet,Not Raining,Daylight,Right Angle,Traffic Signals
Driver,Female,19,Driver,NotFatal,Worn,Medium,Provisional 2,2,2 Metropolitan,3,off-peak,60,T-Junction,Straight road,Level,Wet,Not Raining,Daylight,Right Angle,Traffic Signals
Rider,Male,55,NotApplicable,NotFatal,NotWorn,MCycling,NoLicence,1,3 Country,2,off-peak,100,Not Divided,Straight road,Level,Dry,Not Raining,Daylight,Hit Animal,No Control
Passenger,Female,61,Front Seat Left Passenger,NotFatal,NotWorn,Medium,NoLicence,2,2 Metropolitan,2,off-peak,60,T-Junction,Straight road,Level,Wet,Not Raining,Daylight,Rear End,Traffic Signals
Driver,Female,23,Driver,NotFatal,Worn,Medium,Full,1,2 Metropolitan,4,off-peak,80,Cross Road,Straight road,Level,Dry,Not Raining,Night,Rear End,Traffic Signals
Driver,Female,24,Driver,NotFatal,Worn,Small,Full,1,2 Metropolitan,2,off-peak,90,Cross Road,Straight road,Level,Dry,Not Raining,Daylight,Right Angle,Stop Sign
Passenger,Male,38,Front Seat Left Passenger,NotFatal,NotWorn,Small,NoLicence,3,2 Metropolitan,2,off-peak,60,Cross Road,Straight road,Level,Dry,Not Raining,Daylight,Right Angle,Give Way Sign
Passenger,Male,4,Rear Seat Left Passenger,NotFatal,NotWorn,Small,NoLicence,3,2 Metropolitan,2,off-peak,60,Cross Road,Straight road,Level,Dry,Not Raining,Daylight,Right Angle,Give Way Sign
Driver,Male,24,Driver,NotFatal,Worn,Small,Full,1,2 Metropolitan,2,off-peak,60,T-Junction,Straight road,Level,Dry,Not Raining,Daylight,Right Angle,No Control
Driver,Male,41,Driver,NotFatal,Worn,Small,Full,1,2 Metropolitan,2,off-peak,50,Cross Road,"CURVED, VIEW OPEN",Level,Dry,Not Raining,Daylight,Right Turn,Traffic Signals
Driver,Male,20,Driver,NotFatal,Worn,Utility,Full,1,2 Metropolitan,2,peak,60,Not Divided,Straight road,Level,Dry,Not Raining,Night,Right Turn,No Control
Rider,Male,12,NotApplicable,NotFatal,NotWorn,PCycling,NoLicence,1,2 Metropolitan,2,peak,50,Cross Road,Straight road,Slope,Wet,Not Raining,Night,Right Turn,Give Way Sign
Rider,Male,23,NotApplicable,NotFatal,NotWorn,MCycling,NoLicence,1,2 Metropolitan,2,peak,60,Divided Road,Straight road,Bottom of Hill,Wet,Not Raining,Night,Rear End,No Control
Driver,Female,30,Driver,NotFatal,Worn,Small,Full,2,2 Metropolitan,2,off-peak,60,T-Junction,Straight road,Level,Wet,Not Raining,Daylight,Right Angle,No Control
Driver,Male,29,Driver,NotFatal,Worn,Small,Full,1,2 Metropolitan,2,off-peak,50,Not Divided,Straight road,Level,Dry,Not Raining,Night,Hit Fixed Object,No Control
Driver,Female,17,Driver,NotFatal,Worn,Small,Provisional 1 ,1,3 Country,3,peak,110,Cross Road,Straight road,Bottom of Hill,Wet,Raining,Daylight,Right Angle,Give Way Sign
Driver,Male,29,Driver,NotFatal,Worn,Small,Unlicenced,2,3 Country,2,off-peak,100,Not Divided,Straight road,Level,Wet,Raining,Night,Roll Over,No Control
Passenger,Female,25,Front Seat Left Passenger,NotFatal,NotWorn,Small,NoLicence,2,3 Country,2,off-peak,100,Not Divided,Straight road,Level,Wet,Raining,Night,Roll Over,No Control
Driver,Male,22,Driver,NotFatal,Unknown,Small,Full,2,2 Metropolitan,2,off-peak,60,Cross Road,Straight road,Level,Wet,Raining,Night,Hit Fixed Object,Traffic Signals
Passenger,Female,13,Front Seat Left Passenger,NotFatal,NotWorn,Small,NoLicence,2,3 Country,2,off-peak,50,Not Divided,"CURVED, VIEW OPEN",Level,Wet,Raining,Night,Hit Fixed Object,No Control
Driver,Female,26,Driver,NotFatal,Worn,Small,Unknown,1,2 Metropolitan,2,off-peak,60,Cross Road,Straight road,Level,Dry,Not Raining,Night,Side Swipe,Traffic Signals
Rider,Female,46,NotApplicable,NotFatal,NotWorn,PCycling,NoLicence,1,2 Metropolitan,2,peak,60,Divided Road,Straight road,Level,Dry,Not Raining,Daylight,Rear End,No Control
Driver,Male,51,Driver,NotFatal,Worn,Small,Full,1,2 Metropolitan,2,peak,60,T-Junction,Straight road,Level,Wet,Not Raining,Daylight,Right Angle,Traffic Signals
Driver,Male,36,Driver,NotFatal,Worn,Medium,Full,2,2 Metropolitan,2,off-peak,60,Cross Road,Straight road,Level,Wet,Not Raining,Night,Right Angle,Roundabout
Passenger,Male,15,Front Seat Left Passenger,NotFatal,NotWorn,Small,NoLicence,2,2 Metropolitan,2,off-peak,50,T-Junction,Straight road,Level,Dry,Not Raining,Daylight,Hit Fixed Object,No Control
Driver,Female,42,Driver,NotFatal,Worn,Medium,Full,1,2 Metropolitan,2,off-peak,60,Divided Road,Straight road,Level,Wet,Not Raining,Daylight,Right Angle,No Control
Driver,Female,56,Driver,NotFatal,NotWorn,Small,Full,1,2 Metropolitan,2,peak,60,T-Junction,Straight road,Level,Wet,Not Raining,Night,Right Angle,Roundabout
Driver,Male,36,Driver,NotFatal,Worn,Medium,Full,4,2 Metropolitan,2,off-peak,60,T-Junction,Straight road,Slope,Wet,Raining,Daylight,Rear End,No Control
Driver,Male,41,Driver,NotFatal,Worn,Small,Full,2,2 Metropolitan,2,off-peak,60,Divided Road,Straight road,Level,Wet,Raining,Daylight,Rear End,No Control
Driver,Male,21,Driver,NotFatal,Worn,Small,Full,1,2 Metropolitan,3,off-peak,60,Cross Road,Straight road,Level,Wet,Raining,Night,Right Turn,Traffic Signals
Passenger,Female,19,Rear Seat Left Passenger,NotFatal,NotWorn,Small,NoLicence,4,2 Metropolitan,2,off-peak,90,T-Junction,Straight road,Level,Wet,Raining,Night,Right Angle,Traffic Signals
Passenger,Female,51,Front Seat Left Passenger,NotFatal,NotWorn,Small,NoLicence,2,2 Metropolitan,2,off-peak,90,T-Junction,Straight road,Level,Wet,Raining,Night,Right Angle,Traffic Signals
Driver,Male,20,Driver,NotFatal,Worn,Small,Provisional 2,1,2 Metropolitan,2,off-peak,90,Divided Road,Straight road,Level,Dry,Not Raining,Daylight,Rear End,No Control
Driver,Female,65,Driver,NotFatal,Worn,Small,Full,1,2 Metropolitan,2,off-peak,50,Cross Road,Straight road,Slope,Wet,Raining,Daylight,Right Angle,Give Way Sign
Driver,Male,24,Driver,NotFatal,Worn,Small,Full,1,2 Metropolitan,2,off-peak,50,Cross Road,Straight road,Slope,Wet,Raining,Daylight,Right Angle,Give Way Sign
Driver,Male,18,Driver,NotFatal,Worn,Small,Provisional 1 ,1,2 Metropolitan,2,off-peak,60,T-Junction,Straight road,Level,Dry,Not Raining,Daylight,Right Angle,No Control
Driver,Male,41,Driver,NotFatal,Worn,Medium,Full,1,2 Metropolitan,2,off-peak,60,T-Junction,Straight road,Level,Dry,Not Raining,Daylight,Right Angle,No Control
Passenger,Female,14,Rear Seat Left Passenger,NotFatal,NotWorn,Medium,NoLicence,3,2 Metropolitan,2,off-peak,60,Cross Road,Straight road,Level,Dry,Not Raining,Daylight,Right Angle,No Control
Passenger,Female,27,Front Seat Left Passenger,NotFatal,NotWorn,Medium,NoLicence,3,2 Metropolitan,2,off-peak,60,Cross Road,Straight road,Level,Dry,Not Raining,Daylight,Right Angle,No Control
Driver,Male,20,Driver,NotFatal,Unknown,Medium,Provisional 2,2,3 Country,2,off-peak,100,Not Divided,"CURVED, VIEW OBSCURED",Slope,Wet,Raining,Daylight,Head On,No Control
Passenger,Female,19,Front Seat Left Passenger,NotFatal,NotWorn,Medium,NoLicence,2,3 Country,2,off-peak,100,Not Divided,"CURVED, VIEW OBSCURED",Slope,Wet,Raining,Daylight,Head On,No Control
Driver,Male,63,Driver,NotFatal,Worn,Utility,Full,1,3 Country,2,off-peak,100,Not Divided,"CURVED, VIEW OBSCURED",Slope,Wet,Raining,Daylight,Head On,No Control
Driver,Female,30,Driver,NotFatal,Worn,Small,Full,4,2 Metropolitan,2,off-peak,60,Divided Road,Straight road,Level,Wet,Raining,Daylight,Rear End,No Control
Driver,Male,46,Driver,NotFatal,Worn,Large,Full,1,3 Country,1,off-peak,110,Not Divided,Straight road,Slope,Dry,Not Raining,Daylight,Roll Over,No Control
Pedestrian,Male,63,NotApplicable,NotFatal,NotWorn,Pedestrian on Road,NoLicence,1,2 Metropolitan,2,off-peak,60,Divided Road,Straight road,Level,Dry,Not Raining,Daylight,Hit Pedestrian,No Control
Driver,Female,67,Driver,NotFatal,Worn,Small,Full,1,2 Metropolitan,2,off-peak,60,Not Divided,Straight road,Level,Dry,Not Raining,Daylight,Hit Parked Vehicle,No Control
Driver,Male,56,Driver,NotFatal,Worn,Medium,Full,1,2 Metropolitan,2,off-peak,60,Not Divided,Straight road,Level,Dry,Not Raining,Daylight,Hit Parked Vehicle,No Control
Driver,Female,24,Driver,NotFatal,Worn,Small,Full,1,2 Metropolitan,3,off-peak,60,Cross Road,Straight road,Level,Wet,Raining,Daylight,Rear End,Traffic Signals
Driver,Female,45,Driver,NotFatal,Worn,Small,Full,3,2 Metropolitan,2,off-peak,60,Cross Road,Straight road,Level,Dry,Not Raining,Daylight,Rear End,Traffic Signals
Driver,Male,41,Driver,NotFatal,Worn,Small,Full,1,3 Country,2,off-peak,90,Cross Road,Straight road,Crest of Hill,Dry,Not Raining,Daylight,Rear End,No Control
Driver,Male,22,Driver,NotFatal,Worn,Medium,Full,1,2 Metropolitan,3,off-peak,100,Not Divided,Straight road,Level,Dry,Not Raining,Night,Hit Fixed Object,No Control
Rider,Male,22,NotApplicable,NotFatal,NotWorn,MCycling,NoLicence,1,2 Metropolitan,2,off-peak,60,T-Junction,Straight road,Level,Dry,Not Raining,Night,Right Turn,Stop Sign
Driver,Female,42,Driver,NotFatal,Worn,Small,Full,2,2 Metropolitan,2,peak,50,Not Divided,Straight road,Crest of Hill,Dry,Not Raining,Daylight,Hit Parked Vehicle,No Control
Driver,Female,61,Driver,NotFatal,Worn,Small,Full,1,2 Metropolitan,2,off-peak,50,Not Divided,Straight road,Level,Dry,Not Raining,Daylight,Side Swipe,No Control
Driver,Female,44,Driver,NotFatal,Worn,Small,Full,1,2 Metropolitan,3,peak,80,T-Junction,Straight road,Level,Dry,Not Raining,Daylight,Right Angle,Traffic Signals
Driver,Female,41,Driver,NotFatal,Worn,Small,Full,3,2 Metropolitan,2,off-peak,60,Divided Road,Straight road,Level,Dry,Not Raining,Daylight,Rear End,No Control
Driver,Male,32,Driver,NotFatal,Worn,Small,Full,1,2 Metropolitan,2,peak,60,T-Junction,Straight road,Level,Dry,Not Raining,Daylight,Rear End,Traffic Signals
Driver,Female,65,Driver,NotFatal,Worn,Small,Full,1,2 Metropolitan,2,off-peak,80,Not Divided,Straight road,Level,Dry,Not Raining,Daylight,Right Angle,No Control
Rider,Male,24,NotApplicable,NotFatal,NotWorn,MCycling,NoLicence,1,2 Metropolitan,2,off-peak,60,Cross Road,Straight road,Level,Dry,Not Raining,Daylight,Hit Fixed Object,Traffic Signals
Driver,Male,40,Driver,NotFatal,Worn,Small,Full,1,2 Metropolitan,2,off-peak,50,T-Junction,Straight road,Level,Dry,Not Raining,Daylight,Right Angle,No Control
Driver,Male,74,Driver,NotFatal,Worn,Small,Full,1,2 Metropolitan,3,off-peak,60,Not Divided,Straight road,Slope,Dry,Not Raining,Daylight,Rear End,No Control
Rider,Male,35,NotApplicable,NotFatal,NotWorn,MCycling,NoLicence,1,2 Metropolitan,2,peak,50,Not Divided,Straight road,Level,Dry,Not Raining,Daylight,Roll Over,No Control
Driver,Male,70,Driver,NotFatal,Worn,Small,Full,2,2 Metropolitan,2,peak,100,T-Junction,"CURVED, VIEW OPEN",Level,Dry,Not Raining,Daylight,Right Angle,Stop Sign
Driver,Female,39.88915925,Driver,NotFatal,Worn,Small,Full,1,2 Metropolitan,2,off-peak,50,Cross Road,Straight road,Level,Dry,Not Raining,Night,Rear End,Stop Sign
Driver,Female,30,Driver,NotFatal,Worn,Small,Full,1,2 Metropolitan,2,peak,60,T-Junction,Straight road,Level,Dry,Not Raining,Daylight,Right Turn,No Control
Driver,Male,25,Driver,NotFatal,NotWorn,Small,Disqualified,1,3 Country,2,peak,60,T-Junction,Straight road,Level,Wet,Not Raining,Night,Hit Fixed Object,No Control
Driver,Male,51,Driver,NotFatal,Worn,Medium,Full,1,2 Metropolitan,2,off-peak,80,T-Junction,Straight road,Level,Dry,Not Raining,Night,Right Turn,No Control
Driver,Female,37,Driver,NotFatal,Worn,Small,Learners,1,3 Country,2,off-peak,80,Not Divided,Straight road,Level,Dry,Not Raining,Night,Rear End,No Control
Driver,Female,52,Driver,NotFatal,Worn,Small,Full,2,2 Metropolitan,2,peak,60,Cross Road,Straight road,Slope,Dry,Not Raining,Daylight,Right Turn,Traffic Signals
Passenger,Male,18,Front Seat Left Passenger,NotFatal,NotWorn,Small,NoLicence,2,2 Metropolitan,2,peak,60,Cross Road,Straight road,Slope,Dry,Not Raining,Daylight,Right Turn,Traffic Signals
Driver,Female,67,Driver,NotFatal,Worn,Small,Full,1,2 Metropolitan,2,off-peak,60,Cross Road,Straight road,Level,Dry,Not Raining,Daylight,Rear End,Traffic Signals
Driver,Female,26,Driver,NotFatal,Worn,Small,Full,1,2 Metropolitan,2,off-peak,60,Divided Road,Straight road,Level,Dry,Not Raining,Night,Rear End,No Control
Passenger,Male,15,Front Seat Left Passenger,NotFatal,NotWorn,Small,NoLicence,2,2 Metropolitan,3,off-peak,50,Pedestrian Crossing,"CURVED, VIEW OBSCURED",Slope,Dry,Not Raining,Daylight,Rear End,No Control
Pedestrian,Female,67,NotApplicable,NotFatal,NotWorn,Pedestrian on Road,NoLicence,1,2 Metropolitan,2,off-peak,50,T-Junction,Straight road,Level,Dry,Not Raining,Daylight,Hit Pedestrian,Stop Sign
Driver,Female,23,Driver,NotFatal,Worn,Small,Full,1,2 Metropolitan,3,off-peak,50,Divided Road,Straight road,Level,Dry,Not Raining,Night,Rear End,No Control
Driver,Female,55,Driver,NotFatal,Worn,Small,Full,1,2 Metropolitan,2,off-peak,60,T-Junction,Straight road,Level,Dry,Not Raining,Daylight,Side Swipe,Traffic Signals
Rider,Male,29,NotApplicable,NotFatal,NotWorn,PCycling,NoLicence,1,2 Metropolitan,2,off-peak,50,Cross Road,Straight road,Level,Dry,Not Raining,Night,Right Angle,Stop Sign
Driver,Female,60,Driver,NotFatal,Worn,Small,Full,1,3 Country,2,off-peak,80,Divided Road,Straight road,Level,Dry,Not Raining,Daylight,Rear End,No Control
Driver,Female,45,Driver,NotFatal,Worn,Medium,Full,1,3 Country,2,off-peak,110,Not Divided,"CURVED, VIEW OPEN",Level,Dry,Not Raining,Daylight,Hit Fixed Object,No Control
Rider,Male,52,NotApplicable,NotFatal,NotWorn,MCycling,NoLicence,1,3 Country,1,off-peak,100,Not Divided,Straight road,Level,Dry,Not Raining,Daylight,Roll Over,No Control
Driver,Female,30,Driver,NotFatal,Worn,Small,Provisional 2,2,2 Metropolitan,2,off-peak,60,Divided Road,Straight road,Bottom of Hill,Dry,Not Raining,Daylight,Head On,No Control
Driver,Male,33,Driver,NotFatal,Worn,Medium,Full,2,2 Metropolitan,2,off-peak,70,Divided Road,Straight road,Level,Dry,Not Raining,Daylight,Rear End,No Control
Passenger,Female,47,Front Seat Left Passenger,NotFatal,NotWorn,Medium,NoLicence,3,2 Metropolitan,2,off-peak,60,Not Divided,Straight road,Level,Dry,Not Raining,Daylight,Rear End,No Control
Driver,Male,32,Driver,NotFatal,Worn,Small,Full,1,2 Metropolitan,2,off-peak,60,Not Divided,Straight road,Level,Dry,Not Raining,Daylight,Hit Fixed Object,No Control
Driver,Female,51,Driver,NotFatal,Worn,Small,Unlicenced,1,2 Metropolitan,4,peak,90,Divided Road,Straight road,Level,Dry,Not Raining,Daylight,Rear End,No Control
Passenger,Female,1,Rear Seat Right Passenger,NotFatal,NotWorn,Medium,NoLicence,2,2 Metropolitan,4,peak,90,Divided Road,Straight road,Level,Dry,Not Raining,Daylight,Rear End,No Control
Driver,Male,89,Driver,NotFatal,Worn,Small,Full,1,2 Metropolitan,2,peak,50,Not Divided,"CURVED, VIEW OPEN",Level,Dry,Not Raining,Daylight,Hit Fixed Object,No Control
Driver,Male,38,Driver,NotFatal,Worn,Small,Full,2,2 Metropolitan,2,peak,60,Cross Road,Straight road,Level,Dry,Not Raining,Night,Rear End,Traffic Signals
Pedestrian,Female,22,NotApplicable,NotFatal,NotWorn,Pedestrian on Road,NoLicence,1,2 Metropolitan,2,off-peak,60,T-Junction,Straight road,Level,Dry,Not Raining,Night,Hit Pedestrian,Stop Sign
Rider,Male,41,NotApplicable,NotFatal,NotWorn,PCycling,NoLicence,1,2 Metropolitan,2,off-peak,60,T-Junction,"CURVED, VIEW OPEN",Level,Dry,Not Raining,Night,Right Angle,Roundabout
Driver,Male,25,Driver,NotFatal,Worn,Small,Full,1,2 Metropolitan,2,peak,50,Not Divided,Straight road,Level,Dry,Not Raining,Daylight,Hit Parked Vehicle,No Control
Driver,Female,67,Driver,NotFatal,Worn,Small,Full,1,3 Country,2,off-peak,110,Not Divided,"CURVED, VIEW OPEN",Level,Dry,Not Raining,Daylight,Hit Fixed Object,No Control
Driver,Female,33,Driver,NotFatal,Worn,Small,Full,1,2 Metropolitan,2,off-peak,60,Cross Road,"CURVED, VIEW OPEN",Level,Dry,Not Raining,Night,Right Angle,Roundabout
Passenger,Female,38,Front Seat Left Passenger,NotFatal,NotWorn,Small,NoLicence,2,2 Metropolitan,2,peak,60,Divided Road,Straight road,Level,Dry,Not Raining,Daylight,Rear End,No Control