cas_type,cas_gender,cas_age,cas_pos_in_veh,fatality,seat_belt,unit_type,lic_type,n_occupants,stat_area,total_units,time,area_speed,acc_pos,hor_align,ver_align,moist_cond,wea_cond,dayNight,crash_type,traf_ctrls
Driver,Male,25,Driver,NotFatal,Worn,Small,Full,1,2 Metropolitan,2,off-peak,90,T-Junction,Straight road,Level,Dry,Not Raining,Night,Hit Fixed Object,Traffic Signals
Driver,Female,49,Driver,NotFatal,Worn,Small,Full,1,2 Metropolitan,2,off-peak,70,Cross Road,Straight road,Level,Dry,Not Raining,Night,Right Turn,Traffic Signals
Driver,Female,19,Driver,NotFatal,Worn,Medium,Provisional 2,1,2 Metropolitan,2,off-peak,80,Multiple,Straight road,Level,Dry,Not Raining,Daylight,Hit Fixed Object,Roundabout
Driver,Male,83,Driver,NotFatal,Worn,Small,Full,2,2 Metropolitan,2,off-peak,60,Divided Road,Straight road,Level,Dry,Not Raining,Daylight,Rear End,No Control
Passenger,Female,79,Front Seat Left Passenger,NotFatal,NotWorn,Small,NoLicence,2,2 Metropolitan,2,off-peak,60,Divided Road,Straight road,Level,Dry,Not Raining,Daylight,Rear End,No Control
Rider,Male,39,NotApplicable,NotFatal,NotWorn,MCycling,NoLicence,1,2 Metropolitan,2,off-peak,60,Cross Road,Straight road,Level,Dry,Not Raining,Daylight,Rear End,Traffic Signals
Driver,Male,50,Driver,NotFatal,Worn,Medium,Full,1,2 Metropolitan,2,off-peak,80,Cross Road,Straight road,Level,Wet,Not Raining,Daylight,Rear End,Traffic Signals
Driver,Female,44,Driver,NotFatal,Worn,Small,Full,1,2 Metropolitan,2,off-peak,60,Not Divided,Straight road,Level,Dry,Not Raining,Daylight,Rear End,No Control
Passenger,Male,30,Rear Seat Right Passenger,NotFatal,NotWorn,Medium,NoLicence,3,3 Country,2,off-peak,50,Cross Road,Straight road,Level,Dry,Not Raining,Daylight,Right Angle,Roundabout
Passenger,Female,34,Front Seat Left Passenger,NotFatal,NotWorn,Medium,NoLicence,3,3 Country,2,off-peak,50,Cross Road,Straight road,Level,Dry,Not Raining,Daylight,Right Angle,Roundabout
Passenger,Female,57,Rear Seat Left Passenger,NotFatal,NotWorn,Medium,NoLicence,3,2 Metropolitan,3,off-peak,90,Other,"CURVED, VIEW OPEN",Level,Dry,Not Raining,Daylight,Rear End,No Control
Driver,Male,35,Driver,NotFatal,Worn,Utility,Full,1,2 Metropolitan,2,peak,60,Divided Road,Straight road,Level,Dry,Not Raining,Night,Rear End,No Control
Driver,Female,57,Driver,NotFatal,Worn,Small,Full,1,2 Metropolitan,2,peak,60,T-Junction,Straight road,Level,Dry,Not Raining,Daylight,Right Turn,No Control
Driver,Male,63,Driver,NotFatal,Worn,Medium,Full,1,3 Country,2,off-peak,100,Cross Road,Straight road,Level,Wet,Raining,Night,Right Angle,Stop Sign
Driver,Male,68,Driver,NotFatal,NotWorn,Utility,Unlicenced,1,2 Metropolitan,5,off-peak,60,Divided Road,Straight road,Level,Dry,Not Raining,Night,Rear End,No Control
Driver,Female,35,Driver,NotFatal,Worn,Medium,Probationary,2,2 Metropolitan,5,off-peak,60,Divided Road,Straight road,Level,Dry,Not Raining,Night,Rear End,No Control
Driver,Male,60,Driver,NotFatal,Worn,Small,Full,1,2 Metropolitan,5,off-peak,60,Divided Road,Straight road,Level,Dry,Not Raining,Night,Rear End,No Control
Passenger,Female,50,Front Seat Left Passenger,NotFatal,NotWorn,Utility,NoLicence,2,2 Metropolitan,4,off-peak,60,Not Divided,Straight road,Level,Wet,Raining,Daylight,Side Swipe,No Control
Driver,Male,28,Driver,NotFatal,Unknown,Small,Full,1,2 Metropolitan,2,off-peak,80,Not Divided,"CURVED, VIEW OPEN",Slope,Wet,Raining,Night,Hit Fixed Object,No Control
Pedestrian,Male,30,NotApplicable,NotFatal,NotWorn,Pedestrian on Road,NoLicence,1,1 City,2,off-peak,50,Not Divided,Straight road,Level,Dry,Not Raining,Night,Hit Pedestrian,No Control
Rider,Male,55,NotApplicable,NotFatal,NotWorn,PCycling,NoLicence,1,2 Metropolitan,1,peak,60,Divided Road,Straight road,Level,Dry,Not Raining,Daylight,Other,No Control
Driver,Male,39,Driver,NotFatal,Worn,Small,Full,2,2 Metropolitan,2,off-peak,60,T-Junction,Straight road,Level,Dry,Not Raining,Daylight,Right Angle,No Control
Passenger,Female,10,Front Seat Left Passenger,NotFatal,NotWorn,Small,NoLicence,2,2 Metropolitan,2,off-peak,60,T-Junction,Straight road,Level,Dry,Not Raining,Daylight,Right Angle,No Control
Driver,Male,42,Driver,NotFatal,Worn,Utility,Probationary,1,2 Metropolitan,2,peak,50,Not Divided,Straight road,Level,Dry,Not Raining,Daylight,Rear End,No Control
Driver,Female,69,Driver,NotFatal,Worn,Small,Full,1,2 Metropolitan,2,off-peak,60,Divided Road,Straight road,Level,Dry,Not Raining,Daylight,Rear End,No Control
Driver,Male,68,Driver,NotFatal,Worn,Utility,Full,1,3 Country,2,off-peak,110,Not Divided,Straight road,Level,Dry,Not Raining,Daylight,Hit Fixed Object,No Control
Driver,Female,28,Driver,NotFatal,Worn,Small,Provisional 2,4,2 Metropolitan,3,off-peak,60,Cross Road,Straight road,Level,Dry,Not Raining,Daylight,Right Turn,Traffic Signals
Passenger,Male,5,Rear Seat Right Passenger,NotFatal,NotWorn,Small,NoLicence,4,2 Metropolitan,3,off-peak,60,Cross Road,Straight road,Level,Dry,Not Raining,Daylight,Right Turn,Traffic Signals
Driver,Female,55,Driver,NotFatal,Worn,Small,Full,1,2 Metropolitan,3,off-peak,60,Cross Road,Straight road,Level,Dry,Not Raining,Daylight,Right Turn,Traffic Signals
Passenger,Female,18,Rear Seat Left Passenger,NotFatal,NotWorn,Small,NoLicence,3,2 Metropolitan,2,off-peak,50,T-Junction,Straight road,Slope,Dry,Not Raining,Daylight,Right Angle,No Control
Driver,Female,45,Driver,NotFatal,Worn,Small,Full,1,2 Metropolitan,4,off-peak,60,Divided Road,Straight road,Level,Dry,Not Raining,Daylight,Rear End,No Control
Driver,Female,39.88915925,Driver,NotFatal,Worn,Medium,Full,4,2 Metropolitan,2,off-peak,100,T-Junction,Straight road,Level,Dry,Not Raining,Night,Hit Fixed Object,No Control
Pedestrian,Male,61,NotApplicable,NotFatal,NotWorn,Pedestrian on Road,NoLicence,1,2 Metropolitan,2,off-peak,60,Divided Road,Straight road,Slope,Dry,Not Raining,Night,Hit Pedestrian,No Control
Driver,Male,56,Driver,NotFatal,Worn,Small,Full,1,2 Metropolitan,2,off-peak,50,Not Divided,Straight road,Level,Dry,Not Raining,Night,Hit Fixed Object,No Control
Driver,Male,23,Driver,NotFatal,Worn,Small,Full,4,2 Metropolitan,2,off-peak,60,Cross Road,Straight road,Level,Dry,Not Raining,Night,Hit Fixed Object,Roundabout
Passenger,Male,21,Rear Seat Left Passenger,NotFatal,NotWorn,Small,NoLicence,4,2 Metropolitan,2,off-peak,60,Cross Road,Straight road,Level,Dry,Not Raining,Night,Hit Fixed Object,Roundabout
Passenger,Female,20,Rear Seat Right Passenger,NotFatal,NotWorn,Small,NoLicence,4,2 Metropolitan,2,off-peak,60,Cross Road,Straight road,Level,Dry,Not Raining,Night,Hit Fixed Object,Roundabout
Passenger,Male,39.88915925,Front Seat Left Passenger,NotFatal,NotWorn,Small,NoLicence,4,2 Metropolitan,2,off-peak,60,Cross Road,Straight road,Level,Dry,Not Raining,Night,Hit Fixed Object,Roundabout
Rider,Male,51,NotApplicable,NotFatal,NotWorn,PCycling,NoLicence,1,2 Metropolitan,1,off-peak,60,Not Divided,Straight road,Level,Dry,Not Raining,Daylight,Roll Over,No Control
Rider,Male,66,NotApplicable,NotFatal,NotWorn,PCycling,NoLicence,1,2 Metropolitan,2,off-peak,100,Not Divided,"CURVED, VIEW OBSCURED",Slope,Dry,Not Raining,Daylight,Hit Fixed Object,No Control
Driver,Male,48,Driver,NotFatal,Worn,Small,Full,1,2 Metropolitan,2,off-peak,60,T-Junction,Straight road,Level,Dry,Not Raining,Daylight,Rear End,No Control
Rider,Male,72,NotApplicable,NotFatal,NotWorn,PCycling,NoLicence,1,2 Metropolitan,2,peak,60,T-Junction,Straight road,Level,Dry,Not Raining,Daylight,Right Angle,No Control
Passenger,Female,31,Front Seat Left Passenger,NotFatal,NotWorn,Small,NoLicence,2,2 Metropolitan,2,peak,60,Not Divided,Straight road,Level,Dry,Not Raining,Daylight,Side Swipe,No Control
Passenger,Female,41,Front Seat Left Passenger,NotFatal,NotWorn,Medium,NoLicence,2,2 Metropolitan,2,peak,60,Not Divided,Straight road,Level,Dry,Not Raining,Daylight,Side Swipe,No Control
Driver,Female,19,Driver,NotFatal,NotWorn,Small,Provisional 2,2,3 Country,1,off-peak,100,Not Divided,"CURVED, VIEW OPEN",Level,Dry,Not Raining,Night,Roll Over,No Control
Driver,Male,70,Driver,NotFatal,Worn,Small,Full,1,3 Country,2,off-peak,110,Not Divided,Straight road,Crest of Hill,Dry,Not Raining,Daylight,Hit Fixed Object,No Control
Passenger,Female,14,Front Seat Left Passenger,NotFatal,NotWorn,Small,NoLicence,2,2 Metropolitan,2,off-peak,50,T-Junction,Straight road,Level,Dry,Not Raining,Night,Right Angle,No Control
Driver,Female,24,Driver,NotFatal,Worn,Small,Full,1,2 Metropolitan,3,off-peak,80,Divided Road,Straight road,Level,Dry,Not Raining,Night,Rear End,No Control
Driver,Male,33,Driver,NotFatal,Worn,Small,Full,1,2 Metropolitan,2,peak,60,T-Junction,Straight road,Slope,Dry,Not Raining,Daylight,Right Angle,No Control
Pedestrian,Female,33,NotApplicable,NotFatal,NotWorn,Pedestrian on Road,NoLicence,1,2 Metropolitan,2,peak,60,Not Divided,Straight road,Level,Dry,Not Raining,Daylight,Hit Pedestrian,No Control
Rider,Male,61,NotApplicable,NotFatal,NotWorn,PCycling,NoLicence,1,2 Metropolitan,2,peak,60,Not Divided,Straight road,Level,Dry,Not Raining,Daylight,Hit Pedestrian,No Control
Driver,Female,53,Driver,NotFatal,Worn,Utility,Full,1,3 Country,2,off-peak,110,Not Divided,Straight road,Level,Dry,Not Raining,Daylight,Roll Over,No Control
Driver,Female,30,Driver,NotFatal,Worn,Small,Full,2,2 Metropolitan,2,peak,80,T-Junction,Straight road,Slope,Dry,Not Raining,Daylight,Rear End,Traffic Signals
Passenger,Female,30,Front Seat Left Passenger,NotFatal,NotWorn,Small,NoLicence,2,2 Metropolitan,2,peak,80,T-Junction,Straight road,Slope,Dry,Not Raining,Daylight,Rear End,Traffic Signals
Driver,Female,23,Driver,NotFatal,Worn,Medium,Full,1,2 Metropolitan,2,peak,90,Divided Road,Straight road,Level,Dry,Not Raining,Daylight,Rear End,No Control
Driver,Female,55,Driver,NotFatal,Worn,Small,Full,3,3 Country,2,off-peak,60,Cross Road,Straight road,Level,Dry,Not Raining,Daylight,Right Angle,Traffic Signals
Passenger,Male,4,Rear Seat Left Passenger,NotFatal,NotWorn,Small,NoLicence,3,3 Country,2,off-peak,60,Cross Road,Straight road,Level,Dry,Not Raining,Daylight,Right Angle,Traffic Signals
Passenger,Male,11,Front Seat Left Passenger,NotFatal,NotWorn,Small,NoLicence,3,3 Country,2,off-peak,60,Cross Road,Straight road,Level,Dry,Not Raining,Daylight,Right Angle,Traffic Signals
Driver,Male,28,Driver,NotFatal,Worn,Small,Full,1,3 Country,2,off-peak,60,Cross Road,Straight road,Level,Dry,Not Raining,Daylight,Right Angle,Traffic Signals
Driver,Female,70,Driver,NotFatal,Worn,Small,Full,1,2 Metropolitan,5,off-peak,50,T-Junction,Straight road,Level,Dry,Not Raining,Daylight,Hit Fixed Object,No Control
Driver,Female,22,Driver,NotFatal,Worn,Small,Full,2,2 Metropolitan,2,off-peak,60,Cross Road,Straight road,Level,Dry,Not Raining,Daylight,Right Angle,Traffic Signals
Driver,Male,86,Driver,NotFatal,Worn,Small,Full,1,3 Country,4,off-peak,50,Cross Road,Straight road,Level,Dry,Not Raining,Daylight,Right Angle,Roundabout
Driver,Male,20,Driver,NotFatal,Worn,Small,Full,1,2 Metropolitan,2,peak,50,T-Junction,Straight road,Level,Dry,Not Raining,Daylight,Hit Fixed Object,No Control
Pedestrian,Female,12,NotApplicable,NotFatal,NotWorn,Pedestrian on Road,NoLicence,1,2 Metropolitan,2,off-peak,50,Not Divided,Straight road,Level,Dry,Not Raining,Daylight,Hit Pedestrian,No Control
Pedestrian,Female,4,NotApplicable,NotFatal,NotWorn,Pedestrian on Road,NoLicence,1,2 Metropolitan,2,off-peak,50,Not Divided,Straight road,Level,Dry,Not Raining,Daylight,Hit Pedestrian,No Control
Driver,Male,39.88915925,Driver,NotFatal,Worn,Medium,Full,1,2 Metropolitan,2,off-peak,60,T-Junction,Straight road,Slope,Dry,Not Raining,Night,Right Angle,No Control
Driver,Male,50,Driver,NotFatal,Unknown,Large,Unknown,1,3 Country,1,peak,50,Not Divided,"CURVED, VIEW OPEN",Level,Dry,Not Raining,Night,Roll Over,No Control
Driver,Male,25,Driver,NotFatal,Unknown,Medium,Unknown,1,2 Metropolitan,3,off-peak,60,Not Divided,Straight road,Level,Dry,Not Raining,Night,Hit Parked Vehicle,No Control
Driver,Male,39.88915925,Driver,NotFatal,Worn,Medium,Full,1,2 Metropolitan,3,off-peak,50,Not Divided,Straight road,Level,Dry,Not Raining,Night,Hit Parked Vehicle,No Control
Driver,Male,45,Driver,NotFatal,Worn,Medium,Full,1,2 Metropolitan,2,off-peak,60,T-Junction,Straight road,Level,Dry,Not Raining,Daylight,Right Angle,Give Way Sign
Driver,Male,51,Driver,NotFatal,Worn,Large,Full,2,2 Metropolitan,2,off-peak,90,Divided Road,Straight road,Level,Dry,Not Raining,Daylight,Rear End,No Control
Driver,Male,39,Driver,NotFatal,Worn,Medium,Full,2,2 Metropolitan,3,peak,50,Not Divided,Straight road,Level,Dry,Not Raining,Daylight,Rear End,No Control
Rider,Female,25,NotApplicable,NotFatal,NotWorn,PCycling,NoLicence,1,2 Metropolitan,2,peak,50,T-Junction,Straight road,Level,Dry,Not Raining,Daylight,Right Angle,Give Way Sign
Driver,Male,56,Driver,NotFatal,Worn,Medium,Full,3,3 Country,2,peak,110,T-Junction,"CURVED, VIEW OPEN",Slope,Dry,Not Raining,Daylight,Right Angle,No Control
Passenger,Female,85,Rear Seat Right Passenger,NotFatal,NotWorn,Medium,NoLicence,3,3 Country,2,peak,110,T-Junction,"CURVED, VIEW OPEN",Slope,Dry,Not Raining,Daylight,Right Angle,No Control
Passenger,Female,49,Front Seat Left Passenger,NotFatal,NotWorn,Medium,NoLicence,3,3 Country,2,peak,110,T-Junction,"CURVED, VIEW OPEN",Slope,Dry,Not Raining,Daylight,Right Angle,No Control
Driver,Male,65,Driver,NotFatal,Worn,Utility,Full,1,3 Country,2,peak,110,T-Junction,"CURVED, VIEW OPEN",Slope,Dry,Not Raining,Daylight,Right Angle,No Control
Rider,Male,41,NotApplicable,NotFatal,NotWorn,MCycling,NoLicence,1,2 Metropolitan,2,off-peak,50,Not Divided,Straight road,Level,Dry,Not Raining,Daylight,Hit Parked Vehicle,No Control
Rider,Male,47,NotApplicable,NotFatal,NotWorn,PCycling,NoLicence,1,2 Metropolitan,2,peak,50,Cross Road,Straight road,Level,Dry,Not Raining,Night,Right Angle,Roundabout
Passenger,Female,48,Front Seat Left Passenger,NotFatal,NotWorn,Small,NoLicence,2,2 Metropolitan,2,off-peak,50,Cross Road,Straight road,Slope,Dry,Not Raining,Daylight,Side Swipe,Stop Sign
Driver,Female,37,Driver,NotFatal,Worn,Small,Full,1,2 Metropolitan,2,off-peak,60,Not Divided,Straight road,Level,Dry,Not Raining,Daylight,Side Swipe,No Control
Driver,Female,39.88915925,Driver,NotFatal,Worn,Small,Full,1,2 Metropolitan,3,off-peak,60,Cross Road,Straight road,Level,Dry,Not Raining,Daylight,Side Swipe,Traffic Signals
Driver,Female,19,Driver,NotFatal,Worn,Small,Provisional 2,1,2 Metropolitan,2,off-peak,80,Not Divided,"CURVED, VIEW OPEN",Slope,Dry,Not Raining,Daylight,Hit Fixed Object,No Control
Driver,Male,19,Driver,NotFatal,Worn,Small,Provisional 1 ,2,2 Metropolitan,2,off-peak,50,Not Divided,Straight road,Slope,Dry,Not Raining,Daylight,Rear End,No Control
Driver,Male,67,Driver,NotFatal,Worn,Medium,Full,1,2 Metropolitan,2,off-peak,50,Not Divided,Straight road,Slope,Dry,Not Raining,Daylight,Rear End,No Control
Driver,Female,39.88915925,Driver,NotFatal,Worn,Small,Provisional 1 ,3,2 Metropolitan,2,off-peak,50,Cross Road,Straight road,Slope,Dry,Not Raining,Daylight,Right Angle,Roundabout
Passenger,Male,39.88915925,Rear Seat Left Passenger,NotFatal,NotWorn,Small,NoLicence,3,2 Metropolitan,2,off-peak,50,Cross Road,Straight road,Slope,Dry,Not Raining,Daylight,Right Angle,Roundabout
Passenger,Female,6,Front Seat Left Passenger,NotFatal,NotWorn,Small,NoLicence,3,2 Metropolitan,2,off-peak,50,Cross Road,Straight road,Slope,Dry,Not Raining,Daylight,Right Angle,Roundabout
Driver,Female,25,Driver,NotFatal,Worn,Medium,Full,4,2 Metropolitan,2,off-peak,50,Cross Road,Straight road,Slope,Dry,Not Raining,Daylight,Right Angle,Roundabout
Passenger,Male,5,Rear Seat Left Passenger,NotFatal,NotWorn,Medium,NoLicence,4,2 Metropolitan,2,off-peak,50,Cross Road,Straight road,Slope,Dry,Not Raining,Daylight,Right Angle,Roundabout
Passenger,Male,3,Rear Seat Right Passenger,NotFatal,NotWorn,Medium,NoLicence,4,2 Metropolitan,2,off-peak,50,Cross Road,Straight road,Slope,Dry,Not Raining,Daylight,Right Angle,Roundabout
Passenger,Male,1,Rear Seat Middle Passenger,NotFatal,NotWorn,Medium,NoLicence,4,2 Metropolitan,2,off-peak,50,Cross Road,Straight road,Slope,Dry,Not Raining,Daylight,Right Angle,Roundabout
Driver,Female,26,Driver,NotFatal,Worn,Small,Full,1,2 Metropolitan,2,peak,60,Cross Road,Straight road,Level,Dry,Not Raining,Daylight,Right Turn,Traffic Signals
Driver,Female,85,Driver,NotFatal,Worn,Small,Full,1,2 Metropolitan,2,off-peak,50,Divided Road,"CURVED, VIEW OPEN",Level,Dry,Not Raining,Night,Hit Fixed Object,No Control
Driver,Female,55,Driver,NotFatal,Worn,Small,Full,1,2 Metropolitan,2,off-peak,60,Divided Road,Straight road,Level,Dry,Not Raining,Daylight,Rear End,No Control
Driver,Female,39.88915925,Driver,NotFatal,Worn,Small,Full,1,2 Metropolitan,2,off-peak,50,Not Divided,Straight road,Level,Dry,Not Raining,Daylight,Side Swipe,No Control
Driver,Male,44,Driver,NotFatal,Worn,Small,Full,3,2 Metropolitan,2,peak,80,Cross Road,Straight road,Level,Dry,Not Raining,Daylight,Rear End,Traffic Signals
Passenger,Male,10,Rear Seat Right Passenger,NotFatal,NotWorn,Small,NoLicence,3,2 Metropolitan,2,peak,80,Cross Road,Straight road,Level,Dry,Not Raining,Daylight,Rear End,Traffic Signals
Passenger,Female,44,Front Seat Left Passenger,NotFatal,NotWorn,Small,NoLicence,3,2 Metropolitan,2,peak,80,Cross Road,Straight road,Level,Dry,Not Raining,Daylight,Rear End,Traffic Signals
Pedestrian,Male,52,NotApplicable,NotFatal,NotWorn,Pedestrian on Road,NoLicence,1,2 Metropolitan,2,off-peak,50,Not Divided,Straight road,Level,Dry,Not Raining,Night,Hit Pedestrian,No Control
Driver,Female,55,Driver,NotFatal,Worn,Small,Full,3,3 Country,2,off-peak,50,T-Junction,Straight road,Level,Dry,Not Raining,Night,Rear End,No Control
Driver,Female,31,Driver,NotFatal,Worn,Small,Full,1,2 Metropolitan,2,off-peak,80,Not Divided,Straight road,Level,Dry,Not Raining,Night,Hit Fixed Object,No Control
Driver,Male,60,Driver,NotFatal,Worn,Small,Full,1,2 Metropolitan,3,off-peak,60,T-Junction,Straight road,Level,Dry,Not Raining,Night,Rear End,No Control
Pedestrian,Female,19,NotApplicable,NotFatal,NotWorn,Pedestrian on Road,NoLicence,1,2 Metropolitan,2,off-peak,50,Pedestrian Crossing,Straight road,Level,Dry,Not Raining,Daylight,Hit Pedestrian,No Control
Rider,Female,62,NotApplicable,NotFatal,NotWorn,PCycling,NoLicence,1,2 Metropolitan,1,off-peak,50,Not Divided,Straight road,Level,Dry,Not Raining,Daylight,Roll Over,No Control
Driver,Female,59,Driver,NotFatal,Worn,Small,Full,1,2 Metropolitan,2,peak,80,Divided Road,Straight road,Level,Dry,Not Raining,Daylight,Side Swipe,No Control
Rider,Male,34,NotApplicable,NotFatal,NotWorn,PCycling,NoLicence,1,2 Metropolitan,2,peak,60,Cross Road,Straight road,Level,Dry,Not Raining,Daylight,Right Angle,Roundabout
Driver,Female,69,Driver,NotFatal,Worn,Medium,Full,1,2 Metropolitan,3,peak,50,T-Junction,Straight road,Level,Dry,Not Raining,Daylight,Side Swipe,No Control
Rider,Male,16,NotApplicable,NotFatal,NotWorn,PCycling,NoLicence,1,2 Metropolitan,3,peak,50,Not Divided,Straight road,Level,Dry,Not Raining,Daylight,Side Swipe,No Control
Driver,Female,88,Driver,NotFatal,Worn,Small,Full,1,3 Country,2,off-peak,50,Cross Road,Straight road,Level,Dry,Not Raining,Daylight,Right Angle,Give Way Sign
Passenger,Female,34,Rear Seat Right Passenger,NotFatal,NotWorn,Small,NoLicence,3,2 Metropolitan,2,off-peak,60,T-Junction,"CURVED, VIEW OPEN",Slope,Dry,Not Raining,Night,Rear End,Give Way Sign
Driver,Male,33,Driver,NotFatal,NotWorn,Small,Full,1,3 Country,2,off-peak,90,Not Divided,Straight road,Slope,Dry,Not Raining,Daylight,Hit Fixed Object,No Control
Driver,Female,31,Driver,NotFatal,Worn,Small,Full,2,1 City,2,off-peak,50,Not Divided,Straight road,Level,Dry,Not Raining,Daylight,Side Swipe,No Control
Passenger,Female,58,Front Seat Left Passenger,NotFatal,NotWorn,Small,NoLicence,2,1 City,2,off-peak,50,Not Divided,Straight road,Level,Dry,Not Raining,Daylight,Side Swipe,No Control
Pedestrian,Female,59,NotApplicable,NotFatal,NotWorn,Pedestrian on Road,NoLicence,1,2 Metropolitan,2,off-peak,50,Cross Road,Straight road,Level,Dry,Not Raining,Daylight,Hit Pedestrian,Roundabout
Driver,Male,50,Driver,NotFatal,Worn,Small,Full,1,2 Metropolitan,2,off-peak,60,T-Junction,Straight road,Level,Dry,Not Raining,Night,Rear End,Traffic Signals
Driver,Female,39.88915925,Driver,NotFatal,Worn,Small,Full,1,2 Metropolitan,2,off-peak,80,Not Divided,"CURVED, VIEW OPEN",Slope,Wet,Raining,Night,Hit Object on Road,No Control
Driver,Female,23,Driver,NotFatal,Worn,Small,Full,1,2 Metropolitan,3,peak,60,T-Junction,"CURVED, VIEW OPEN",Level,Wet,Raining,Daylight,Right Angle,Give Way Sign
Driver,Female,26,Driver,NotFatal,Worn,Utility,Full,1,2 Metropolitan,2,off-peak,50,T-Junction,Straight road,Level,Dry,Not Raining,Daylight,Right Angle,No Control
Driver,Female,18,Driver,NotFatal,Worn,Small,Provisional 1 ,1,3 Country,2,peak,100,Not Divided,"CURVED, VIEW OBSCURED",Level,Wet,Unknown,Night,Roll Over,No Control
Driver,Male,86,Driver,NotFatal,Worn,Small,Full,2,2 Metropolitan,2,off-peak,60,T-Junction,Straight road,Level,Dry,Not Raining,Daylight,Hit Fixed Object,No Control
Driver,Male,67,Driver,NotFatal,Worn,Medium,Full,1,2 Metropolitan,2,off-peak,60,Divided Road,Straight road,Level,Dry,Not Raining,Daylight,Rear End,No Control
Driver,Female,19,Driver,NotFatal,Worn,Small,Provisional 2,1,3 Country,2,peak,100,Not Divided,"CURVED, VIEW OBSCURED",Crest of Hill,Wet,Not Raining,Daylight,Hit Fixed Object,No Control
Driver,Female,23,Driver,NotFatal,Worn,Small,Full,3,2 Metropolitan,2,off-peak,50,Not Divided,Straight road,Level,Wet,Not Raining,Daylight,Rear End,No Control
Driver,Male,60,Driver,NotFatal,Worn,Small,Full,1,2 Metropolitan,2,off-peak,60,T-Junction,Straight road,Level,Dry,Not Raining,Daylight,Right Angle,No Control
Passenger,Male,84,Front Seat Left Passenger,NotFatal,NotWorn,Small,NoLicence,2,2 Metropolitan,2,off-peak,60,Cross Road,Straight road,Level,Dry,Not Raining,Daylight,Right Angle,Traffic Signals
Driver,Male,20,Driver,NotFatal,Worn,Small,Provisional 2,1,2 Metropolitan,2,off-peak,60,Cross Road,Straight road,Level,Wet,Raining,Night,Right Turn,Traffic Signals
Driver,Male,22,Driver,NotFatal,Worn,Medium,Full,1,2 Metropolitan,2,peak,50,Not Divided,Straight road,Level,Dry,Not Raining,Night,Hit Fixed Object,No Control
Pedestrian,Female,29,NotApplicable,NotFatal,NotWorn,Pedestrian on Footpath/Carpark,NoLicence,1,2 Metropolitan,2,off-peak,60,Divided Road,Straight road,Level,Dry,Not Raining,Daylight,Hit Pedestrian,No Control
Passenger,Female,78,Front Seat Left Passenger,NotFatal,NotWorn,Small,NoLicence,2,2 Metropolitan,2,peak,40,Cross Road,Straight road,Level,Dry,Not Raining,Daylight,Right Turn,Traffic Signals
Driver,Female,30,Driver,NotFatal,Worn,Small,Full,1,2 Metropolitan,2,peak,60,Cross Road,Straight road,Level,Dry,Not Raining,Daylight,Rear End,Traffic Signals
Pedestrian,Male,54,NotApplicable,NotFatal,NotWorn,Pedestrian on Road,NoLicence,1,2 Metropolitan,2,peak,60,Pedestrian Crossing,Straight road,Level,Dry,Not Raining,Night,Hit Pedestrian,Traffic Signals
Driver,Female,53,Driver,NotFatal,Worn,Small,Full,1,2 Metropolitan,2,off-peak,60,Cross Road,Straight road,Level,Dry,Not Raining,Daylight,Right Turn,Traffic Signals
Rider,Male,41,NotApplicable,NotFatal,NotWorn,PCycling,NoLicence,1,1 City,2,peak,50,Cross Road,Straight road,Level,Dry,Not Raining,Night,Right Turn,Traffic Signals
Passenger,Female,45,Front Seat Left Passenger,NotFatal,NotWorn,Medium,NoLicence,2,2 Metropolitan,2,off-peak,90,Not Divided,Straight road,Level,Dry,Not Raining,Night,Side Swipe,No Control
Driver,Female,30,Driver,NotFatal,Worn,Small,Full,1,2 Metropolitan,2,off-peak,60,Divided Road,Straight road,Slope,Dry,Not Raining,Daylight,Rear End,No Control
Driver,Female,73,Driver,NotFatal,Worn,Small,Full,1,3 Country,1,off-peak,100,Not Divided,Straight road,Level,Dry,Not Raining,Night,Roll Over,No Control
Driver,Male,25,Driver,NotFatal,Worn,Small,Full,1,2 Metropolitan,2,off-peak,60,Cross Road,Straight road,Level,Wet,Not Raining,Night,Right Angle,Roundabout
Driver,Female,56,Driver,NotFatal,Worn,Medium,Full,1,3 Country,1,off-peak,80,Not Divided,"CURVED, VIEW OBSCURED",Level,Wet,Raining,Night,Roll Over,No Control
Rider,Male,52,NotApplicable,NotFatal,NotWorn,MCycling,NoLicence,1,2 Metropolitan,3,off-peak,100,Not Divided,Straight road,Level,Wet,Raining,Daylight,Side Swipe,No Control
Passenger,Female,60,Rear Seat Right Passenger,NotFatal,NotWorn,Utility,NoLicence,3,2 Metropolitan,2,off-peak,70,Divided Road,Straight road,Level,Wet,Raining,Daylight,Rear End,No Control
Rider,Male,41,NotApplicable,NotFatal,NotWorn,MCycling,NoLicence,1,2 Metropolitan,1,off-peak,25,Cross Road,Straight road,Level,Wet,Raining,Daylight,Roll Over,Traffic Signals
Driver,Male,55,Driver,NotFatal,Worn,Small,Provisional 1 ,2,2 Metropolitan,2,peak,60,Not Divided,Straight road,Level,Dry,Not Raining,Daylight,Hit Fixed Object,No Control