cas_type,cas_gender,cas_age,cas_pos_in_veh,fatality,seat_belt,unit_type,lic_type,n_occupants,stat_area,total_units,time,area_speed,acc_pos,hor_align,ver_align,moist_cond,wea_cond,dayNight,crash_type,traf_ctrls
Passenger,Male,44,Front Seat Left Passenger,NotFatal,NotWorn,Small,NoLicence,2,2 Metropolitan,2,peak,60,Not Divided,Straight road,Level,Dry,Not Raining,Daylight,Hit Fixed Object,No Control
Driver,Female,49,Driver,NotFatal,Worn,Medium,Full,1,2 Metropolitan,2,off-peak,60,Not Divided,Straight road,Level,Wet,Not Raining,Daylight,Rear End,No Control
Driver,Male,42,Driver,NotFatal,NotWorn,Small,Unlicenced,2,3 Country,3,off-peak,60,Not Divided,"CURVED, VIEW OPEN",Crest of Hill,Wet,Raining,Night,Hit Parked Vehicle,No Control
Passenger,Male,39,Front Seat Left Passenger,NotFatal,NotWorn,Small,NoLicence,2,3 Country,3,off-peak,60,Not Divided,"CURVED, VIEW OPEN",Crest of Hill,Wet,Raining,Night,Hit Parked Vehicle,No Control
Passenger,Female,27,Rear Seat Left Passenger,NotFatal,NotWorn,Utility,NoLicence,3,2 Metropolitan,3,off-peak,60,T-Junction,Straight road,Level,Dry,Not Raining,Daylight,Rear End,No Control
Driver,Male,82,Driver,NotFatal,Worn,Small,Full,2,2 Metropolitan,2,off-peak,60,Divided Road,Straight road,Level,Dry,Not Raining,Daylight,Rear End,No Control
Driver,Male,70,Driver,NotFatal,NotWorn,Medium,Full,2,2 Metropolitan,2,peak,50,Cross Road,Straight road,Level,Dry,Not Raining,Daylight,Right Turn,Traffic Signals
Passenger,Female,13,Rear Seat Right Passenger,NotFatal,NotWorn,Small,NoLicence,3,2 Metropolitan,2,off-peak,60,Cross Road,Straight road,Level,Dry,Not Raining,Night,Right Angle,Roundabout
Driver,Male,52,Driver,NotFatal,Worn,Small,Full,2,2 Metropolitan,2,off-peak,60,T-Junction,Straight road,Level,Dry,Not Raining,Night,Right Angle,Stop Sign
Driver,Female,39.88915925,Driver,NotFatal,Worn,MCycling,Full,2,2 Metropolitan,2,off-peak,60,Not Divided,Straight road,Level,Dry,Not Raining,Night,Hit Fixed Object,No Control
Passenger,Male,30,Front Seat Left Passenger,NotFatal,NotWorn,MCycling,NoLicence,2,2 Metropolitan,2,off-peak,60,Not Divided,Straight road,Level,Dry,Not Raining,Night,Hit Fixed Object,No Control
Driver,Female,18,Driver,NotFatal,Worn,Medium,Provisional 2,1,3 Country,2,off-peak,100,Not Divided,Straight road,Slope,Dry,Not Raining,Night,Hit Fixed Object,No Control
Driver,Male,60,Driver,NotFatal,Worn,Small,Full,1,3 Country,2,off-peak,50,Cross Road,Straight road,Level,Dry,Not Raining,Daylight,Right Angle,Stop Sign
Driver,Female,17,Driver,NotFatal,Worn,Small,Provisional 1 ,2,2 Metropolitan,3,off-peak,80,Not Divided,"CURVED, VIEW OPEN",Level,Dry,Not Raining,Night,Hit Fixed Object,No Control
Passenger,Female,27,Front Seat Left Passenger,NotFatal,NotWorn,Small,NoLicence,2,2 Metropolitan,3,off-peak,80,Not Divided,"CURVED, VIEW OPEN",Level,Dry,Not Raining,Night,Hit Fixed Object,No Control
Rider,Female,60,NotApplicable,NotFatal,NotWorn,PCycling,NoLicence,1,2 Metropolitan,2,off-peak,60,T-Junction,Straight road,Level,Dry,Not Raining,Daylight,Right Angle,No Control
Pedestrian,Male,28,NotApplicable,NotFatal,NotWorn,Pedestrian on Road,NoLicence,1,2 Metropolitan,2,off-peak,60,T-Junction,Straight road,Level,Dry,Not Raining,Night,Hit Pedestrian,No Control
Driver,Male,78,Driver,NotFatal,Worn,Medium,Full,1,2 Metropolitan,2,off-peak,100,Other,Straight road,Level,Dry,Not Raining,Daylight,Hit Fixed Object,No Control
Passenger,Female,22,Front Seat Left Passenger,NotFatal,NotWorn,Small,NoLicence,2,2 Metropolitan,2,off-peak,50,Cross Road,"CURVED, VIEW OPEN",Level,Dry,Not Raining,Daylight,Right Angle,Roundabout
Driver,Male,39.88915925,Driver,NotFatal,Unknown,Small,Full,1,2 Metropolitan,2,off-peak,90,Not Divided,"CURVED, VIEW OBSCURED",Slope,Dry,Not Raining,Night,Head On,No Control
Driver,Female,26,Driver,NotFatal,Worn,Medium,Full,5,2 Metropolitan,2,off-peak,90,Not Divided,"CURVED, VIEW OBSCURED",Slope,Dry,Not Raining,Night,Head On,No Control
Passenger,Male,37,Front Seat Left Passenger,NotFatal,NotWorn,Medium,NoLicence,5,2 Metropolitan,2,off-peak,90,Not Divided,"CURVED, VIEW OBSCURED",Slope,Dry,Not Raining,Night,Head On,No Control
Passenger,Male,1,Rear Seat Left Passenger,NotFatal,NotWorn,Medium,NoLicence,5,2 Metropolitan,2,off-peak,90,Not Divided,"CURVED, VIEW OBSCURED",Slope,Dry,Not Raining,Night,Head On,No Control
Passenger,Female,7,Rear Seat Middle Passenger,NotFatal,NotWorn,Medium,NoLicence,5,2 Metropolitan,2,off-peak,90,Not Divided,"CURVED, VIEW OBSCURED",Slope,Dry,Not Raining,Night,Head On,No Control
Passenger,Female,4,Rear Seat Right Passenger,NotFatal,NotWorn,Medium,NoLicence,5,2 Metropolitan,2,off-peak,90,Not Divided,"CURVED, VIEW OBSCURED",Slope,Dry,Not Raining,Night,Head On,No Control
Rider,Male,39.88915925,NotApplicable,NotFatal,NotWorn,MCycling,NoLicence,1,3 Country,1,peak,100,Not Divided,Straight road,Level,Dry,Not Raining,Daylight,Roll Over,No Control
Driver,Male,36,Driver,NotFatal,Worn,Small,Unlicenced,1,2 Metropolitan,3,off-peak,60,Not Divided,"CURVED, VIEW OBSCURED",Slope,Dry,Not Raining,Night,Head On,No Control
Driver,Male,25,Driver,NotFatal,NotWorn,Utility,Full,1,3 Country,2,off-peak,50,Not Divided,Straight road,Level,Dry,Not Raining,Night,Hit Fixed Object,No Control
Driver,Male,63,Driver,NotFatal,Worn,Small,Full,1,2 Metropolitan,2,off-peak,90,Divided Road,Straight road,Level,Dry,Not Raining,Night,Rear End,No Control
Driver,Female,50,Driver,NotFatal,Worn,Small,Full,1,2 Metropolitan,2,off-peak,60,Not Divided,Straight road,Level,Dry,Not Raining,Daylight,Side Swipe,No Control
Driver,Male,54,Driver,NotFatal,Worn,Small,Full,1,2 Metropolitan,2,off-peak,60,Multiple,Straight road,Level,Dry,Not Raining,Daylight,Rear End,Traffic Signals
Driver,Female,39,Driver,NotFatal,Worn,Medium,Full,1,2 Metropolitan,2,off-peak,50,T-Junction,Straight road,Level,Dry,Not Raining,Daylight,Right Angle,No Control
Driver,Male,39.88915925,Driver,NotFatal,Worn,Small,Full,1,2 Metropolitan,2,off-peak,90,Divided Road,Straight road,Level,Dry,Not Raining,Daylight,Hit Fixed Object,No Control
Driver,Female,23,Driver,NotFatal,Worn,Small,Full,2,2 Metropolitan,2,off-peak,60,Divided Road,Straight road,Level,Dry,Not Raining,Daylight,Rear End,No Control
Driver,Male,33,Driver,NotFatal,Worn,Small,Full,1,2 Metropolitan,2,off-peak,60,T-Junction,Straight road,Level,Dry,Not Raining,Daylight,Right Angle,Give Way Sign
Driver,Female,79,Driver,NotFatal,Worn,Small,Full,1,2 Metropolitan,2,off-peak,60,T-Junction,Straight road,Level,Dry,Not Raining,Daylight,Right Angle,Give Way Sign
Rider,Male,31,NotApplicable,NotFatal,NotWorn,MCycling,NoLicence,1,2 Metropolitan,1,off-peak,50,Cross Road,Straight road,Level,Wet,Raining,Night,Roll Over,Stop Sign
Driver,Female,47,Driver,NotFatal,Worn,Small,Full,1,2 Metropolitan,2,off-peak,60,Cross Road,Straight road,Level,Dry,Not Raining,Night,Right Turn,Traffic Signals
Driver,Female,56,Driver,NotFatal,Worn,Small,Full,1,2 Metropolitan,2,off-peak,60,Cross Road,"CURVED, VIEW OPEN",Level,Dry,Not Raining,Daylight,Rear End,Traffic Signals
Driver,Male,20,Driver,NotFatal,Worn,Small,Provisional 1 ,1,2 Metropolitan,3,off-peak,50,T-Junction,Straight road,Level,Dry,Not Raining,Night,Rear End,Traffic Signals
Rider,Male,43,NotApplicable,NotFatal,NotWorn,MCycling,NoLicence,1,2 Metropolitan,2,off-peak,80,Not Divided,"CURVED, VIEW OBSCURED",Slope,Dry,Not Raining,Daylight,Hit Fixed Object,No Control
Driver,Male,28,Driver,NotFatal,Worn,Small,Unlicenced,1,2 Metropolitan,1,off-peak,80,Not Divided,"CURVED, VIEW OBSCURED",Slope,Dry,Not Raining,Night,Roll Over,No Control
Rider,Female,28,NotApplicable,NotFatal,NotWorn,PCycling,NoLicence,1,2 Metropolitan,2,off-peak,50,T-Junction,Straight road,Level,Dry,Not Raining,Night,Right Turn,No Control
Driver,Male,64,Driver,NotFatal,Worn,Medium,Full,2,2 Metropolitan,2,off-peak,90,Divided Road,Straight road,Level,Wet,Not Raining,Daylight,Hit Animal,No Control
Driver,Female,52,Driver,NotFatal,Worn,Small,Full,2,2 Metropolitan,2,off-peak,60,Cross Road,Straight road,Level,Wet,Not Raining,Daylight,Side Swipe,Traffic Signals
Driver,Female,27,Driver,NotFatal,Worn,Small,Full,1,3 Country,2,off-peak,100,Not Divided,Straight road,Level,Wet,Not Raining,Daylight,Hit Fixed Object,No Control
Driver,Male,18,Driver,NotFatal,Worn,Small,Provisional 2,1,2 Metropolitan,3,off-peak,60,Not Divided,Straight road,Level,Wet,Not Raining,Daylight,Hit Fixed Object,No Control
Rider,Male,52,NotApplicable,NotFatal,NotWorn,MCycling,NoLicence,1,3 Country,2,off-peak,50,T-Junction,Straight road,Level,Dry,Not Raining,Daylight,Right Turn,No Control
Rider,Male,23,NotApplicable,NotFatal,NotWorn,PCycling,NoLicence,1,2 Metropolitan,2,off-peak,80,T-Junction,Straight road,Level,Dry,Not Raining,Daylight,Right Angle,No Control
Rider,Male,64,NotApplicable,NotFatal,NotWorn,MCycling,NoLicence,1,2 Metropolitan,2,peak,80,T-Junction,Straight road,Level,Dry,Not Raining,Daylight,Right Angle,No Control
Driver,Female,53,Driver,NotFatal,Worn,Small,Full,1,2 Metropolitan,2,peak,60,T-Junction,Straight road,Level,Dry,Not Raining,Daylight,Right Angle,No Control
Driver,Female,25,Driver,NotFatal,Worn,Small,Full,1,2 Metropolitan,2,off-peak,80,Cross Road,Straight road,Level,Dry,Not Raining,Night,Rear End,Traffic Signals
Driver,Female,86,Driver,NotFatal,Worn,Small,Full,1,2 Metropolitan,2,off-peak,60,Cross Road,Straight road,Level,Dry,Not Raining,Daylight,Right Angle,Traffic Signals
Driver,Female,27,Driver,NotFatal,Unknown,Small,Probationary,1,3 Country,2,peak,50,Not Divided,Straight road,Slope,Dry,Not Raining,Night,Hit Fixed Object,No Control
Driver,Male,52,Driver,NotFatal,Worn,Medium,Full,1,2 Metropolitan,2,peak,60,Divided Road,Straight road,Level,Dry,Not Raining,Daylight,Rear End,No Control
Driver,Female,43,Driver,NotFatal,Worn,Small,Full,3,2 Metropolitan,2,peak,60,Divided Road,Straight road,Level,Dry,Not Raining,Daylight,Rear End,No Control
Driver,Female,19,Driver,NotFatal,Worn,Small,Provisional 1 ,2,2 Metropolitan,2,peak,50,Cross Road,Straight road,Level,Dry,Not Raining,Daylight,Right Angle,Give Way Sign
Driver,Female,60,Driver,NotFatal,Worn,Small,Full,1,2 Metropolitan,2,peak,60,T-Junction,Straight road,Level,Wet,Not Raining,Daylight,Right Turn,Traffic Signals
Driver,Male,59,Driver,NotFatal,Worn,Small,Full,2,1 City,2,peak,60,Not Divided,Straight road,Level,Dry,Not Raining,Night,Rear End,No Control
Driver,Female,44,Driver,NotFatal,Worn,Medium,Full,2,1 City,2,off-peak,60,Divided Road,Straight road,Level,Dry,Not Raining,Night,Rear End,No Control
Rider,Female,23,NotApplicable,NotFatal,NotWorn,MCycling,NoLicence,1,2 Metropolitan,2,off-peak,80,Not Divided,"CURVED, VIEW OBSCURED",Slope,Dry,Not Raining,Daylight,Hit Fixed Object,No Control
Driver,Female,31,Driver,NotFatal,Worn,Small,Full,1,2 Metropolitan,3,peak,60,Divided Road,Straight road,Level,Dry,Not Raining,Daylight,Rear End,No Control
Rider,Male,79,NotApplicable,NotFatal,NotWorn,PCycling,NoLicence,1,2 Metropolitan,2,off-peak,60,Divided Road,Straight road,Level,Dry,Not Raining,Daylight,Side Swipe,No Control
Passenger,Female,58,Rear Seat Left Passenger,NotFatal,NotWorn,Small,NoLicence,3,2 Metropolitan,2,peak,60,Cross Road,Straight road,Level,Dry,Not Raining,Daylight,Rear End,Traffic Signals
Driver,Female,51,Driver,NotFatal,Worn,Small,Full,1,2 Metropolitan,2,off-peak,100,Freeway,"CURVED, VIEW OBSCURED",Slope,Wet,Not Raining,Daylight,Rear End,No Control
Passenger,Female,56,Front Seat Left Passenger,NotFatal,NotWorn,Medium,NoLicence,6,1 City,2,off-peak,60,Not Divided,Straight road,Level,Dry,Not Raining,Daylight,Side Swipe,No Control
Passenger,Male,9,Rear Seat Left Passenger,NotFatal,NotWorn,Medium,NoLicence,6,1 City,2,off-peak,60,Not Divided,Straight road,Level,Dry,Not Raining,Daylight,Side Swipe,No Control
Driver,Female,90,Driver,NotFatal,Worn,Small,Full,1,2 Metropolitan,2,peak,70,T-Junction,Straight road,Slope,Dry,Not Raining,Daylight,Right Angle,No Control
Pedestrian,Male,39.88915925,NotApplicable,NotFatal,NotWorn,Pedestrian on Road,NoLicence,1,2 Metropolitan,2,peak,60,T-Junction,Straight road,Level,Dry,Not Raining,Night,Hit Pedestrian,Stop Sign
Pedestrian,Male,46,NotApplicable,Fatal,NotWorn,Pedestrian on Road,NoLicence,1,1 City,2,off-peak,25,Divided Road,Straight road,Slope,Dry,Not Raining,Night,Hit Pedestrian,No Control
Driver,Female,19,Driver,NotFatal,Unknown,Small,Provisional 2,2,2 Metropolitan,2,off-peak,50,Not Divided,"CURVED, VIEW OPEN",Slope,Dry,Not Raining,Night,Hit Fixed Object,No Control
Passenger,Male,26,Front Seat Left Passenger,NotFatal,NotWorn,Small,NoLicence,2,2 Metropolitan,2,off-peak,50,Not Divided,"CURVED, VIEW OPEN",Slope,Dry,Not Raining,Night,Hit Fixed Object,No Control
Driver,Female,46,Driver,NotFatal,Worn,Small,Unknown,2,2 Metropolitan,3,off-peak,60,Divided Road,Straight road,Level,Dry,Not Raining,Daylight,Rear End,No Control
Passenger,Female,30,Front Seat Left Passenger,NotFatal,NotWorn,Small,NoLicence,2,2 Metropolitan,3,off-peak,60,Divided Road,Straight road,Level,Dry,Not Raining,Daylight,Rear End,No Control
Driver,Male,20,Driver,NotFatal,Worn,Small,Provisional 2,1,2 Metropolitan,3,off-peak,50,Cross Road,Straight road,Level,Dry,Not Raining,Night,Right Angle,Give Way Sign
Driver,Male,50,Driver,NotFatal,Worn,Small,Full,1,2 Metropolitan,3,off-peak,50,Cross Road,Straight road,Level,Dry,Not Raining,Night,Right Angle,Give Way Sign
Driver,Male,45,Driver,NotFatal,Worn,Small,Full,2,3 Country,2,peak,100,Not Divided,"CURVED, VIEW OPEN",Level,Dry,Not Raining,Daylight,Hit Fixed Object,No Control
Passenger,Male,24,Front Seat Left Passenger,NotFatal,NotWorn,Small,NoLicence,2,3 Country,2,peak,100,Not Divided,"CURVED, VIEW OPEN",Level,Dry,Not Raining,Daylight,Hit Fixed Object,No Control
Passenger,Male,7,Rear Seat Right Passenger,NotFatal,NotWorn,Small,NoLicence,3,2 Metropolitan,2,peak,60,T-Junction,Straight road,Level,Wet,Not Raining,Daylight,Right Angle,No Control
Passenger,Female,5,Rear Seat Left Passenger,NotFatal,NotWorn,Small,NoLicence,3,2 Metropolitan,2,peak,60,T-Junction,Straight road,Level,Wet,Not Raining,Daylight,Right Angle,No Control
Passenger,Male,4,Rear Seat Right Passenger,NotFatal,NotWorn,Medium,NoLicence,3,2 Metropolitan,2,peak,60,T-Junction,Straight road,Level,Wet,Not Raining,Daylight,Right Angle,No Control
Passenger,Male,3,Rear Seat Left Passenger,NotFatal,NotWorn,Medium,NoLicence,3,2 Metropolitan,2,peak,60,T-Junction,Straight road,Level,Wet,Not Raining,Daylight,Right Angle,No Control
Driver,Male,63,Driver,NotFatal,Worn,Small,Full,1,2 Metropolitan,2,off-peak,60,T-Junction,Straight road,Level,Dry,Not Raining,Daylight,Right Angle,No Control
Rider,Male,50,NotApplicable,NotFatal,NotWorn,MCycling,NoLicence,1,2 Metropolitan,2,off-peak,60,Cross Road,Straight road,Level,Dry,Not Raining,Daylight,Hit Fixed Object,Traffic Signals
Driver,Female,39,Driver,NotFatal,Worn,Small,Full,1,2 Metropolitan,2,off-peak,60,T-Junction,Straight road,Level,Dry,Not Raining,Daylight,Right Angle,Roundabout
Driver,Male,23,Driver,NotFatal,Worn,Small,Full,1,2 Metropolitan,2,off-peak,60,T-Junction,Straight road,Level,Dry,Not Raining,Daylight,Right Angle,Roundabout
Passenger,Male,67,Rear Seat Left Passenger,NotFatal,NotWorn,Medium,NoLicence,4,3 Country,2,off-peak,80,Cross Road,Straight road,Level,Dry,Not Raining,Daylight,Right Angle,Stop Sign
Passenger,Female,62,Front Seat Left Passenger,NotFatal,NotWorn,Medium,NoLicence,4,3 Country,2,off-peak,80,Cross Road,Straight road,Level,Dry,Not Raining,Daylight,Right Angle,Stop Sign
Driver,Male,51,Driver,NotFatal,Worn,Small,Full,1,2 Metropolitan,2,off-peak,60,Not Divided,Straight road,Level,Dry,Not Raining,Daylight,Side Swipe,No Control
Driver,Male,68,Driver,NotFatal,Worn,Medium,Full,1,3 Country,1,off-peak,100,Not Divided,Straight road,Level,Dry,Not Raining,Daylight,Roll Over,No Control
Driver,Male,17,Driver,NotFatal,Worn,Small,Provisional 1 ,1,2 Metropolitan,2,off-peak,60,Divided Road,Straight road,Level,Dry,Not Raining,Night,Hit Fixed Object,No Control
Driver,Female,65,Driver,NotFatal,Worn,Medium,Full,1,2 Metropolitan,2,off-peak,80,Not Divided,"CURVED, VIEW OBSCURED",Level,Dry,Not Raining,Daylight,Hit Fixed Object,No Control
Rider,Male,27,NotApplicable,NotFatal,NotWorn,MCycling,NoLicence,1,2 Metropolitan,2,off-peak,25,Divided Road,Straight road,Level,Dry,Not Raining,Night,Side Swipe,No Control
Driver,Male,31,Driver,NotFatal,Worn,Small,Full,2,2 Metropolitan,3,off-peak,50,Not Divided,Straight road,Level,Dry,Not Raining,Night,Right Angle,No Control
Passenger,Female,22,Front Seat Left Passenger,NotFatal,NotWorn,Small,NoLicence,2,2 Metropolitan,3,off-peak,50,Not Divided,Straight road,Level,Dry,Not Raining,Night,Right Angle,No Control
Driver,Male,45,Driver,NotFatal,Worn,Small,Full,1,2 Metropolitan,2,off-peak,60,T-Junction,Straight road,Level,Dry,Not Raining,Night,Hit Fixed Object,No Control
Pedestrian,Male,41,NotApplicable,NotFatal,NotWorn,Pedestrian on Road,NoLicence,1,2 Metropolitan,2,off-peak,60,Divided Road,Straight road,Level,Dry,Not Raining,Night,Hit Pedestrian,No Control
Rider,Male,70,NotApplicable,NotFatal,NotWorn,PCycling,NoLicence,1,2 Metropolitan,2,off-peak,110,T-Junction,Straight road,Level,Dry,Not Raining,Daylight,Right Angle,Roundabout
Pedestrian,Male,12,NotApplicable,NotFatal,NotWorn,Pedestrian on Road,NoLicence,1,2 Metropolitan,2,off-peak,50,Not Divided,Straight road,Level,Dry,Not Raining,Daylight,Hit Pedestrian,No Control
Driver,Female,25,Driver,NotFatal,Worn,Small,Full,1,3 Country,2,off-peak,100,Not Divided,"CURVED, VIEW OPEN",Level,Dry,Not Raining,Daylight,Hit Fixed Object,No Control
Rider,Male,57,NotApplicable,Fatal,NotWorn,MCycling,NoLicence,1,2 Metropolitan,2,off-peak,60,Not Divided,"CURVED, VIEW OBSCURED",Slope,Dry,Not Raining,Daylight,Head On,No Control
Driver,Female,22,Driver,NotFatal,Worn,Small,Full,1,2 Metropolitan,2,peak,80,Cross Road,Straight road,Level,Dry,Not Raining,Daylight,Right Angle,Traffic Signals
Driver,Male,37,Driver,NotFatal,Worn,Small,Unknown,1,2 Metropolitan,2,off-peak,70,T-Junction,"CURVED, VIEW OPEN",Level,Dry,Not Raining,Night,Right Angle,No Control
Passenger,Male,4,Rear Seat Right Passenger,NotFatal,NotWorn,Small,NoLicence,3,2 Metropolitan,5,off-peak,80,Divided Road,Straight road,Level,Dry,Not Raining,Daylight,Rear End,No Control
Passenger,Female,5,Rear Seat Left Passenger,NotFatal,NotWorn,Small,NoLicence,3,2 Metropolitan,5,off-peak,80,Divided Road,Straight road,Level,Dry,Not Raining,Daylight,Rear End,No Control
Driver,Female,37,Driver,NotFatal,Worn,Small,Full,1,2 Metropolitan,3,peak,60,T-Junction,Straight road,Level,Dry,Not Raining,Daylight,Rear End,No Control
Driver,Male,20,Driver,NotFatal,Worn,Small,Full,1,2 Metropolitan,3,off-peak,60,Cross Road,Straight road,Level,Dry,Not Raining,Daylight,Rear End,Traffic Signals
Driver,Female,24,Driver,NotFatal,Worn,Small,Full,1,2 Metropolitan,3,off-peak,60,Cross Road,Straight road,Level,Dry,Not Raining,Daylight,Rear End,Traffic Signals
Rider,Male,27,NotApplicable,NotFatal,NotWorn,MCycling,NoLicence,1,2 Metropolitan,1,peak,60,T-Junction,"CURVED, VIEW OPEN",Level,Dry,Not Raining,Daylight,Roll Over,Traffic Signals
Passenger,Male,39.88915925,Rear Seat Left Passenger,NotFatal,NotWorn,Medium,NoLicence,3,2 Metropolitan,2,peak,60,Cross Road,Straight road,Level,Dry,Not Raining,Night,Rear End,Give Way Sign
Driver,Male,18,Driver,NotFatal,Worn,Small,Provisional 1 ,2,2 Metropolitan,2,off-peak,70,Not Divided,"CURVED, VIEW OBSCURED",Slope,Dry,Not Raining,Daylight,Roll Over,No Control
Driver,Male,21,Driver,NotFatal,Worn,Medium,Full,1,2 Metropolitan,2,off-peak,90,T-Junction,"CURVED, VIEW OPEN",Slope,Dry,Not Raining,Daylight,Head On,Give Way Sign
Driver,Male,20,Driver,NotFatal,Unknown,Utility,Provisional 2,1,3 Country,1,off-peak,110,Not Divided,Straight road,Level,Unknown,Unknown,Night,Roll Over,No Control
Driver,Male,54,Driver,NotFatal,Worn,Medium,Full,1,2 Metropolitan,2,peak,60,Cross Road,Straight road,Level,Dry,Not Raining,Night,Right Angle,Stop Sign
Driver,Female,38,Driver,NotFatal,Worn,Utility,Full,3,3 Country,1,off-peak,100,Not Divided,Straight road,Slope,Dry,Not Raining,Daylight,Roll Over,No Control
Passenger,Male,39,Front Seat Left Passenger,NotFatal,NotWorn,Utility,NoLicence,3,3 Country,1,off-peak,100,Not Divided,Straight road,Slope,Dry,Not Raining,Daylight,Roll Over,No Control
Passenger,Male,1,Rear Seat Left Passenger,NotFatal,NotWorn,Utility,NoLicence,3,3 Country,1,off-peak,100,Not Divided,Straight road,Slope,Dry,Not Raining,Daylight,Roll Over,No Control
Driver,Female,42,Driver,NotFatal,Worn,Small,Full,1,2 Metropolitan,1,off-peak,60,Not Divided,"CURVED, VIEW OPEN",Level,Dry,Not Raining,Daylight,Roll Over,No Control
Passenger,Female,19,Front Seat Left Passenger,NotFatal,NotWorn,Medium,NoLicence,2,2 Metropolitan,3,off-peak,80,Not Divided,"CURVED, VIEW OBSCURED",Slope,Dry,Not Raining,Daylight,Hit Fixed Object,No Control
Driver,Female,21,Driver,NotFatal,Worn,Small,Full,1,3 Country,2,off-peak,80,Not Divided,Straight road,Level,Dry,Not Raining,Night,Roll Over,No Control
Driver,Female,37,Driver,NotFatal,Worn,Small,Full,1,1 City,3,peak,50,T-Junction,"CURVED, VIEW OPEN",Level,Dry,Not Raining,Daylight,Rear End,Give Way Sign
Driver,Female,30,Driver,NotFatal,Worn,Small,Full,1,3 Country,2,off-peak,80,T-Junction,Straight road,Level,Dry,Not Raining,Daylight,Rear End,No Control
Driver,Female,50,Driver,NotFatal,Worn,Small,Full,1,3 Country,2,off-peak,80,T-Junction,Straight road,Level,Dry,Not Raining,Daylight,Rear End,No Control
Rider,Male,15,NotApplicable,NotFatal,NotWorn,PCycling,NoLicence,1,3 Country,2,off-peak,100,Not Divided,Straight road,Level,Dry,Not Raining,Daylight,Right Angle,No Control
Pedestrian,Female,39.88915925,NotApplicable,NotFatal,NotWorn,Pedestrian on Road,NoLicence,1,2 Metropolitan,2,peak,60,T-Junction,Straight road,Level,Dry,Not Raining,Daylight,Hit Pedestrian,Traffic Signals
Rider,Male,55,NotApplicable,NotFatal,NotWorn,MCycling,NoLicence,1,2 Metropolitan,2,peak,60,T-Junction,Straight road,Level,Dry,Not Raining,Night,Right Turn,Give Way Sign
Passenger,Female,54,Passenger of Motorcycle,NotFatal,NotWorn,MCycling,NoLicence,2,2 Metropolitan,2,off-peak,80,T-Junction,Straight road,Slope,Dry,Not Raining,Daylight,Rear End,Stop Sign
Rider,Male,23,NotApplicable,NotFatal,NotWorn,MCycling,NoLicence,1,2 Metropolitan,2,off-peak,60,T-Junction,Straight road,Level,Dry,Not Raining,Night,Right Angle,No Control
Driver,Male,81,Driver,Fatal,Worn,Small,Full,1,2 Metropolitan,2,peak,60,Cross Road,Straight road,Level,Dry,Not Raining,Daylight,Right Turn,Traffic Signals
Driver,Male,34,Driver,NotFatal,Worn,Small,Full,1,2 Metropolitan,2,off-peak,60,Not Divided,Straight road,Level,Dry,Not Raining,Night,Rear End,No Control
Driver,Female,50,Driver,NotFatal,Worn,Utility,Full,1,2 Metropolitan,2,off-peak,60,Not Divided,Straight road,Level,Dry,Not Raining,Night,Rear End,No Control
Pedestrian,Female,29,NotApplicable,NotFatal,NotWorn,Pedestrian on Road,NoLicence,1,1 City,2,off-peak,50,Cross Road,Straight road,Level,Dry,Not Raining,Daylight,Hit Pedestrian,Traffic Signals
Rider,Male,39.88915925,NotApplicable,NotFatal,NotWorn,PCycling,NoLicence,1,1 City,2,peak,50,T-Junction,Straight road,Level,Dry,Not Raining,Night,Right Angle,No Control
Driver,Male,44,Driver,NotFatal,Worn,Small,Full,1,2 Metropolitan,4,off-peak,90,Divided Road,Straight road,Level,Dry,Not Raining,Night,Rear End,No Control
Driver,Female,92,Driver,NotFatal,Worn,Small,Full,1,2 Metropolitan,2,off-peak,60,Cross Road,Straight road,Level,Wet,Raining,Daylight,Right Turn,Traffic Signals
Pedestrian,Female,39.88915925,NotApplicable,NotFatal,NotWorn,Pedestrian on Road,NoLicence,1,2 Metropolitan,2,off-peak,60,Cross Road,"CURVED, VIEW OPEN",Level,Wet,Not Raining,Daylight,Hit Pedestrian,Roundabout
Driver,Female,73,Driver,NotFatal,Worn,Small,Full,1,2 Metropolitan,2,peak,70,Cross Road,Straight road,Level,Dry,Not Raining,Daylight,Right Turn,Traffic Signals
Driver,Female,20,Driver,NotFatal,Worn,Medium,Full,1,2 Metropolitan,3,off-peak,60,Pedestrian Crossing,Straight road,Level,Wet,Not Raining,Daylight,Rear End,Traffic Signals
Driver,Female,64,Driver,NotFatal,Worn,Medium,Full,3,2 Metropolitan,3,off-peak,60,Divided Road,Straight road,Level,Dry,Not Raining,Daylight,Rear End,No Control
Passenger,Female,46,Front Seat Left Passenger,NotFatal,NotWorn,Medium,NoLicence,3,2 Metropolitan,3,off-peak,60,Divided Road,Straight road,Level,Dry,Not Raining,Daylight,Rear End,No Control
Driver,Female,28,Driver,NotFatal,Worn,Medium,Full,1,2 Metropolitan,3,off-peak,80,Divided Road,Straight road,Level,Wet,Raining,Daylight,Rear End,No Control
Driver,Male,74,Driver,NotFatal,Worn,Medium,Full,1,2 Metropolitan,3,off-peak,80,Divided Road,Straight road,Level,Wet,Raining,Daylight,Rear End,No Control
Passenger,Female,52,Front Seat Left Passenger,NotFatal,NotWorn,Medium,NoLicence,2,2 Metropolitan,2,peak,60,Cross Road,Straight road,Level,Dry,Not Raining,Daylight,Right Turn,Traffic Signals