cas_type,cas_gender,cas_age,cas_pos_in_veh,fatality,seat_belt,unit_type,lic_type,n_occupants,stat_area,total_units,time,area_speed,acc_pos,hor_align,ver_align,moist_cond,wea_cond,dayNight,crash_type,traf_ctrls
Driver,Female,32,Driver,NotFatal,Worn,Small,Full,1,2 Metropolitan,2,off-peak,80,Not Divided,Straight road,Slope,Dry,Not Raining,Daylight,Hit Fixed Object,No Control
Driver,Male,61,Driver,NotFatal,Worn,Medium,Full,1,2 Metropolitan,3,off-peak,50,Cross Road,Straight road,Level,Dry,Not Raining,Daylight,Hit Parked Vehicle,Traffic Signals
Driver,Male,53,Driver,NotFatal,Worn,MCycling,Full,2,2 Metropolitan,3,peak,50,Not Divided,Straight road,Level,Dry,Not Raining,Daylight,Rear End,No Control
Rider,Male,13,NotApplicable,NotFatal,NotWorn,PCycling,NoLicence,1,2 Metropolitan,1,off-peak,50,Not Divided,Straight road,Level,Dry,Not Raining,Daylight,Roll Over,No Control
Passenger,Female,15,Rear Seat Middle Passenger,NotFatal,NotWorn,Small,NoLicence,3,2 Metropolitan,2,off-peak,80,Not Divided,"CURVED, VIEW OBSCURED",Slope,Dry,Not Raining,Night,Hit Fixed Object,No Control
Driver,Female,60,Driver,NotFatal,Worn,Small,Full,1,3 Country,3,off-peak,50,Not Divided,"CURVED, VIEW OPEN",Level,Dry,Not Raining,Daylight,Hit Parked Vehicle,No Control
Passenger,Male,8,Front Seat Left Passenger,NotFatal,NotWorn,Small,NoLicence,3,2 Metropolitan,4,peak,80,Not Divided,Straight road,Slope,Dry,Not Raining,Daylight,Rear End,No Control
Passenger,Male,9,Rear Seat Left Passenger,NotFatal,NotWorn,Small,NoLicence,3,2 Metropolitan,4,peak,80,Not Divided,Straight road,Slope,Dry,Not Raining,Daylight,Rear End,No Control
Driver,Male,84,Driver,Fatal,Unknown,Medium,Full,1,2 Metropolitan,1,off-peak,15,Not Divided,Straight road,Slope,Dry,Not Raining,Daylight,Left Road - Out of Control,No Control
Rider,Male,45,NotApplicable,NotFatal,NotWorn,PCycling,NoLicence,1,2 Metropolitan,2,peak,60,T-Junction,Straight road,Level,Dry,Not Raining,Daylight,Side Swipe,No Control
Rider,Male,75,NotApplicable,NotFatal,NotWorn,PCycling,NoLicence,1,2 Metropolitan,2,peak,50,Not Divided,Straight road,Level,Dry,Not Raining,Daylight,Hit Object on Road,No Control
Driver,Female,22,Driver,NotFatal,Worn,Utility,Full,1,2 Metropolitan,2,peak,50,Not Divided,Straight road,Slope,Dry,Not Raining,Daylight,Rear End,No Control
Driver,Female,45,Driver,NotFatal,Worn,Small,Full,1,2 Metropolitan,3,off-peak,80,Divided Road,Straight road,Level,Dry,Not Raining,Night,Side Swipe,No Control
Driver,Female,33,Driver,NotFatal,Worn,Small,Full,1,3 Country,2,peak,60,T-Junction,Straight road,Level,Dry,Not Raining,Daylight,Right Angle,No Control
Rider,Male,44,NotApplicable,NotFatal,NotWorn,PCycling,NoLicence,1,2 Metropolitan,2,off-peak,50,T-Junction,Straight road,Level,Dry,Not Raining,Daylight,Right Angle,Give Way Sign
Driver,Female,27,Driver,NotFatal,Worn,Small,Full,1,2 Metropolitan,5,off-peak,60,Pedestrian Crossing,Straight road,Level,Dry,Not Raining,Daylight,Hit Pedestrian,Traffic Signals
Pedestrian,Female,9,NotApplicable,NotFatal,NotWorn,Pedestrian on Road,NoLicence,1,2 Metropolitan,2,off-peak,50,Not Divided,Straight road,Level,Dry,Not Raining,Daylight,Hit Pedestrian,No Control
Driver,Male,26,Driver,NotFatal,Worn,Medium,Provisional 1 ,1,2 Metropolitan,2,peak,60,Not Divided,"CURVED, VIEW OPEN",Slope,Dry,Not Raining,Daylight,Hit Fixed Object,No Control
Driver,Female,29,Driver,NotFatal,Worn,Small,Full,1,2 Metropolitan,2,off-peak,60,Divided Road,Straight road,Level,Dry,Not Raining,Night,Rear End,No Control
Driver,Female,55,Driver,NotFatal,Worn,Small,Full,1,2 Metropolitan,2,off-peak,50,Cross Road,Straight road,Level,Dry,Not Raining,Daylight,Rear End,Stop Sign
Driver,Male,46,Driver,NotFatal,Unknown,Utility,Full,1,2 Metropolitan,4,off-peak,90,Freeway,Straight road,Slope,Dry,Not Raining,Daylight,Rear End,No Control
Driver,Female,25,Driver,NotFatal,Worn,Medium,Full,1,2 Metropolitan,2,off-peak,60,T-Junction,Straight road,Level,Dry,Not Raining,Daylight,Rear End,Traffic Signals
Rider,Male,39.88915925,NotApplicable,NotFatal,NotWorn,PCycling,NoLicence,1,3 Country,2,off-peak,60,T-Junction,Straight road,Level,Dry,Not Raining,Daylight,Right Angle,No Control
Driver,Female,42,Driver,NotFatal,Worn,Medium,Full,1,2 Metropolitan,2,off-peak,60,Cross Road,Straight road,Level,Dry,Not Raining,Night,Rear End,Traffic Signals
Driver,Female,52,Driver,NotFatal,Worn,Small,Full,1,2 Metropolitan,3,peak,60,Cross Road,Straight road,Level,Dry,Not Raining,Daylight,Rear End,Traffic Signals
Driver,Male,70,Driver,NotFatal,Worn,Small,Full,1,2 Metropolitan,3,off-peak,50,Not Divided,Straight road,Level,Dry,Not Raining,Daylight,Hit Parked Vehicle,No Control
Driver,Female,24,Driver,NotFatal,Worn,Small,Full,1,2 Metropolitan,2,off-peak,60,Not Divided,Straight road,Level,Dry,Not Raining,Daylight,Side Swipe,No Control
Driver,Male,60,Driver,NotFatal,Worn,Small,Full,1,2 Metropolitan,2,peak,60,Divided Road,Straight road,Level,Dry,Not Raining,Daylight,Rear End,No Control
Rider,Male,42,NotApplicable,NotFatal,NotWorn,MCycling,NoLicence,1,2 Metropolitan,2,off-peak,60,T-Junction,Straight road,Slope,Dry,Not Raining,Daylight,Right Angle,Give Way Sign
Rider,Male,11,NotApplicable,NotFatal,NotWorn,PCycling,NoLicence,1,1 City,2,peak,50,Cross Road,Straight road,Level,Dry,Not Raining,Daylight,Side Swipe,Traffic Signals
Driver,Male,52,Driver,NotFatal,Worn,Medium,Full,1,2 Metropolitan,2,off-peak,60,T-Junction,Straight road,Level,Dry,Not Raining,Daylight,Right Turn,No Control
Driver,Male,67,Driver,NotFatal,Worn,Small,Full,2,2 Metropolitan,2,off-peak,60,Not Divided,Straight road,Level,Dry,Not Raining,Daylight,Rear End,No Control
Rider,Male,58,NotApplicable,NotFatal,NotWorn,PCycling,NoLicence,1,2 Metropolitan,2,off-peak,60,Not Divided,Straight road,Level,Dry,Not Raining,Daylight,Side Swipe,No Control
Driver,Male,35,Driver,NotFatal,Worn,Small,Full,1,2 Metropolitan,3,off-peak,60,Cross Road,Straight road,Level,Dry,Not Raining,Daylight,Rear End,Traffic Signals
Driver,Female,41,Driver,NotFatal,Worn,Small,Full,1,2 Metropolitan,3,off-peak,60,Not Divided,Straight road,Level,Dry,Not Raining,Daylight,Rear End,No Control
Driver,Male,39,Driver,NotFatal,Worn,Utility,Full,1,2 Metropolitan,3,off-peak,60,Not Divided,Straight road,Level,Dry,Not Raining,Daylight,Rear End,No Control
Driver,Female,57,Driver,NotFatal,Worn,Small,Full,1,3 Country,2,off-peak,50,T-Junction,Straight road,Level,Dry,Not Raining,Daylight,Right Angle,No Control
Rider,Male,57,NotApplicable,NotFatal,NotWorn,MCycling,NoLicence,1,2 Metropolitan,2,peak,60,Cross Road,Straight road,Level,Dry,Not Raining,Daylight,Right Angle,Stop Sign
Driver,Female,26,Driver,NotFatal,Worn,Small,Unlicenced,1,2 Metropolitan,2,peak,50,Cross Road,Straight road,Level,Dry,Not Raining,Daylight,Right Angle,Stop Sign
Driver,Male,36,Driver,NotFatal,Worn,Small,Full,1,2 Metropolitan,2,off-peak,60,Divided Road,Straight road,Level,Dry,Not Raining,Daylight,Hit Parked Vehicle,No Control
Driver,Female,39,Driver,NotFatal,Worn,Small,Full,1,2 Metropolitan,2,off-peak,60,Cross Road,Straight road,Level,Dry,Not Raining,Daylight,Right Turn,Traffic Signals
Rider,Male,39.88915925,NotApplicable,NotFatal,NotWorn,PCycling,NoLicence,1,2 Metropolitan,2,peak,60,Cross Road,Straight road,Level,Dry,Not Raining,Daylight,Right Turn,Traffic Signals
Driver,Female,30,Driver,NotFatal,Worn,Medium,Full,1,2 Metropolitan,2,off-peak,60,T-Junction,Straight road,Level,Dry,Not Raining,Night,Rear End,Traffic Signals
Driver,Male,21,Driver,NotFatal,Worn,Small,Full,2,2 Metropolitan,2,off-peak,60,Not Divided,Straight road,Level,Dry,Not Raining,Daylight,Side Swipe,No Control
Passenger,Male,26,Front Seat Left Passenger,NotFatal,NotWorn,Small,NoLicence,2,2 Metropolitan,2,off-peak,60,Not Divided,Straight road,Level,Dry,Not Raining,Daylight,Side Swipe,No Control
Driver,Female,21,Driver,NotFatal,Worn,Small,Provisional 2,1,2 Metropolitan,2,off-peak,60,Not Divided,Straight road,Slope,Dry,Not Raining,Night,Hit Fixed Object,No Control
Driver,Male,23,Driver,NotFatal,Worn,Small,Full,1,2 Metropolitan,2,off-peak,60,T-Junction,Straight road,Level,Dry,Not Raining,Daylight,Right Angle,No Control
Driver,Male,39,Driver,NotFatal,Worn,Small,Full,1,2 Metropolitan,2,off-peak,80,Not Divided,Straight road,Slope,Dry,Not Raining,Night,Hit Fixed Object,No Control
Driver,Female,50,Driver,NotFatal,Worn,Utility,Full,1,3 Country,3,peak,50,Cross Road,Straight road,Level,Dry,Not Raining,Daylight,Right Angle,Stop Sign
Rider,Male,38,NotApplicable,NotFatal,NotWorn,MCycling,NoLicence,1,2 Metropolitan,2,off-peak,50,Cross Road,Straight road,Level,Dry,Not Raining,Daylight,Right Turn,Traffic Signals
Rider,Male,14,NotApplicable,NotFatal,NotWorn,PCycling,NoLicence,1,2 Metropolitan,1,peak,50,Not Divided,Straight road,Level,Dry,Not Raining,Daylight,Roll Over,No Control
Driver,Female,72,Driver,NotFatal,Worn,Small,Full,1,2 Metropolitan,3,off-peak,60,T-Junction,"CURVED, VIEW OPEN",Slope,Dry,Not Raining,Daylight,Right Turn,Give Way Sign
Passenger,Female,84,Front Seat Left Passenger,NotFatal,NotWorn,Medium,NoLicence,2,2 Metropolitan,2,off-peak,80,Not Divided,Straight road,Slope,Dry,Not Raining,Daylight,Hit Fixed Object,No Control
Driver,Male,21,Driver,NotFatal,Worn,Utility,Full,2,3 Country,1,peak,100,T-Junction,"CURVED, VIEW OPEN",Crest of Hill,Dry,Not Raining,Daylight,Roll Over,Give Way Sign
Passenger,Female,19,Front Seat Left Passenger,NotFatal,NotWorn,Utility,NoLicence,2,3 Country,1,peak,100,T-Junction,"CURVED, VIEW OPEN",Crest of Hill,Dry,Not Raining,Daylight,Roll Over,Give Way Sign
Driver,Female,35,Driver,NotFatal,Worn,Small,Full,1,2 Metropolitan,2,off-peak,40,Not Divided,Straight road,Level,Dry,Not Raining,Daylight,Side Swipe,No Control
Rider,Male,66,NotApplicable,NotFatal,NotWorn,MCycling,NoLicence,1,2 Metropolitan,2,off-peak,80,T-Junction,Straight road,Bottom of Hill,Dry,Not Raining,Daylight,Rear End,No Control
Driver,Female,74,Driver,NotFatal,Worn,Small,Full,3,2 Metropolitan,2,off-peak,60,Divided Road,Straight road,Level,Dry,Not Raining,Daylight,Rear End,No Control
Passenger,Female,85,Front Seat Left Passenger,NotFatal,NotWorn,Small,NoLicence,3,2 Metropolitan,2,off-peak,60,Divided Road,Straight road,Level,Dry,Not Raining,Daylight,Rear End,No Control
Passenger,Female,86,Rear Seat Left Passenger,NotFatal,NotWorn,Small,NoLicence,3,2 Metropolitan,2,off-peak,60,Divided Road,Straight road,Level,Dry,Not Raining,Daylight,Rear End,No Control
Driver,Female,24,Driver,NotFatal,Worn,Small,Full,3,2 Metropolitan,2,off-peak,50,Not Divided,"CURVED, VIEW OPEN",Level,Dry,Not Raining,Daylight,Head On,No Control
Driver,Female,44,Driver,NotFatal,Worn,Medium,Full,5,3 Country,1,off-peak,110,Not Divided,Straight road,Level,Dry,Not Raining,Daylight,Roll Over,No Control
Passenger,Female,12,Rear Seat Left Passenger,NotFatal,NotWorn,Medium,NoLicence,5,3 Country,1,off-peak,110,Not Divided,Straight road,Level,Dry,Not Raining,Daylight,Roll Over,No Control
Rider,Male,28,NotApplicable,NotFatal,NotWorn,PCycling,NoLicence,1,2 Metropolitan,3,peak,60,T-Junction,Straight road,Level,Dry,Not Raining,Daylight,Side Swipe,No Control
Driver,Female,19,Driver,NotFatal,Worn,Small,Provisional 2,1,2 Metropolitan,2,off-peak,60,Divided Road,Straight road,Level,Dry,Not Raining,Daylight,Right Angle,No Control
Rider,Male,94,NotApplicable,NotFatal,NotWorn,PCycling,NoLicence,1,2 Metropolitan,1,off-peak,40,Not Divided,Straight road,Level,Dry,Not Raining,Daylight,Roll Over,No Control
Driver,Female,22,Driver,NotFatal,Unknown,Small,Provisional 2,1,2 Metropolitan,2,peak,80,Divided Road,"CURVED, VIEW OBSCURED",Crest of Hill,Dry,Not Raining,Daylight,Side Swipe,No Control
Passenger,Male,4,Rear Seat Left Passenger,NotFatal,NotWorn,Medium,NoLicence,3,2 Metropolitan,3,off-peak,60,Divided Road,Straight road,Level,Dry,Not Raining,Night,Rear End,No Control
Passenger,Female,10,Rear Seat Right Passenger,NotFatal,NotWorn,Medium,NoLicence,3,2 Metropolitan,3,off-peak,60,Divided Road,Straight road,Level,Dry,Not Raining,Night,Rear End,No Control
Rider,Male,54,NotApplicable,NotFatal,NotWorn,MCycling,NoLicence,1,2 Metropolitan,2,peak,50,Cross Road,Straight road,Level,Dry,Not Raining,Daylight,Right Angle,Roundabout
Driver,Female,34,Driver,NotFatal,Worn,Small,Full,1,2 Metropolitan,2,off-peak,60,Not Divided,Straight road,Level,Dry,Not Raining,Night,Hit Fixed Object,No Control
Driver,Female,30,Driver,NotFatal,Worn,Small,Full,1,2 Metropolitan,3,off-peak,70,Divided Road,Straight road,Slope,Wet,Not Raining,Daylight,Rear End,No Control
Driver,Female,58,Driver,NotFatal,Worn,Small,Full,1,2 Metropolitan,3,off-peak,70,Divided Road,Straight road,Slope,Wet,Not Raining,Daylight,Rear End,No Control
Passenger,Female,62,Rear Seat Right Passenger,NotFatal,NotWorn,Small,NoLicence,3,2 Metropolitan,2,off-peak,50,Cross Road,Straight road,Level,Dry,Not Raining,Daylight,Right Angle,Give Way Sign
Driver,Male,87,Driver,NotFatal,Worn,Small,Full,1,1 City,2,off-peak,60,Cross Road,Straight road,Level,Dry,Not Raining,Daylight,Right Turn,Traffic Signals
Driver,Female,56,Driver,NotFatal,Worn,Small,Full,2,2 Metropolitan,3,peak,60,Divided Road,Straight road,Level,Dry,Not Raining,Daylight,Rear End,No Control
Passenger,Female,79,Front Seat Left Passenger,NotFatal,NotWorn,Small,NoLicence,2,2 Metropolitan,4,off-peak,60,Divided Road,Straight road,Level,Dry,Not Raining,Daylight,Rear End,No Control
Driver,Female,37,Driver,NotFatal,Worn,Small,Full,1,2 Metropolitan,4,off-peak,60,Divided Road,Straight road,Level,Dry,Not Raining,Daylight,Rear End,No Control
Driver,Male,84,Driver,NotFatal,Worn,Small,Full,1,2 Metropolitan,4,off-peak,60,Cross Road,Straight road,Level,Dry,Not Raining,Daylight,Right Angle,Traffic Signals
Passenger,Female,13,Rear Seat Left Passenger,NotFatal,NotWorn,Medium,NoLicence,3,2 Metropolitan,4,off-peak,80,T-Junction,Straight road,Level,Dry,Not Raining,Daylight,Rear End,Traffic Signals
Driver,Male,27,Driver,NotFatal,Worn,Small,Full,1,2 Metropolitan,4,off-peak,80,T-Junction,Straight road,Level,Dry,Not Raining,Daylight,Rear End,Traffic Signals
Pedestrian,Female,47,NotApplicable,NotFatal,NotWorn,Wheelchair,NoLicence,1,2 Metropolitan,2,peak,60,T-Junction,Straight road,Level,Dry,Not Raining,Daylight,Hit Pedestrian,Stop Sign
Driver,Female,27,Driver,NotFatal,Worn,Medium,Full,2,2 Metropolitan,2,peak,50,T-Junction,Straight road,Level,Dry,Not Raining,Daylight,Right Angle,No Control
Rider,Male,48,NotApplicable,NotFatal,NotWorn,PCycling,NoLicence,1,2 Metropolitan,2,off-peak,50,Not Divided,Straight road,Level,Dry,Not Raining,Night,Side Swipe,No Control
Driver,Female,21,Driver,NotFatal,Worn,Small,Full,2,2 Metropolitan,2,off-peak,60,Cross Road,Straight road,Level,Dry,Not Raining,Night,Right Angle,Give Way Sign
Passenger,Female,38,Front Seat Left Passenger,NotFatal,NotWorn,Small,NoLicence,2,2 Metropolitan,2,off-peak,60,Cross Road,Straight road,Level,Dry,Not Raining,Night,Right Angle,Give Way Sign
Pedestrian,Female,47,NotApplicable,NotFatal,NotWorn,Pedestrian on Road,NoLicence,1,1 City,3,off-peak,50,Cross Road,Straight road,Level,Dry,Not Raining,Night,Hit Pedestrian,Stop Sign
Pedestrian,Female,23,NotApplicable,NotFatal,NotWorn,Pedestrian on Road,NoLicence,1,1 City,3,off-peak,50,Cross Road,Straight road,Level,Dry,Not Raining,Night,Hit Pedestrian,Stop Sign
Driver,Female,25,Driver,NotFatal,Worn,Small,Full,2,2 Metropolitan,3,off-peak,60,Cross Road,Straight road,Level,Dry,Not Raining,Night,Rear End,Traffic Signals
Passenger,Female,28,Front Seat Left Passenger,NotFatal,NotWorn,Small,NoLicence,2,2 Metropolitan,3,off-peak,60,Cross Road,Straight road,Level,Dry,Not Raining,Night,Rear End,Traffic Signals
Driver,Male,18,Driver,NotFatal,Worn,Small,Provisional 2,1,2 Metropolitan,2,off-peak,110,Freeway,Straight road,Level,Dry,Not Raining,Night,Head On,No Control
Driver,Male,27,Driver,NotFatal,Worn,Small,Provisional 2,1,2 Metropolitan,2,off-peak,110,Freeway,Straight road,Level,Dry,Not Raining,Night,Head On,No Control
Driver,Female,59,Driver,NotFatal,Worn,Small,Full,1,1 City,2,peak,50,Divided Road,Straight road,Level,Dry,Not Raining,Daylight,Side Swipe,No Control
Driver,Female,39,Driver,NotFatal,Worn,Small,Full,1,2 Metropolitan,2,off-peak,60,T-Junction,Straight road,Level,Dry,Not Raining,Daylight,Rear End,No Control
Pedestrian,Female,92,NotApplicable,NotFatal,NotWorn,Pedestrian on Road,NoLicence,1,2 Metropolitan,2,off-peak,50,T-Junction,Straight road,Level,Dry,Not Raining,Daylight,Hit Pedestrian,No Control
Driver,Female,29,Driver,NotFatal,Worn,Small,Full,2,2 Metropolitan,2,off-peak,60,Divided Road,Straight road,Level,Dry,Not Raining,Daylight,Rear End,No Control
Rider,Male,42,NotApplicable,NotFatal,NotWorn,MCycling,NoLicence,2,2 Metropolitan,2,off-peak,80,Divided Road,Straight road,Level,Dry,Not Raining,Daylight,Side Swipe,No Control
Passenger,Female,45,Passenger of Motorcycle,NotFatal,NotWorn,MCycling,NoLicence,2,2 Metropolitan,2,off-peak,80,Divided Road,Straight road,Level,Dry,Not Raining,Daylight,Side Swipe,No Control
Driver,Male,29,Driver,NotFatal,Worn,Small,Full,2,2 Metropolitan,2,off-peak,50,Not Divided,Straight road,Level,Dry,Not Raining,Daylight,Right Angle,No Control
Pedestrian,Male,18,NotApplicable,NotFatal,NotWorn,Pedestrian on Road,NoLicence,1,2 Metropolitan,2,off-peak,60,T-Junction,Straight road,Level,Dry,Not Raining,Daylight,Hit Pedestrian,Traffic Signals
Driver,Male,28,Driver,NotFatal,Unknown,Utility,Full,1,3 Country,3,off-peak,100,Not Divided,"CURVED, VIEW OBSCURED",Crest of Hill,Wet,Raining,Night,Hit Fixed Object,No Control
Rider,Male,26,NotApplicable,NotFatal,NotWorn,MCycling,NoLicence,1,3 Country,1,off-peak,50,Not Divided,Straight road,Level,Dry,Not Raining,Night,Roll Over,No Control
Driver,Male,18,Driver,NotFatal,Worn,Small,Provisional 1 ,2,3 Country,2,off-peak,50,Not Divided,Straight road,Slope,Dry,Not Raining,Daylight,Hit Parked Vehicle,No Control
Passenger,Female,18,Front Seat Left Passenger,NotFatal,NotWorn,Small,NoLicence,2,3 Country,2,off-peak,50,Not Divided,Straight road,Slope,Dry,Not Raining,Daylight,Hit Parked Vehicle,No Control
Driver,Female,45,Driver,NotFatal,Worn,Medium,Full,1,2 Metropolitan,2,off-peak,50,Divided Road,Straight road,Level,Dry,Not Raining,Daylight,Head On,No Control
Driver,Male,17,Driver,NotFatal,Worn,Small,Provisional 2,1,2 Metropolitan,2,off-peak,100,Divided Road,Straight road,Level,Dry,Not Raining,Night,Hit Fixed Object,No Control
Driver,Female,21,Driver,NotFatal,Worn,Small,Full,2,2 Metropolitan,2,off-peak,60,T-Junction,Straight road,Level,Dry,Not Raining,Night,Right Angle,Stop Sign
Passenger,Male,21,Front Seat Left Passenger,NotFatal,NotWorn,Small,NoLicence,2,2 Metropolitan,2,off-peak,60,T-Junction,Straight road,Level,Dry,Not Raining,Night,Right Angle,Stop Sign
Passenger,Male,21,Front Seat Left Passenger,NotFatal,NotWorn,Medium,NoLicence,2,3 Country,1,off-peak,100,Not Divided,"CURVED, VIEW OPEN",Level,Dry,Not Raining,Daylight,Roll Over,No Control
Rider,Male,39.88915925,NotApplicable,NotFatal,NotWorn,MCycling,NoLicence,1,2 Metropolitan,2,off-peak,50,Not Divided,Straight road,Level,Dry,Not Raining,Night,Hit Fixed Object,No Control
Driver,Male,63,Driver,NotFatal,Worn,Utility,Full,2,2 Metropolitan,3,off-peak,50,Cross Road,"CURVED, VIEW OPEN",Slope,Dry,Not Raining,Daylight,Rear End,Roundabout
Driver,Male,27,Driver,NotFatal,Worn,Small,Full,3,2 Metropolitan,2,off-peak,80,Not Divided,"CURVED, VIEW OBSCURED",Level,Dry,Not Raining,Night,Hit Fixed Object,No Control
Passenger,Female,27,Front Seat Left Passenger,NotFatal,NotWorn,Small,NoLicence,3,2 Metropolitan,2,off-peak,80,Not Divided,"CURVED, VIEW OBSCURED",Level,Dry,Not Raining,Night,Hit Fixed Object,No Control
Passenger,Female,27,Rear Seat Left Passenger,NotFatal,NotWorn,Small,NoLicence,3,2 Metropolitan,2,off-peak,80,Not Divided,"CURVED, VIEW OBSCURED",Level,Dry,Not Raining,Night,Hit Fixed Object,No Control
Rider,Male,15,NotApplicable,NotFatal,NotWorn,PCycling,NoLicence,1,2 Metropolitan,2,off-peak,60,T-Junction,Straight road,Level,Dry,Not Raining,Daylight,Side Swipe,Traffic Signals
Driver,Male,60,Driver,NotFatal,Worn,Medium,Full,1,2 Metropolitan,2,off-peak,50,T-Junction,"CURVED, VIEW OBSCURED",Level,Dry,Not Raining,Daylight,Hit Fixed Object,No Control
Passenger,Female,58,Front Seat Left Passenger,NotFatal,NotWorn,Small,NoLicence,2,1 City,2,off-peak,50,Cross Road,Straight road,Level,Dry,Not Raining,Night,Rear End,Traffic Signals
Rider,Male,29,NotApplicable,NotFatal,NotWorn,MCycling,NoLicence,1,2 Metropolitan,1,off-peak,70,Not Divided,"CURVED, VIEW OBSCURED",Slope,Dry,Not Raining,Daylight,Roll Over,No Control
Driver,Male,35,Driver,NotFatal,Unknown,Medium,Full,1,2 Metropolitan,2,off-peak,50,T-Junction,"CURVED, VIEW OPEN",Slope,Dry,Not Raining,Daylight,Hit Fixed Object,No Control
Driver,Female,55,Driver,NotFatal,Worn,Small,Full,1,2 Metropolitan,2,off-peak,60,Divided Road,Straight road,Level,Dry,Not Raining,Daylight,Head On,No Control
Driver,Male,22,Driver,NotFatal,Worn,Small,Provisional 1 ,1,2 Metropolitan,2,off-peak,60,Divided Road,Straight road,Level,Dry,Not Raining,Daylight,Head On,No Control
Passenger,Female,76,Front Seat Left Passenger,NotFatal,NotWorn,Medium,NoLicence,2,2 Metropolitan,2,off-peak,60,Multiple,"CURVED, VIEW OPEN",Level,Dry,Not Raining,Daylight,Right Angle,Roundabout
Driver,Female,73,Driver,NotFatal,Worn,Small,Full,1,2 Metropolitan,2,off-peak,80,T-Junction,Straight road,Level,Dry,Not Raining,Daylight,Right Turn,Give Way Sign
Driver,Female,45,Driver,NotFatal,Worn,Medium,Full,3,2 Metropolitan,2,off-peak,80,T-Junction,Straight road,Level,Dry,Not Raining,Daylight,Right Turn,Give Way Sign
Rider,Male,27,NotApplicable,NotFatal,NotWorn,MCycling,NoLicence,1,2 Metropolitan,2,off-peak,60,Divided Road,Straight road,Level,Dry,Not Raining,Daylight,Side Swipe,No Control
Passenger,Female,78,Front Seat Left Passenger,NotFatal,NotWorn,Small,NoLicence,2,2 Metropolitan,2,off-peak,50,Not Divided,Straight road,Level,Dry,Not Raining,Daylight,Rear End,No Control
Driver,Female,28,Driver,NotFatal,Worn,Small,Full,2,1 City,2,off-peak,50,Cross Road,Straight road,Level,Dry,Not Raining,Daylight,Rear End,Traffic Signals
Driver,Male,39.88915925,Driver,NotFatal,Unknown,Small,Unlicenced,1,2 Metropolitan,2,off-peak,60,T-Junction,Straight road,Level,Dry,Not Raining,Daylight,Hit Fixed Object,No Control
Rider,Male,48,NotApplicable,NotFatal,NotWorn,MCycling,NoLicence,1,3 Country,1,peak,40,Other,Straight road,Level,Dry,Not Raining,Daylight,Roll Over,No Control
Driver,Male,39.88915925,Driver,NotFatal,Worn,Medium,Full,1,3 Country,2,off-peak,100,Not Divided,Straight road,Slope,Dry,Not Raining,Daylight,Hit Fixed Object,No Control
Driver,Female,31,Driver,NotFatal,Worn,Small,Full,1,2 Metropolitan,2,off-peak,70,T-Junction,Straight road,Level,Dry,Not Raining,Night,Right Angle,No Control
Driver,Female,22,Driver,NotFatal,Worn,Small,Full,1,2 Metropolitan,2,off-peak,60,Cross Road,Straight road,Slope,Dry,Not Raining,Daylight,Right Angle,Give Way Sign
Driver,Female,52,Driver,NotFatal,Worn,Medium,Full,2,2 Metropolitan,2,off-peak,60,Freeway,Straight road,Slope,Dry,Not Raining,Daylight,Rear End,No Control
Driver,Male,33,Driver,NotFatal,Worn,Small,Full,1,2 Metropolitan,2,off-peak,50,Not Divided,Straight road,Slope,Dry,Not Raining,Daylight,Hit Fixed Object,No Control
Driver,Male,36,Driver,NotFatal,Worn,Medium,Full,6,2 Metropolitan,3,off-peak,60,Other,Straight road,Level,Dry,Not Raining,Daylight,Rear End,No Control
Driver,Male,32,Driver,NotFatal,Unknown,Small,Full,1,2 Metropolitan,3,off-peak,60,Other,Straight road,Level,Dry,Not Raining,Daylight,Rear End,No Control
Pedestrian,Male,9,NotApplicable,NotFatal,NotWorn,Pedestrian on Road,NoLicence,1,3 Country,2,peak,50,T-Junction,Straight road,Level,Dry,Not Raining,Daylight,Hit Pedestrian,No Control
Driver,Female,25,Driver,NotFatal,Unknown,Small,Full,1,2 Metropolitan,2,peak,110,Freeway,Straight road,Level,Dry,Not Raining,Daylight,Hit Parked Vehicle,No Control
Driver,Female,30,Driver,NotFatal,Worn,Medium,Full,1,2 Metropolitan,2,off-peak,70,Cross Road,Straight road,Level,Wet,Raining,Night,Right Angle,Traffic Signals
Driver,Female,17,Driver,NotFatal,Worn,Small,Provisional 1 ,3,3 Country,2,peak,80,Not Divided,"CURVED, VIEW OPEN",Slope,Dry,Not Raining,Daylight,Roll Over,No Control
Passenger,Female,16,Rear Seat Middle Passenger,NotFatal,NotWorn,Small,NoLicence,3,3 Country,2,peak,80,Not Divided,"CURVED, VIEW OPEN",Slope,Dry,Not Raining,Daylight,Roll Over,No Control
Passenger,Female,16,Front Seat Left Passenger,NotFatal,NotWorn,Small,NoLicence,3,3 Country,2,peak,80,Not Divided,"CURVED, VIEW OPEN",Slope,Dry,Not Raining,Daylight,Roll Over,No Control
Driver,Female,27,Driver,NotFatal,Worn,Medium,Full,2,3 Country,2,off-peak,110,Not Divided,Straight road,Level,Dry,Not Raining,Daylight,Hit Fixed Object,No Control
Passenger,Female,28,Front Seat Left Passenger,NotFatal,NotWorn,Medium,NoLicence,2,3 Country,2,off-peak,110,Not Divided,Straight road,Level,Dry,Not Raining,Daylight,Hit Fixed Object,No Control