cas_type,cas_gender,cas_age,cas_pos_in_veh,fatality,seat_belt,unit_type,lic_type,n_occupants,stat_area,total_units,time,area_speed,acc_pos,hor_align,ver_align,moist_cond,wea_cond,dayNight,crash_type,traf_ctrls
Rider,Male,55,NotApplicable,NotFatal,NotWorn,MCycling,NoLicence,1,3 Country,1,off-peak,100,Not Divided,"CURVED, VIEW OBSCURED",Slope,Dry,Not Raining,Daylight,Roll Over,No Control
Driver,Female,32,Driver,NotFatal,Worn,Small,Full,2,3 Country,2,off-peak,80,T-Junction,Straight road,Level,Dry,Not Raining,Daylight,Right Angle,No Control
Driver,Female,72,Driver,NotFatal,Worn,Small,Full,1,3 Country,2,off-peak,80,T-Junction,Straight road,Level,Dry,Not Raining,Daylight,Right Angle,No Control
Driver,Female,27,Driver,NotFatal,Worn,Small,Full,1,2 Metropolitan,2,peak,60,Cross Road,Straight road,Level,Wet,Raining,Daylight,Right Turn,Traffic Signals
Driver,Female,65,Driver,NotFatal,Worn,Medium,Full,1,2 Metropolitan,2,off-peak,80,Cross Road,Straight road,Slope,Dry,Not Raining,Daylight,Side Swipe,Traffic Signals
Driver,Male,27,Driver,NotFatal,Worn,Medium,Full,1,2 Metropolitan,2,peak,50,Not Divided,Straight road,Level,Dry,Not Raining,Daylight,Hit Parked Vehicle,No Control
Pedestrian,Male,7,NotApplicable,NotFatal,NotWorn,Pedestrian on Road,NoLicence,1,2 Metropolitan,2,off-peak,50,Not Divided,Straight road,Level,Dry,Not Raining,Daylight,Hit Pedestrian,No Control
Driver,Female,30,Driver,NotFatal,Worn,Medium,Full,1,2 Metropolitan,2,off-peak,50,Not Divided,Straight road,Level,Dry,Not Raining,Daylight,Rear End,No Control
Driver,Male,40,Driver,NotFatal,Worn,Small,Full,1,2 Metropolitan,2,off-peak,60,Cross Road,Straight road,Slope,Dry,Not Raining,Night,Right Turn,Traffic Signals
Driver,Female,67,Driver,NotFatal,Worn,Medium,Full,2,3 Country,1,peak,110,Not Divided,Straight road,Level,Dry,Not Raining,Daylight,Left Road - Out of Control,No Control
Passenger,Male,70,Front Seat Left Passenger,NotFatal,NotWorn,Medium,NoLicence,2,3 Country,1,peak,110,Not Divided,Straight road,Level,Dry,Not Raining,Daylight,Left Road - Out of Control,No Control
Driver,Female,17,Driver,NotFatal,Worn,Small,Provisional 1 ,1,3 Country,1,off-peak,110,Divided Road,Straight road,Level,Dry,Not Raining,Daylight,Roll Over,No Control
Driver,Male,17,Driver,NotFatal,Worn,Medium,Provisional 1 ,2,3 Country,2,off-peak,100,Not Divided,Straight road,Level,Dry,Not Raining,Night,Hit Fixed Object,No Control
Passenger,Female,38,Front Seat Left Passenger,NotFatal,NotWorn,Small,NoLicence,2,2 Metropolitan,2,off-peak,60,Cross Road,Straight road,Level,Dry,Not Raining,Daylight,Right Turn,Traffic Signals
Rider,Female,58,NotApplicable,NotFatal,NotWorn,PCycling,NoLicence,1,2 Metropolitan,2,off-peak,60,T-Junction,Straight road,Level,Dry,Not Raining,Daylight,Rear End,Stop Sign
Driver,Female,20,Driver,NotFatal,Worn,Small,Unknown,1,1 City,2,off-peak,50,Not Divided,Straight road,Level,Dry,Not Raining,Daylight,Rear End,No Control
Passenger,Female,39.88915925,Rear Seat Left Passenger,NotFatal,NotWorn,Small,NoLicence,3,2 Metropolitan,3,peak,60,T-Junction,Straight road,Level,Dry,Not Raining,Daylight,Right Turn,No Control
Driver,Female,45,Driver,NotFatal,Worn,Medium,Full,1,2 Metropolitan,3,peak,80,Not Divided,"CURVED, VIEW OPEN",Level,Dry,Not Raining,Daylight,Hit Fixed Object,No Control
Driver,Female,23,Driver,NotFatal,Worn,Small,Full,1,2 Metropolitan,2,peak,60,Divided Road,Straight road,Level,Dry,Not Raining,Daylight,Rear End,No Control
Driver,Female,51,Driver,NotFatal,Worn,Small,Full,1,2 Metropolitan,2,off-peak,50,Cross Road,Straight road,Level,Dry,Not Raining,Daylight,Right Angle,Traffic Signals
Rider,Male,39.88915925,NotApplicable,NotFatal,NotWorn,PCycling,NoLicence,1,2 Metropolitan,2,off-peak,60,Not Divided,Straight road,Level,Dry,Not Raining,Daylight,Right Angle,No Control
Driver,Female,57,Driver,NotFatal,Worn,Medium,Full,1,2 Metropolitan,2,peak,60,Not Divided,Straight road,Slope,Dry,Not Raining,Daylight,Hit Parked Vehicle,No Control
Driver,Male,21,Driver,NotFatal,Worn,Small,Full,1,2 Metropolitan,2,peak,60,T-Junction,Straight road,Level,Dry,Not Raining,Daylight,Right Angle,Stop Sign
Driver,Female,47,Driver,NotFatal,Worn,Small,Full,1,2 Metropolitan,2,peak,60,T-Junction,Straight road,Level,Dry,Not Raining,Daylight,Right Angle,Stop Sign
Driver,Male,95,Driver,NotFatal,Worn,Small,Full,2,2 Metropolitan,2,off-peak,60,Not Divided,Straight road,Level,Dry,Not Raining,Daylight,Side Swipe,No Control
Passenger,Male,93,Front Seat Left Passenger,NotFatal,NotWorn,Small,NoLicence,2,2 Metropolitan,2,off-peak,60,Not Divided,Straight road,Level,Dry,Not Raining,Daylight,Side Swipe,No Control
Driver,Male,46,Driver,NotFatal,Worn,Small,Full,1,3 Country,2,off-peak,110,Not Divided,"CURVED, VIEW OPEN",Bottom of Hill,Dry,Not Raining,Daylight,Head On,No Control
Rider,Male,44,NotApplicable,NotFatal,NotWorn,MCycling,NoLicence,1,1 City,2,peak,50,Divided Road,Straight road,Level,Dry,Not Raining,Daylight,Side Swipe,No Control
Driver,Male,31,Driver,NotFatal,Worn,Small,Learners,1,2 Metropolitan,2,off-peak,50,T-Junction,Straight road,Level,Dry,Not Raining,Night,Hit Fixed Object,Give Way Sign
Driver,Male,42,Driver,NotFatal,Worn,Small,Full,2,3 Country,2,off-peak,110,Not Divided,Straight road,Level,Dry,Not Raining,Night,Hit Animal,No Control
Passenger,Female,26,Front Seat Left Passenger,NotFatal,NotWorn,Small,NoLicence,2,3 Country,2,off-peak,110,Not Divided,Straight road,Level,Dry,Not Raining,Night,Hit Animal,No Control
Rider,Male,59,NotApplicable,NotFatal,NotWorn,MCycling,NoLicence,1,2 Metropolitan,2,off-peak,100,Not Divided,Straight road,Crest of Hill,Dry,Not Raining,Daylight,Hit Animal,No Control
Driver,Male,89,Driver,NotFatal,Worn,Small,Full,2,2 Metropolitan,2,off-peak,60,Not Divided,Straight road,Level,Dry,Not Raining,Daylight,Right Angle,No Control
Passenger,Female,71,Front Seat Left Passenger,NotFatal,NotWorn,Small,NoLicence,2,2 Metropolitan,2,off-peak,60,Not Divided,Straight road,Level,Dry,Not Raining,Daylight,Right Angle,No Control
Driver,Male,53,Driver,NotFatal,Worn,MCycling,Full,1,3 Country,2,off-peak,110,T-Junction,"CURVED, VIEW OPEN",Level,Dry,Not Raining,Daylight,Right Angle,Give Way Sign
Driver,Female,61,Driver,NotFatal,Worn,Small,Full,1,2 Metropolitan,2,peak,60,Cross Road,Straight road,Level,Dry,Not Raining,Daylight,Right Turn,Traffic Signals
Driver,Female,25,Driver,NotFatal,Worn,Small,Full,3,3 Country,2,off-peak,80,Not Divided,Straight road,Level,Dry,Not Raining,Daylight,Hit Fixed Object,No Control
Passenger,Female,81,Front Seat Left Passenger,NotFatal,NotWorn,Medium,NoLicence,5,2 Metropolitan,2,off-peak,60,Not Divided,Straight road,Level,Dry,Not Raining,Night,Head On,No Control
Passenger,Female,48,Rear Seat Right Passenger,NotFatal,NotWorn,Medium,NoLicence,5,2 Metropolitan,2,off-peak,60,Not Divided,Straight road,Level,Dry,Not Raining,Night,Head On,No Control
Rider,Male,52,NotApplicable,NotFatal,NotWorn,PCycling,NoLicence,1,2 Metropolitan,2,peak,60,Not Divided,"CURVED, VIEW OPEN",Slope,Dry,Not Raining,Daylight,Hit Animal,No Control
Driver,Female,30,Driver,NotFatal,Worn,Small,Full,1,2 Metropolitan,3,peak,60,Divided Road,Straight road,Level,Dry,Not Raining,Daylight,Rear End,No Control
Rider,Male,56,NotApplicable,NotFatal,NotWorn,MCycling,NoLicence,2,2 Metropolitan,2,off-peak,80,Not Divided,"CURVED, VIEW OPEN",Level,Dry,Not Raining,Daylight,Hit Fixed Object,No Control
Passenger,Female,50,Passenger of Motorcycle,NotFatal,NotWorn,MCycling,NoLicence,2,2 Metropolitan,2,off-peak,80,Not Divided,"CURVED, VIEW OPEN",Level,Dry,Not Raining,Daylight,Hit Fixed Object,No Control
Driver,Female,38,Driver,NotFatal,Worn,Small,Full,1,2 Metropolitan,2,off-peak,60,Cross Road,Straight road,Level,Dry,Not Raining,Daylight,Rear End,Traffic Signals
Driver,Male,22,Driver,NotFatal,Worn,Small,Provisional 2,1,2 Metropolitan,2,off-peak,50,Not Divided,Straight road,Level,Dry,Not Raining,Night,Hit Fixed Object,No Control
Rider,Male,53,NotApplicable,NotFatal,NotWorn,MCycling,NoLicence,1,3 Country,2,peak,80,Not Divided,Straight road,Level,Dry,Not Raining,Daylight,Right Angle,No Control
Driver,Female,19,Driver,NotFatal,Worn,Small,Provisional 2,1,2 Metropolitan,2,peak,80,Divided Road,Straight road,Level,Dry,Not Raining,Daylight,Rear End,No Control
Driver,Male,60,Driver,NotFatal,Worn,Small,Full,1,2 Metropolitan,3,peak,80,T-Junction,Straight road,Level,Dry,Not Raining,Daylight,Right Turn,No Control
Rider,Male,43,NotApplicable,NotFatal,NotWorn,PCycling,NoLicence,1,2 Metropolitan,2,peak,50,T-Junction,Straight road,Level,Dry,Not Raining,Daylight,Side Swipe,No Control
Driver,Male,50,Driver,NotFatal,Worn,Medium,Full,1,2 Metropolitan,2,off-peak,50,Divided Road,Straight road,Level,Dry,Not Raining,Daylight,Rear End,No Control
Driver,Male,48,Driver,NotFatal,Worn,Medium,Full,1,2 Metropolitan,3,off-peak,40,Not Divided,Straight road,Level,Dry,Not Raining,Daylight,Rear End,No Control
Driver,Female,67,Driver,NotFatal,Worn,Small,Full,1,2 Metropolitan,2,off-peak,60,Cross Road,Straight road,Slope,Dry,Not Raining,Daylight,Right Angle,Roundabout
Rider,Male,78,NotApplicable,NotFatal,NotWorn,MCycling,NoLicence,1,2 Metropolitan,2,off-peak,60,Cross Road,Straight road,Level,Dry,Not Raining,Daylight,Right Angle,Roundabout
Driver,Female,47,Driver,NotFatal,Worn,Medium,Full,1,2 Metropolitan,2,peak,60,Divided Road,Straight road,Level,Dry,Not Raining,Daylight,Rear End,No Control
Pedestrian,Female,16,NotApplicable,NotFatal,NotWorn,Pedestrian on Road,NoLicence,1,2 Metropolitan,2,off-peak,60,Multiple,Straight road,Level,Dry,Not Raining,Daylight,Hit Pedestrian,Traffic Signals
Passenger,Female,56,Rear Seat Left Passenger,NotFatal,NotWorn,Medium,NoLicence,4,2 Metropolitan,2,off-peak,80,Divided Road,"CURVED, VIEW OPEN",Level,Dry,Not Raining,Daylight,Rear End,No Control
Passenger,Male,35,Rear Seat Right Passenger,NotFatal,NotWorn,Medium,NoLicence,4,2 Metropolitan,2,off-peak,80,Divided Road,"CURVED, VIEW OPEN",Level,Dry,Not Raining,Daylight,Rear End,No Control
Rider,Male,20,NotApplicable,NotFatal,NotWorn,PCycling,NoLicence,1,2 Metropolitan,2,off-peak,50,Not Divided,Straight road,Level,Dry,Not Raining,Daylight,Hit Parked Vehicle,No Control
Driver,Male,22,Driver,NotFatal,Worn,Small,Full,1,2 Metropolitan,2,off-peak,60,T-Junction,"CURVED, VIEW OPEN",Level,Dry,Not Raining,Night,Right Angle,Traffic Signals
Driver,Female,52,Driver,NotFatal,Worn,Small,Full,1,2 Metropolitan,2,off-peak,60,T-Junction,"CURVED, VIEW OPEN",Level,Dry,Not Raining,Night,Right Angle,Traffic Signals
Driver,Female,40,Driver,NotFatal,Worn,Small,Full,1,2 Metropolitan,5,off-peak,60,Divided Road,Straight road,Level,Dry,Not Raining,Daylight,Rear End,No Control
Driver,Male,25,Driver,NotFatal,Worn,Small,Unlicenced,2,3 Country,1,off-peak,110,Not Divided,Straight road,Level,Dry,Not Raining,Daylight,Roll Over,No Control
Passenger,Male,24,Front Seat Left Passenger,NotFatal,NotWorn,Small,NoLicence,2,3 Country,1,off-peak,110,Not Divided,Straight road,Level,Dry,Not Raining,Daylight,Roll Over,No Control
Driver,Male,61,Driver,NotFatal,Worn,Small,Full,1,3 Country,2,peak,110,T-Junction,"CURVED, VIEW OPEN",Level,Dry,Not Raining,Daylight,Right Angle,Give Way Sign
Pedestrian,Female,63,NotApplicable,NotFatal,NotWorn,Pedestrian on Road,NoLicence,1,2 Metropolitan,2,peak,60,T-Junction,Straight road,Level,Dry,Not Raining,Daylight,Hit Pedestrian,No Control
Rider,Male,45,NotApplicable,Fatal,NotWorn,MCycling,NoLicence,1,2 Metropolitan,2,off-peak,80,T-Junction,Straight road,Level,Dry,Not Raining,Night,Right Turn,Give Way Sign
Driver,Female,36,Driver,NotFatal,Worn,Medium,Provisional 2,1,3 Country,2,off-peak,50,Cross Road,Straight road,Level,Dry,Not Raining,Daylight,Right Angle,Give Way Sign
Rider,Male,50,NotApplicable,NotFatal,NotWorn,PCycling,NoLicence,1,2 Metropolitan,2,peak,80,Not Divided,Straight road,Level,Dry,Not Raining,Daylight,Side Swipe,No Control
Driver,Female,78,Driver,NotFatal,Worn,Small,Full,2,2 Metropolitan,2,off-peak,50,Divided Road,Straight road,Level,Dry,Not Raining,Daylight,Hit Fixed Object,No Control
Passenger,Female,85,Front Seat Left Passenger,NotFatal,NotWorn,Small,NoLicence,2,2 Metropolitan,2,off-peak,50,Divided Road,Straight road,Level,Dry,Not Raining,Daylight,Hit Fixed Object,No Control
Driver,Male,64,Driver,NotFatal,Worn,Utility,Full,1,1 City,2,off-peak,60,T-Junction,Straight road,Level,Dry,Not Raining,Daylight,Right Angle,No Control
Driver,Female,19,Driver,NotFatal,Worn,Small,Provisional 2,1,2 Metropolitan,2,off-peak,60,Other,Straight road,Level,Dry,Not Raining,Daylight,Rear End,Other
Driver,Female,36,Driver,NotFatal,Worn,Small,Full,1,2 Metropolitan,2,off-peak,100,Not Divided,Straight road,Slope,Dry,Not Raining,Daylight,Hit Fixed Object,No Control
Driver,Female,32,Driver,NotFatal,NotWorn,Small,Full,1,2 Metropolitan,2,off-peak,60,Cross Road,Straight road,Level,Dry,Not Raining,Night,Rear End,Roundabout
Driver,Male,61,Driver,NotFatal,Worn,Utility,Full,1,2 Metropolitan,2,off-peak,90,Divided Road,Straight road,Level,Dry,Not Raining,Daylight,Right Turn,No Control
Driver,Male,59,Driver,NotFatal,Worn,Medium,Full,1,2 Metropolitan,3,peak,40,Divided Road,Straight road,Level,Dry,Not Raining,Daylight,Rear End,No Control
Driver,Female,22,Driver,NotFatal,Worn,Small,Provisional 2,1,2 Metropolitan,2,peak,60,T-Junction,Straight road,Level,Dry,Not Raining,Daylight,Hit Fixed Object,No Control
Driver,Female,26,Driver,NotFatal,Worn,Small,Full,1,1 City,2,peak,50,T-Junction,Straight road,Level,Dry,Not Raining,Daylight,Rear End,No Control
Driver,Female,35,Driver,NotFatal,Worn,Small,Full,1,1 City,2,peak,50,T-Junction,Straight road,Level,Dry,Not Raining,Daylight,Rear End,No Control
Driver,Male,46,Driver,NotFatal,Worn,Small,Full,1,2 Metropolitan,2,peak,60,Multiple,Straight road,Level,Dry,Not Raining,Daylight,Rear End,Traffic Signals
Driver,Male,45,Driver,NotFatal,Worn,Small,Full,1,2 Metropolitan,4,peak,60,Not Divided,Straight road,Slope,Dry,Not Raining,Daylight,Rear End,No Control
Driver,Unknown,39.88915925,Driver,NotFatal,Worn,Small,Full,1,3 Country,3,off-peak,110,Not Divided,Straight road,Level,Dry,Not Raining,Night,Hit Animal,No Control
Driver,Male,44,Driver,NotFatal,Worn,Medium,Full,2,2 Metropolitan,2,off-peak,60,T-Junction,Straight road,Level,Dry,Not Raining,Daylight,Right Turn,No Control
Passenger,Male,11,Front Seat Left Passenger,NotFatal,NotWorn,Medium,NoLicence,2,2 Metropolitan,2,off-peak,60,T-Junction,Straight road,Level,Dry,Not Raining,Daylight,Right Turn,No Control
Rider,Male,58,NotApplicable,NotFatal,NotWorn,PCycling,NoLicence,1,2 Metropolitan,2,peak,60,Cross Road,Straight road,Level,Dry,Not Raining,Daylight,Right Turn,Give Way Sign
Driver,Male,27,Driver,NotFatal,Worn,Small,Full,1,2 Metropolitan,2,peak,80,T-Junction,"CURVED, VIEW OPEN",Level,Dry,Not Raining,Daylight,Rear End,Traffic Signals
Driver,Male,48,Driver,NotFatal,Worn,Small,Full,1,2 Metropolitan,3,peak,60,Cross Road,Straight road,Level,Dry,Not Raining,Daylight,Right Angle,Stop Sign
Passenger,Female,14,Front Seat Left Passenger,NotFatal,NotWorn,Medium,NoLicence,3,3 Country,2,off-peak,100,Not Divided,Straight road,Level,Dry,Not Raining,Daylight,Hit Animal,No Control
Rider,Male,56,NotApplicable,NotFatal,NotWorn,MCycling,NoLicence,1,2 Metropolitan,2,off-peak,60,Divided Road,Straight road,Level,Dry,Not Raining,Daylight,Right Angle,No Control
Passenger,Female,49,Front Seat Left Passenger,NotFatal,NotWorn,Small,NoLicence,3,2 Metropolitan,2,off-peak,60,T-Junction,Straight road,Level,Dry,Not Raining,Daylight,Right Angle,No Control
Driver,Female,50,Driver,NotFatal,Worn,Medium,Full,1,3 Country,2,peak,60,Cross Road,Straight road,Slope,Dry,Not Raining,Daylight,Right Angle,Give Way Sign
Passenger,Male,39,Front Seat Left Passenger,NotFatal,NotWorn,Small,NoLicence,2,2 Metropolitan,2,off-peak,80,Not Divided,Straight road,Level,Dry,Not Raining,Daylight,Hit Fixed Object,No Control
Driver,Male,17,Driver,NotFatal,Worn,Small,Provisional 1 ,1,3 Country,1,peak,100,Not Divided,"CURVED, VIEW OPEN",Level,Dry,Not Raining,Daylight,Roll Over,No Control
Driver,Female,57,Driver,NotFatal,Worn,Small,Full,1,2 Metropolitan,2,off-peak,60,Not Divided,Straight road,Level,Dry,Not Raining,Daylight,Rear End,No Control
Passenger,Female,34,Front Seat Left Passenger,NotFatal,NotWorn,Small,NoLicence,2,2 Metropolitan,2,off-peak,60,Cross Road,Straight road,Level,Dry,Not Raining,Daylight,Rear End,Traffic Signals
Driver,Female,77,Driver,NotFatal,Worn,Small,Full,1,2 Metropolitan,2,off-peak,60,Cross Road,Straight road,Level,Dry,Not Raining,Daylight,Rear End,Traffic Signals
Rider,Male,29,NotApplicable,NotFatal,NotWorn,PCycling,NoLicence,1,1 City,2,off-peak,50,Divided Road,Straight road,Level,Dry,Not Raining,Daylight,Side Swipe,No Control
Rider,Male,41,NotApplicable,NotFatal,NotWorn,PCycling,NoLicence,1,2 Metropolitan,2,off-peak,50,Not Divided,Straight road,Level,Dry,Not Raining,Daylight,Roll Over,No Control
Driver,Female,58,Driver,NotFatal,Worn,Small,Full,3,2 Metropolitan,4,peak,60,Not Divided,"CURVED, VIEW OPEN",Slope,Dry,Not Raining,Daylight,Head On,No Control
Passenger,Female,7,Rear Seat Right Passenger,NotFatal,NotWorn,Small,NoLicence,3,2 Metropolitan,4,peak,60,Not Divided,"CURVED, VIEW OPEN",Slope,Dry,Not Raining,Daylight,Head On,No Control
Passenger,Male,3,Rear Seat Left Passenger,NotFatal,NotWorn,Small,NoLicence,3,2 Metropolitan,4,peak,60,Not Divided,"CURVED, VIEW OPEN",Slope,Dry,Not Raining,Daylight,Head On,No Control
Pedestrian,Female,61,NotApplicable,NotFatal,NotWorn,Pedestrian on Road,NoLicence,1,1 City,2,peak,50,Cross Road,Straight road,Level,Dry,Not Raining,Daylight,Hit Pedestrian,Traffic Signals
Driver,Female,29,Driver,NotFatal,Worn,Small,Full,1,2 Metropolitan,3,peak,60,Divided Road,Straight road,Level,Dry,Not Raining,Daylight,Rear End,No Control
Rider,Male,36,NotApplicable,NotFatal,NotWorn,MCycling,NoLicence,1,2 Metropolitan,2,off-peak,60,Cross Road,Straight road,Level,Dry,Not Raining,Daylight,Right Angle,Roundabout
Driver,Female,87,Driver,NotFatal,Worn,Medium,Full,2,3 Country,1,off-peak,110,Not Divided,"CURVED, VIEW OPEN",Level,Dry,Not Raining,Daylight,Roll Over,No Control
Passenger,Male,87,Front Seat Left Passenger,NotFatal,NotWorn,Medium,NoLicence,2,3 Country,1,off-peak,110,Not Divided,"CURVED, VIEW OPEN",Level,Dry,Not Raining,Daylight,Roll Over,No Control
Rider,Male,33,NotApplicable,NotFatal,NotWorn,PCycling,NoLicence,1,3 Country,2,peak,60,Cross Road,"CURVED, VIEW OPEN",Level,Dry,Not Raining,Daylight,Right Angle,Roundabout
Rider,Female,9,NotApplicable,NotFatal,NotWorn,PCycling,NoLicence,1,2 Metropolitan,2,peak,50,Multiple,Straight road,Level,Dry,Not Raining,Daylight,Right Angle,Traffic Signals
Driver,Female,56,Driver,NotFatal,Worn,Small,Full,1,2 Metropolitan,2,peak,60,Cross Road,Straight road,Level,Dry,Not Raining,Daylight,Rear End,Traffic Signals
Passenger,Female,35,Front Seat Left Passenger,NotFatal,NotWorn,Utility,NoLicence,4,2 Metropolitan,1,peak,80,Not Divided,Straight road,Level,Dry,Not Raining,Daylight,Roll Over,No Control
Passenger,Female,40,Front Seat Left Passenger,NotFatal,NotWorn,Small,NoLicence,2,2 Metropolitan,2,off-peak,50,T-Junction,Straight road,Level,Dry,Not Raining,Daylight,Side Swipe,No Control
Driver,Male,41,Driver,NotFatal,Worn,Small,Full,1,2 Metropolitan,2,peak,60,Divided Road,Straight road,Level,Dry,Not Raining,Daylight,Rear End,No Control
Driver,Male,76,Driver,NotFatal,Unknown,Small,Full,1,2 Metropolitan,3,off-peak,60,Not Divided,Straight road,Level,Dry,Not Raining,Daylight,Hit Parked Vehicle,No Control
Driver,Female,40,Driver,NotFatal,Worn,Small,Full,1,2 Metropolitan,3,peak,60,Divided Road,Straight road,Level,Dry,Not Raining,Daylight,Rear End,No Control
Driver,Female,35,Driver,NotFatal,Worn,Small,Full,1,2 Metropolitan,2,peak,60,Multiple,Straight road,Level,Dry,Not Raining,Daylight,Rear End,Traffic Signals
Rider,Male,40,NotApplicable,NotFatal,NotWorn,MCycling,NoLicence,1,2 Metropolitan,2,peak,60,Divided Road,Straight road,Level,Dry,Not Raining,Daylight,Rear End,No Control
Passenger,Female,47,Front Seat Left Passenger,NotFatal,NotWorn,Small,NoLicence,3,2 Metropolitan,2,off-peak,60,T-Junction,Straight road,Level,Dry,Not Raining,Night,Rear End,No Control
Passenger,Female,78,Rear Seat Left Passenger,NotFatal,NotWorn,Small,NoLicence,3,2 Metropolitan,2,off-peak,60,T-Junction,Straight road,Level,Dry,Not Raining,Night,Rear End,No Control
Driver,Female,51,Driver,NotFatal,Worn,Medium,Full,2,3 Country,2,peak,110,T-Junction,Straight road,Slope,Dry,Not Raining,Daylight,Right Angle,No Control
Passenger,Male,26,Front Seat Left Passenger,NotFatal,NotWorn,Medium,NoLicence,2,3 Country,2,peak,110,T-Junction,Straight road,Slope,Dry,Not Raining,Daylight,Right Angle,No Control
Rider,Female,36,NotApplicable,NotFatal,NotWorn,PCycling,NoLicence,1,2 Metropolitan,2,off-peak,60,T-Junction,Straight road,Level,Dry,Not Raining,Daylight,Right Turn,Stop Sign
Driver,Female,23,Driver,NotFatal,Worn,Medium,Full,2,2 Metropolitan,2,off-peak,60,Cross Road,Straight road,Level,Dry,Not Raining,Daylight,Right Angle,Stop Sign
Passenger,Male,3,Rear Seat Middle Passenger,NotFatal,NotWorn,Medium,NoLicence,2,2 Metropolitan,2,off-peak,60,Cross Road,Straight road,Level,Dry,Not Raining,Daylight,Right Angle,Stop Sign
Driver,Female,23,Driver,NotFatal,Worn,Small,Full,1,2 Metropolitan,2,off-peak,60,Not Divided,Straight road,Level,Dry,Not Raining,Daylight,Side Swipe,No Control
Driver,Female,31,Driver,NotFatal,Worn,Medium,Full,3,2 Metropolitan,4,off-peak,60,Divided Road,Straight road,Level,Dry,Not Raining,Daylight,Rear End,No Control
Driver,Female,17,Driver,NotFatal,Worn,Small,Provisional 1 ,1,3 Country,2,off-peak,50,Not Divided,Straight road,Level,Dry,Not Raining,Daylight,Right Angle,No Control
Driver,Female,20,Driver,NotFatal,Worn,Medium,Full,1,3 Country,2,off-peak,110,Not Divided,Straight road,Level,Dry,Not Raining,Daylight,Head On,No Control
Driver,Female,36,Driver,NotFatal,Worn,Small,Unknown,1,3 Country,2,off-peak,110,Not Divided,Straight road,Level,Dry,Not Raining,Daylight,Head On,No Control
Driver,Female,43,Driver,NotFatal,Worn,Small,Full,1,2 Metropolitan,2,off-peak,60,Cross Road,Straight road,Level,Dry,Not Raining,Daylight,Right Turn,Traffic Signals
Driver,Female,53,Driver,NotFatal,Worn,Medium,Full,1,2 Metropolitan,2,off-peak,60,T-Junction,Straight road,Level,Dry,Not Raining,Daylight,Right Turn,No Control
Rider,Male,57,NotApplicable,NotFatal,NotWorn,PCycling,NoLicence,1,2 Metropolitan,2,off-peak,50,T-Junction,Straight road,Level,Dry,Not Raining,Daylight,Side Swipe,No Control
Passenger,Female,27,Front Seat Left Passenger,NotFatal,NotWorn,Small,NoLicence,2,2 Metropolitan,3,off-peak,50,Cross Road,Straight road,Level,Dry,Not Raining,Daylight,Right Angle,Give Way Sign
Driver,Female,28,Driver,NotFatal,Worn,Small,Full,1,2 Metropolitan,3,off-peak,60,Cross Road,Straight road,Level,Dry,Not Raining,Daylight,Right Turn,Traffic Signals
Driver,Female,45,Driver,NotFatal,Worn,Small,Full,2,3 Country,2,off-peak,110,Not Divided,Straight road,Level,Dry,Not Raining,Daylight,Side Swipe,No Control
Passenger,Male,49,Front Seat Left Passenger,NotFatal,NotWorn,Small,NoLicence,2,3 Country,2,off-peak,110,Not Divided,Straight road,Level,Dry,Not Raining,Daylight,Side Swipe,No Control
Driver,Male,43,Driver,NotFatal,Worn,Small,Full,1,3 Country,2,off-peak,100,Not Divided,Straight road,Level,Dry,Not Raining,Night,Hit Fixed Object,No Control
Rider,Male,42,NotApplicable,NotFatal,NotWorn,MCycling,NoLicence,2,2 Metropolitan,2,off-peak,50,Not Divided,Straight road,Level,Dry,Not Raining,Night,Side Swipe,No Control
Passenger,Female,12,Passenger of Motorcycle,NotFatal,NotWorn,MCycling,NoLicence,2,2 Metropolitan,2,off-peak,50,Not Divided,Straight road,Level,Dry,Not Raining,Night,Side Swipe,No Control
Driver,Male,61,Driver,NotFatal,Worn,Small,Full,1,2 Metropolitan,2,off-peak,60,T-Junction,Straight road,Level,Dry,Not Raining,Night,Rear End,No Control
Rider,Male,36,NotApplicable,NotFatal,NotWorn,MCycling,NoLicence,1,2 Metropolitan,1,off-peak,50,T-Junction,Straight road,Level,Dry,Not Raining,Daylight,Roll Over,Give Way Sign
Passenger,Female,39.88915925,Front Seat Left Passenger,NotFatal,NotWorn,Small,NoLicence,2,1 City,2,peak,60,Not Divided,Straight road,Level,Dry,Not Raining,Daylight,Side Swipe,No Control
Driver,Male,67,Driver,NotFatal,Worn,Utility,Full,1,1 City,2,off-peak,50,Not Divided,Straight road,Level,Dry,Not Raining,Daylight,Rear End,No Control
Driver,Female,34,Driver,NotFatal,Worn,Small,Full,1,2 Metropolitan,2,off-peak,60,Divided Road,Straight road,Level,Dry,Not Raining,Daylight,Rear End,No Control
Driver,Male,49,Driver,NotFatal,Worn,Small,Full,2,2 Metropolitan,2,off-peak,50,T-Junction,Straight road,Slope,Dry,Not Raining,Daylight,Rear End,Give Way Sign
Passenger,Female,44,Front Seat Left Passenger,NotFatal,NotWorn,Small,NoLicence,2,2 Metropolitan,2,off-peak,50,T-Junction,Straight road,Slope,Dry,Not Raining,Daylight,Rear End,Give Way Sign