cas_type,cas_gender,cas_age,cas_pos_in_veh,fatality,seat_belt,unit_type,lic_type,n_occupants,stat_area,total_units,time,area_speed,acc_pos,hor_align,ver_align,moist_cond,wea_cond,dayNight,crash_type,traf_ctrls
Rider,Female,23,NotApplicable,NotFatal,NotWorn,PCycling,NoLicence,1,2 Metropolitan,2,peak,60,Divided Road,Straight road,Level,Dry,Not Raining,Daylight,Right Angle,No Control
Driver,Female,36,Driver,NotFatal,Worn,Small,Full,2,2 Metropolitan,2,peak,60,T-Junction,Straight road,Level,Dry,Not Raining,Daylight,Right Angle,No Control
Driver,Male,49,Driver,NotFatal,Worn,Large,Full,1,3 Country,1,off-peak,100,Not Divided,"CURVED, VIEW OPEN",Level,Dry,Not Raining,Daylight,Roll Over,No Control
Driver,Female,50,Driver,NotFatal,Worn,Medium,Full,1,2 Metropolitan,2,peak,60,Cross Road,Straight road,Level,Dry,Not Raining,Daylight,Rear End,Traffic Signals
Driver,Male,53,Driver,NotFatal,Worn,Medium,Unlicenced,1,2 Metropolitan,2,off-peak,50,Not Divided,Straight road,Level,Dry,Not Raining,Daylight,Hit Fixed Object,No Control
Rider,Male,50,NotApplicable,NotFatal,NotWorn,MCycling,NoLicence,1,1 City,2,peak,50,Not Divided,Straight road,Level,Dry,Not Raining,Daylight,Side Swipe,No Control
Pedestrian,Female,22,NotApplicable,NotFatal,NotWorn,Pedestrian on Road,NoLicence,1,2 Metropolitan,2,off-peak,60,Divided Road,Straight road,Level,Dry,Not Raining,Night,Hit Pedestrian,No Control
Driver,Male,30,Driver,NotFatal,Worn,Small,Full,1,3 Country,2,off-peak,100,Not Divided,"CURVED, VIEW OPEN",Level,Dry,Not Raining,Night,Hit Fixed Object,No Control
Passenger,Female,36,Rear Seat Middle Passenger,NotFatal,NotWorn,Utility,NoLicence,3,3 Country,2,off-peak,100,Not Divided,"CURVED, VIEW OPEN",Level,Dry,Not Raining,Daylight,Roll Over,No Control
Driver,Male,55,Driver,NotFatal,Worn,Medium,Full,1,2 Metropolitan,2,off-peak,70,Not Divided,Straight road,Level,Dry,Not Raining,Night,Roll Over,No Control
Rider,Male,45,NotApplicable,NotFatal,NotWorn,PCycling,NoLicence,1,2 Metropolitan,2,off-peak,40,Not Divided,Straight road,Level,Dry,Not Raining,Daylight,Side Swipe,No Control
Rider,Male,72,NotApplicable,NotFatal,NotWorn,MCycling,NoLicence,1,3 Country,2,off-peak,60,T-Junction,"CURVED, VIEW OPEN",Level,Dry,Not Raining,Night,Right Angle,Give Way Sign
Driver,Male,56,Driver,NotFatal,Worn,Small,Full,1,3 Country,2,off-peak,110,Not Divided,"CURVED, VIEW OPEN",Level,Dry,Not Raining,Night,Hit Fixed Object,No Control
Driver,Female,69,Driver,NotFatal,Worn,Small,Full,1,2 Metropolitan,2,off-peak,60,Not Divided,Straight road,Level,Dry,Not Raining,Daylight,Right Angle,No Control
Rider,Male,9,NotApplicable,NotFatal,NotWorn,PCycling,NoLicence,1,2 Metropolitan,2,off-peak,60,T-Junction,Straight road,Level,Dry,Not Raining,Daylight,Right Angle,No Control
Driver,Female,17,Driver,Fatal,Worn,Small,Provisional 1 ,2,2 Metropolitan,2,off-peak,100,Multiple,Straight road,Level,Dry,Not Raining,Daylight,Right Angle,Give Way Sign
Passenger,Female,16,Front Seat Left Passenger,NotFatal,NotWorn,Small,NoLicence,2,2 Metropolitan,2,off-peak,100,Multiple,Straight road,Level,Dry,Not Raining,Daylight,Right Angle,Give Way Sign
Driver,Female,25,Driver,NotFatal,Worn,Medium,Full,1,2 Metropolitan,2,off-peak,100,Multiple,Straight road,Level,Dry,Not Raining,Daylight,Right Angle,Give Way Sign
Driver,Male,86,Driver,NotFatal,Worn,Small,Full,1,1 City,4,off-peak,60,Divided Road,Straight road,Level,Dry,Not Raining,Night,Rear End,No Control
Passenger,Female,19,Rear Seat Middle Passenger,NotFatal,NotWorn,Small,NoLicence,4,1 City,4,off-peak,60,Divided Road,Straight road,Level,Dry,Not Raining,Night,Rear End,No Control
Passenger,Female,20,Rear Seat Right Passenger,NotFatal,NotWorn,Small,NoLicence,4,1 City,4,off-peak,60,Divided Road,Straight road,Level,Dry,Not Raining,Night,Rear End,No Control
Passenger,Female,20,Rear Seat Left Passenger,NotFatal,NotWorn,Small,NoLicence,4,1 City,4,off-peak,60,Divided Road,Straight road,Level,Dry,Not Raining,Night,Rear End,No Control
Driver,Female,32,Driver,NotFatal,Worn,Small,Full,2,1 City,4,off-peak,60,Divided Road,Straight road,Level,Dry,Not Raining,Night,Rear End,No Control
Passenger,Female,32,Front Seat Left Passenger,NotFatal,NotWorn,Small,NoLicence,2,1 City,4,off-peak,60,Divided Road,Straight road,Level,Dry,Not Raining,Night,Rear End,No Control
Pedestrian,Female,20,NotApplicable,NotFatal,NotWorn,Pedestrian on Road,NoLicence,1,2 Metropolitan,3,off-peak,60,Divided Road,Straight road,Level,Dry,Not Raining,Night,Hit Pedestrian,No Control
Pedestrian,Female,21,NotApplicable,NotFatal,NotWorn,Pedestrian on Road,NoLicence,1,2 Metropolitan,3,off-peak,60,Divided Road,Straight road,Level,Dry,Not Raining,Night,Hit Pedestrian,No Control
Rider,Male,22,NotApplicable,NotFatal,NotWorn,MCycling,NoLicence,1,3 Country,1,off-peak,100,Not Divided,"CURVED, VIEW OPEN",Slope,Dry,Not Raining,Daylight,Roll Over,No Control
Rider,Male,58,NotApplicable,NotFatal,NotWorn,MCycling,NoLicence,1,2 Metropolitan,1,off-peak,80,T-Junction,"CURVED, VIEW OBSCURED",Crest of Hill,Dry,Not Raining,Daylight,Roll Over,No Control
Passenger,Female,39.88915925,Front Seat Left Passenger,NotFatal,NotWorn,Small,NoLicence,2,2 Metropolitan,2,peak,80,Not Divided,"CURVED, VIEW OBSCURED",Slope,Dry,Not Raining,Daylight,Hit Fixed Object,No Control
Driver,Female,39,Driver,NotFatal,Worn,Small,Full,2,2 Metropolitan,2,off-peak,80,T-Junction,Straight road,Level,Dry,Not Raining,Night,Rear End,Traffic Signals
Rider,Male,20,NotApplicable,NotFatal,NotWorn,MCycling,NoLicence,1,2 Metropolitan,1,off-peak,60,T-Junction,"CURVED, VIEW OPEN",Level,Dry,Not Raining,Night,Roll Over,Give Way Sign
Driver,Female,50,Driver,NotFatal,Unknown,Small,Full,1,2 Metropolitan,2,peak,60,Divided Road,Straight road,Level,Dry,Not Raining,Daylight,Rear End,No Control
Driver,Female,73,Driver,NotFatal,Worn,Small,Full,1,2 Metropolitan,2,peak,60,Divided Road,Straight road,Level,Dry,Not Raining,Daylight,Side Swipe,No Control
Driver,Male,37,Driver,NotFatal,Worn,Small,Full,1,2 Metropolitan,2,peak,50,Not Divided,"CURVED, VIEW OBSCURED",Level,Dry,Not Raining,Daylight,Right Angle,No Control
Driver,Male,71,Driver,NotFatal,Worn,Small,Full,2,3 Country,2,off-peak,100,Cross Road,Straight road,Level,Dry,Not Raining,Daylight,Right Angle,Give Way Sign
Passenger,Female,66,Front Seat Left Passenger,NotFatal,NotWorn,Small,NoLicence,2,3 Country,2,off-peak,100,Cross Road,Straight road,Level,Dry,Not Raining,Daylight,Right Angle,Give Way Sign
Rider,Male,52,NotApplicable,NotFatal,NotWorn,PCycling,NoLicence,1,2 Metropolitan,2,off-peak,50,Not Divided,Straight road,Level,Dry,Not Raining,Daylight,Right Angle,No Control
Driver,Female,23,Driver,NotFatal,Worn,Medium,Full,1,2 Metropolitan,2,off-peak,110,Freeway,Straight road,Level,Dry,Not Raining,Daylight,Side Swipe,No Control
Driver,Male,68,Driver,NotFatal,Worn,Utility,Full,1,3 Country,2,peak,50,Not Divided,Straight road,Level,Dry,Not Raining,Daylight,Hit Fixed Object,No Control
Driver,Male,19,Driver,NotFatal,Worn,Small,Provisional 1 ,3,1 City,2,peak,60,Cross Road,Straight road,Level,Dry,Not Raining,Daylight,Rear End,Traffic Signals
Passenger,Female,69,Front Seat Left Passenger,NotFatal,NotWorn,Small,NoLicence,3,1 City,2,peak,60,Cross Road,Straight road,Level,Dry,Not Raining,Daylight,Rear End,Traffic Signals
Driver,Male,53,Driver,NotFatal,Worn,Small,Full,3,1 City,2,peak,60,Cross Road,Straight road,Level,Dry,Not Raining,Daylight,Rear End,Traffic Signals
Driver,Female,36,Driver,NotFatal,Worn,Small,Full,1,2 Metropolitan,2,off-peak,60,T-Junction,Straight road,Level,Dry,Not Raining,Daylight,Rear End,No Control
Rider,Male,40,NotApplicable,NotFatal,NotWorn,PCycling,NoLicence,1,2 Metropolitan,2,off-peak,60,Divided Road,Straight road,Level,Dry,Not Raining,Daylight,Head On,No Control
Driver,Female,84,Driver,NotFatal,Worn,Small,Full,1,2 Metropolitan,2,off-peak,50,Not Divided,Straight road,Level,Dry,Not Raining,Daylight,Hit Fixed Object,No Control
Driver,Female,21,Driver,NotFatal,Worn,Small,Provisional 2,2,2 Metropolitan,2,off-peak,50,Not Divided,Straight road,Level,Dry,Not Raining,Daylight,Side Swipe,No Control
Driver,Female,23,Driver,NotFatal,Worn,Small,Full,1,2 Metropolitan,2,peak,100,Other,Straight road,Slope,Wet,Not Raining,Daylight,Rear End,No Control
Driver,Female,35,Driver,NotFatal,Worn,Utility,Full,1,2 Metropolitan,4,peak,60,Divided Road,Straight road,Level,Dry,Not Raining,Daylight,Rear End,No Control
Driver,Female,27,Driver,NotFatal,Worn,Small,Provisional 1 ,1,2 Metropolitan,3,off-peak,60,T-Junction,Straight road,Level,Dry,Not Raining,Daylight,Rear End,Traffic Signals
Pedestrian,Male,39,NotApplicable,NotFatal,NotWorn,Pedestrian on Road,NoLicence,1,2 Metropolitan,2,peak,60,Cross Road,Straight road,Level,Dry,Not Raining,Daylight,Hit Pedestrian,Traffic Signals
Driver,Female,35,Driver,NotFatal,Worn,Small,Full,1,2 Metropolitan,3,peak,60,Not Divided,Straight road,Level,Dry,Not Raining,Daylight,Side Swipe,No Control
Driver,Male,25,Driver,NotFatal,Worn,Small,Full,1,3 Country,2,off-peak,100,Not Divided,"CURVED, VIEW OPEN",Crest of Hill,Dry,Not Raining,Night,Roll Over,No Control
Rider,Male,37,NotApplicable,NotFatal,NotWorn,PCycling,NoLicence,1,2 Metropolitan,2,off-peak,60,Divided Road,Straight road,Slope,Dry,Not Raining,Daylight,Side Swipe,No Control
Rider,Male,41,NotApplicable,NotFatal,NotWorn,PCycling,NoLicence,1,2 Metropolitan,2,off-peak,60,Divided Road,Straight road,Slope,Dry,Not Raining,Daylight,Side Swipe,No Control
Rider,Male,33,NotApplicable,NotFatal,NotWorn,PCycling,NoLicence,1,2 Metropolitan,2,off-peak,60,T-Junction,Straight road,Level,Dry,Not Raining,Daylight,Right Angle,Give Way Sign
Driver,Male,25,Driver,NotFatal,Worn,Utility,Full,1,2 Metropolitan,2,off-peak,50,T-Junction,Straight road,Level,Dry,Not Raining,Daylight,Side Swipe,Traffic Signals
Driver,Female,48,Driver,NotFatal,Worn,Medium,Full,1,2 Metropolitan,2,off-peak,60,T-Junction,Straight road,Level,Dry,Not Raining,Daylight,Rear End,Traffic Signals
Driver,Male,47,Driver,NotFatal,Worn,Utility,Full,1,2 Metropolitan,2,off-peak,60,Cross Road,Straight road,Level,Dry,Not Raining,Daylight,Rear End,Traffic Signals
Rider,Male,51,NotApplicable,NotFatal,NotWorn,MCycling,NoLicence,1,2 Metropolitan,3,off-peak,60,Divided Road,Straight road,Level,Dry,Not Raining,Daylight,Hit Fixed Object,No Control
Driver,Male,47,Driver,NotFatal,Worn,Small,Full,3,3 Country,2,off-peak,50,T-Junction,"CURVED, VIEW OPEN",Level,Dry,Not Raining,Daylight,Rear End,No Control
Driver,Female,49,Driver,NotFatal,Worn,Small,Full,2,2 Metropolitan,2,off-peak,60,Pedestrian Crossing,Straight road,Level,Dry,Not Raining,Daylight,Rear End,Traffic Signals
Driver,Female,26,Driver,NotFatal,Worn,Medium,Full,4,2 Metropolitan,4,off-peak,80,Not Divided,Straight road,Level,Dry,Not Raining,Daylight,Rear End,No Control
Rider,Male,43,NotApplicable,NotFatal,NotWorn,PCycling,NoLicence,1,3 Country,2,off-peak,60,Divided Road,Straight road,Level,Dry,Not Raining,Daylight,Hit Fixed Object,No Control
Rider,Male,31,NotApplicable,NotFatal,NotWorn,PCycling,NoLicence,1,2 Metropolitan,2,peak,80,Other,Straight road,Crest of Hill,Dry,Not Raining,Daylight,Right Angle,No Control
Driver,Female,48,Driver,NotFatal,Worn,Small,Full,1,1 City,3,peak,50,Not Divided,Straight road,Level,Dry,Not Raining,Daylight,Rear End,No Control
Driver,Male,27,Driver,NotFatal,Worn,Small,Provisional 2,1,2 Metropolitan,2,off-peak,60,Cross Road,Straight road,Level,Dry,Not Raining,Night,Right Turn,Traffic Signals
Driver,Female,29,Driver,NotFatal,Worn,Small,Full,1,2 Metropolitan,2,off-peak,60,Cross Road,Straight road,Level,Dry,Not Raining,Night,Right Turn,Traffic Signals
Pedestrian,Female,60,NotApplicable,NotFatal,NotWorn,Pedestrian on Road,NoLicence,1,1 City,2,peak,50,Divided Road,Straight road,Level,Dry,Not Raining,Daylight,Hit Pedestrian,No Control
Rider,Female,35,NotApplicable,NotFatal,NotWorn,MCycling,NoLicence,1,2 Metropolitan,1,off-peak,60,Not Divided,"CURVED, VIEW OPEN",Slope,Dry,Not Raining,Daylight,Left Road - Out of Control,No Control
Passenger,Male,50,Front Seat Left Passenger,NotFatal,NotWorn,Medium,NoLicence,2,2 Metropolitan,2,off-peak,60,Divided Road,Straight road,Level,Dry,Not Raining,Daylight,Rear End,No Control
Passenger,Male,11,Front Seat Left Passenger,NotFatal,NotWorn,Utility,NoLicence,3,2 Metropolitan,2,off-peak,60,Divided Road,Straight road,Level,Dry,Not Raining,Daylight,Rear End,No Control
Passenger,Male,8,Rear Seat Left Passenger,NotFatal,NotWorn,Utility,NoLicence,3,2 Metropolitan,2,off-peak,60,Divided Road,Straight road,Level,Dry,Not Raining,Daylight,Rear End,No Control
Driver,Male,35,Driver,NotFatal,Worn,Small,Full,1,2 Metropolitan,2,off-peak,60,Divided Road,Straight road,Level,Dry,Not Raining,Daylight,Rear End,No Control
Driver,Female,22,Driver,NotFatal,Worn,Small,Provisional 2,1,2 Metropolitan,3,peak,60,Cross Road,Straight road,Slope,Dry,Not Raining,Daylight,Rear End,Traffic Signals
Passenger,Male,8,Front Seat Left Passenger,NotFatal,NotWorn,Medium,NoLicence,2,2 Metropolitan,2,peak,60,Divided Road,Straight road,Level,Dry,Not Raining,Daylight,Rear End,No Control
Rider,Male,21,NotApplicable,NotFatal,NotWorn,PCycling,NoLicence,1,2 Metropolitan,2,off-peak,60,T-Junction,Straight road,Level,Dry,Not Raining,Night,Right Angle,Traffic Signals
Driver,Female,56,Driver,NotFatal,Worn,Small,Full,1,2 Metropolitan,3,peak,60,Cross Road,Straight road,Level,Dry,Not Raining,Daylight,Rear End,Traffic Signals
Rider,Male,59,NotApplicable,NotFatal,NotWorn,PCycling,NoLicence,1,1 City,2,off-peak,60,Not Divided,Straight road,Level,Dry,Not Raining,Night,Side Swipe,No Control
Driver,Male,63,Driver,NotFatal,Worn,Medium,Provisional 2,1,3 Country,2,peak,100,Not Divided,Straight road,Slope,Dry,Not Raining,Daylight,Hit Fixed Object,No Control
Pedestrian,Male,19,NotApplicable,NotFatal,NotWorn,Pedestrian on Road,NoLicence,1,2 Metropolitan,2,off-peak,60,Divided Road,Straight road,Level,Dry,Not Raining,Night,Hit Pedestrian,No Control
Passenger,Male,14,Other,NotFatal,NotWorn,Small,NoLicence,2,2 Metropolitan,2,off-peak,60,T-Junction,Straight road,Level,Dry,Not Raining,Daylight,Right Turn,Traffic Signals
Driver,Male,53,Driver,NotFatal,Unknown,Small,Full,1,2 Metropolitan,2,off-peak,60,T-Junction,Straight road,Level,Dry,Not Raining,Daylight,Right Turn,Traffic Signals
Driver,Female,71,Driver,NotFatal,Worn,Medium,Full,1,2 Metropolitan,2,peak,60,Cross Road,Straight road,Level,Dry,Not Raining,Daylight,Rear End,Roundabout
Driver,Male,52,Driver,NotFatal,Worn,Small,Full,1,2 Metropolitan,2,off-peak,60,Divided Road,Straight road,Level,Dry,Not Raining,Daylight,Rear End,No Control
Driver,Female,51,Driver,NotFatal,Worn,Medium,Full,2,2 Metropolitan,2,off-peak,80,Cross Road,"CURVED, VIEW OPEN",Level,Dry,Not Raining,Daylight,Right Angle,Roundabout
Passenger,Female,39.88915925,Front Seat Left Passenger,NotFatal,NotWorn,Medium,NoLicence,2,2 Metropolitan,2,off-peak,80,Cross Road,"CURVED, VIEW OPEN",Level,Dry,Not Raining,Daylight,Right Angle,Roundabout
Rider,Male,18,NotApplicable,NotFatal,NotWorn,PCycling,NoLicence,1,2 Metropolitan,2,peak,50,Not Divided,Straight road,Level,Dry,Not Raining,Daylight,Right Angle,No Control
Driver,Female,19,Driver,NotFatal,Worn,Small,Provisional 2,2,2 Metropolitan,4,off-peak,60,Cross Road,Straight road,Level,Dry,Not Raining,Daylight,Right Turn,Traffic Signals
Driver,Male,48,Driver,NotFatal,Worn,Small,Full,2,2 Metropolitan,4,off-peak,60,Cross Road,Straight road,Level,Dry,Not Raining,Daylight,Right Turn,Traffic Signals
Driver,Female,32,Driver,NotFatal,Worn,Medium,Full,1,2 Metropolitan,2,off-peak,60,Divided Road,Straight road,Level,Dry,Not Raining,Night,Rear End,No Control
Driver,Female,20,Driver,NotFatal,Worn,Small,Provisional 2,1,2 Metropolitan,2,off-peak,50,T-Junction,Straight road,Level,Dry,Not Raining,Daylight,Right Turn,Give Way Sign
Passenger,Male,65,Front Seat Left Passenger,NotFatal,NotWorn,Medium,NoLicence,2,3 Country,2,off-peak,110,Not Divided,Straight road,Level,Dry,Not Raining,Daylight,Head On,No Control
Pedestrian,Female,71,NotApplicable,NotFatal,NotWorn,Pedestrian on Road,NoLicence,1,1 City,2,peak,50,T-Junction,Straight road,Level,Dry,Not Raining,Daylight,Hit Pedestrian,No Control
Driver,Female,22,Driver,NotFatal,Worn,Medium,Full,1,2 Metropolitan,3,off-peak,60,Divided Road,Straight road,Level,Dry,Not Raining,Daylight,Rear End,No Control
Rider,Female,51,NotApplicable,NotFatal,NotWorn,MCycling,NoLicence,1,2 Metropolitan,2,off-peak,60,T-Junction,Straight road,Level,Dry,Not Raining,Daylight,Right Turn,No Control
Rider,Male,20,NotApplicable,NotFatal,NotWorn,PCycling,NoLicence,1,2 Metropolitan,2,peak,60,T-Junction,Straight road,Slope,Dry,Not Raining,Daylight,Right Turn,No Control
Rider,Male,42,NotApplicable,NotFatal,NotWorn,PCycling,NoLicence,1,2 Metropolitan,2,peak,60,Divided Road,Straight road,Level,Dry,Not Raining,Daylight,Side Swipe,No Control
Driver,Male,53,Driver,NotFatal,Unknown,Small,Full,1,2 Metropolitan,2,peak,70,Divided Road,Straight road,Slope,Dry,Not Raining,Daylight,Rear End,No Control
Driver,Female,27,Driver,NotFatal,Worn,Medium,Full,2,3 Country,1,off-peak,100,Not Divided,"CURVED, VIEW OBSCURED",Slope,Dry,Not Raining,Daylight,Roll Over,No Control
Driver,Female,83,Driver,NotFatal,Worn,Small,Full,1,2 Metropolitan,2,peak,60,T-Junction,Straight road,Level,Dry,Not Raining,Daylight,Right Turn,No Control
Driver,Female,29,Driver,NotFatal,Worn,Small,Full,1,2 Metropolitan,2,peak,60,T-Junction,Straight road,Level,Dry,Not Raining,Daylight,Right Turn,No Control
Pedestrian,Male,11,NotApplicable,NotFatal,NotWorn,Pedestrian on Road,NoLicence,1,1 City,2,off-peak,50,T-Junction,Straight road,Slope,Dry,Not Raining,Daylight,Hit Pedestrian,Traffic Signals
Passenger,Male,2,Rear Seat Left Passenger,NotFatal,NotWorn,Medium,NoLicence,2,2 Metropolitan,4,off-peak,50,Not Divided,Straight road,Level,Dry,Not Raining,Daylight,Rear End,No Control
Driver,Female,41,Driver,NotFatal,Worn,Medium,Full,1,2 Metropolitan,2,off-peak,60,Divided Road,"CURVED, VIEW OPEN",Level,Dry,Not Raining,Night,Rear End,No Control
Driver,Female,62,Driver,NotFatal,Worn,Small,Full,1,2 Metropolitan,2,peak,60,Divided Road,Straight road,Level,Dry,Not Raining,Daylight,Side Swipe,No Control
Driver,Female,38,Driver,NotFatal,Worn,Small,Full,1,2 Metropolitan,2,off-peak,50,Not Divided,"CURVED, VIEW OPEN",Slope,Dry,Not Raining,Daylight,Head On,No Control
Driver,Female,75,Driver,NotFatal,Unknown,Small,Full,1,2 Metropolitan,2,off-peak,60,Cross Road,Straight road,Level,Dry,Not Raining,Daylight,Right Turn,Traffic Signals
Passenger,Female,67,Front Seat Left Passenger,NotFatal,NotWorn,Small,NoLicence,2,2 Metropolitan,2,off-peak,70,Cross Road,Straight road,Level,Dry,Not Raining,Daylight,Right Turn,Traffic Signals
Passenger,Male,40,Front Seat Left Passenger,NotFatal,NotWorn,Small,NoLicence,2,2 Metropolitan,2,off-peak,60,Divided Road,Straight road,Level,Dry,Not Raining,Daylight,Rear End,No Control
Rider,Male,50,NotApplicable,NotFatal,NotWorn,MCycling,NoLicence,1,2 Metropolitan,2,peak,50,T-Junction,"CURVED, VIEW OBSCURED",Slope,Dry,Not Raining,Daylight,Right Turn,No Control
Driver,Female,60,Driver,NotFatal,Worn,Small,Full,1,2 Metropolitan,2,peak,60,Not Divided,"CURVED, VIEW OBSCURED",Level,Dry,Not Raining,Daylight,Right Angle,No Control
Driver,Female,27,Driver,NotFatal,Worn,Medium,Full,1,2 Metropolitan,3,peak,60,Divided Road,Straight road,Level,Dry,Not Raining,Daylight,Rear End,No Control
Driver,Male,35,Driver,NotFatal,Worn,Small,Full,1,2 Metropolitan,3,peak,60,Divided Road,Straight road,Level,Dry,Not Raining,Daylight,Rear End,No Control
Passenger,Female,16,Rear Seat Left Passenger,NotFatal,NotWorn,Small,NoLicence,4,2 Metropolitan,2,off-peak,50,Not Divided,"CURVED, VIEW OPEN",Slope,Dry,Not Raining,Night,Hit Fixed Object,No Control
Passenger,Male,19,Rear Seat Right Passenger,NotFatal,NotWorn,Small,NoLicence,4,2 Metropolitan,2,off-peak,50,Not Divided,"CURVED, VIEW OPEN",Slope,Dry,Not Raining,Night,Hit Fixed Object,No Control
Rider,Female,17,NotApplicable,NotFatal,NotWorn,PCycling,NoLicence,1,2 Metropolitan,2,off-peak,60,Divided Road,Straight road,Slope,Dry,Not Raining,Daylight,Hit Fixed Object,No Control
Rider,Female,45,NotApplicable,NotFatal,NotWorn,PCycling,NoLicence,1,2 Metropolitan,2,peak,60,Divided Road,Straight road,Slope,Dry,Not Raining,Daylight,Right Angle,No Control
Rider,Male,30,NotApplicable,NotFatal,NotWorn,PCycling,NoLicence,1,2 Metropolitan,2,off-peak,50,Divided Road,Straight road,Level,Dry,Not Raining,Daylight,Hit Parked Vehicle,No Control
Rider,Male,64,NotApplicable,NotFatal,NotWorn,PCycling,NoLicence,1,2 Metropolitan,2,off-peak,100,Not Divided,"CURVED, VIEW OBSCURED",Slope,Dry,Not Raining,Daylight,Roll Over,No Control
Rider,Male,42,NotApplicable,NotFatal,NotWorn,MCycling,NoLicence,1,2 Metropolitan,2,peak,60,Divided Road,Straight road,Level,Dry,Not Raining,Daylight,Rear End,No Control
Rider,Male,19,NotApplicable,NotFatal,NotWorn,MCycling,NoLicence,1,3 Country,2,off-peak,60,Cross Road,Straight road,Level,Dry,Not Raining,Daylight,Hit Fixed Object,Traffic Signals
Pedestrian,Male,9,NotApplicable,NotFatal,NotWorn,Pedestrian on Road,NoLicence,1,2 Metropolitan,2,off-peak,50,Not Divided,Straight road,Level,Dry,Not Raining,Daylight,Hit Pedestrian,No Control
Driver,Female,59,Driver,NotFatal,Worn,Small,Full,2,2 Metropolitan,2,off-peak,60,Divided Road,Straight road,Level,Dry,Not Raining,Daylight,Right Angle,No Control
Rider,Female,49,NotApplicable,NotFatal,NotWorn,PCycling,NoLicence,1,2 Metropolitan,2,peak,50,Not Divided,Straight road,Level,Dry,Not Raining,Daylight,Hit Parked Vehicle,No Control
Driver,Male,63,Driver,NotFatal,Worn,Utility,Full,2,3 Country,2,off-peak,110,Not Divided,Straight road,Level,Dry,Not Raining,Daylight,Hit Fixed Object,No Control
Passenger,Female,65,Front Seat Left Passenger,NotFatal,NotWorn,Utility,NoLicence,2,3 Country,2,off-peak,110,Not Divided,Straight road,Level,Dry,Not Raining,Daylight,Hit Fixed Object,No Control
Rider,Male,60,NotApplicable,NotFatal,NotWorn,MCycling,NoLicence,1,3 Country,3,off-peak,110,T-Junction,Straight road,Level,Dry,Not Raining,Daylight,Hit Fixed Object,Give Way Sign
Driver,Male,58,Driver,Fatal,Worn,Small,Full,2,3 Country,2,off-peak,110,Not Divided,Straight road,Slope,Dry,Not Raining,Daylight,Hit Fixed Object,No Control
Passenger,Male,45,Front Seat Left Passenger,Fatal,NotWorn,Small,NoLicence,2,3 Country,2,off-peak,110,Not Divided,Straight road,Slope,Dry,Not Raining,Daylight,Hit Fixed Object,No Control
Driver,Male,36,Driver,NotFatal,Worn,Small,Unlicenced,3,2 Metropolitan,4,off-peak,80,Cross Road,Straight road,Level,Dry,Not Raining,Night,Side Swipe,Traffic Signals
Driver,Female,23,Driver,NotFatal,Worn,Small,Full,1,2 Metropolitan,4,off-peak,80,Cross Road,Straight road,Level,Dry,Not Raining,Night,Side Swipe,Traffic Signals
Passenger,Male,33,Rear Seat Right Passenger,NotFatal,NotWorn,Medium,NoLicence,7,2 Metropolitan,2,peak,80,T-Junction,Straight road,Slope,Dry,Not Raining,Daylight,Right Turn,Give Way Sign
Passenger,Female,28,Rear Seat Left Passenger,NotFatal,NotWorn,Medium,NoLicence,7,2 Metropolitan,2,peak,80,T-Junction,Straight road,Slope,Dry,Not Raining,Daylight,Right Turn,Give Way Sign
Driver,Male,46,Driver,NotFatal,Unknown,Small,Full,1,3 Country,1,peak,100,Not Divided,"CURVED, VIEW OPEN",Level,Dry,Not Raining,Daylight,Roll Over,No Control
Driver,Female,51,Driver,NotFatal,Worn,Small,Full,1,2 Metropolitan,3,off-peak,90,Not Divided,Straight road,Level,Dry,Not Raining,Night,Hit Fixed Object,No Control
Driver,Female,52,Driver,NotFatal,Worn,Small,Full,2,2 Metropolitan,3,off-peak,60,Not Divided,Straight road,Crest of Hill,Dry,Not Raining,Night,Head On,No Control
Passenger,Male,59,Front Seat Left Passenger,NotFatal,NotWorn,Small,NoLicence,2,2 Metropolitan,3,off-peak,60,Not Divided,Straight road,Crest of Hill,Dry,Not Raining,Night,Head On,No Control
Driver,Female,37,Driver,NotFatal,Worn,Medium,Full,1,2 Metropolitan,3,off-peak,60,Not Divided,Straight road,Crest of Hill,Dry,Not Raining,Night,Head On,No Control
Passenger,Male,23,Other,NotFatal,NotWorn,Medium,NoLicence,2,3 Country,2,off-peak,110,Not Divided,Straight road,Level,Dry,Not Raining,Night,Hit Fixed Object,No Control
Passenger,Female,39.88915925,Other,NotFatal,NotWorn,Medium,NoLicence,5,3 Country,2,off-peak,60,Cross Road,Straight road,Level,Dry,Not Raining,Daylight,Right Angle,Stop Sign
Driver,Female,57,Driver,NotFatal,Worn,Utility,Full,3,3 Country,2,off-peak,60,Cross Road,Straight road,Level,Dry,Not Raining,Daylight,Right Angle,Stop Sign
Passenger,Female,43,Front Seat Left Passenger,NotFatal,NotWorn,Utility,NoLicence,3,3 Country,2,off-peak,60,Cross Road,Straight road,Level,Dry,Not Raining,Daylight,Right Angle,Stop Sign