cas_type,cas_gender,cas_age,cas_pos_in_veh,fatality,seat_belt,unit_type,lic_type,n_occupants,stat_area,total_units,time,area_speed,acc_pos,hor_align,ver_align,moist_cond,wea_cond,dayNight,crash_type,traf_ctrls
Driver,Male,51,Driver,NotFatal,Worn,Medium,Full,1,2 Metropolitan,2,off-peak,60,Not Divided,Straight road,Level,Dry,Not Raining,Night,Head On,No Control
Rider,Male,48,NotApplicable,NotFatal,NotWorn,PCycling,NoLicence,1,2 Metropolitan,2,peak,60,Cross Road,Straight road,Level,Dry,Not Raining,Daylight,Hit Object on Road,Traffic Signals
Rider,Male,66,NotApplicable,NotFatal,NotWorn,MCycling,NoLicence,1,2 Metropolitan,1,off-peak,60,T-Junction,Straight road,Slope,Wet,Raining,Daylight,Roll Over,Give Way Sign
Rider,Male,30,NotApplicable,NotFatal,NotWorn,MCycling,NoLicence,1,2 Metropolitan,1,off-peak,100,Divided Road,"CURVED, VIEW OPEN",Crest of Hill,Dry,Not Raining,Daylight,Roll Over,No Control
Rider,Male,49,NotApplicable,NotFatal,NotWorn,PCycling,NoLicence,1,2 Metropolitan,2,peak,60,T-Junction,Straight road,Slope,Dry,Not Raining,Daylight,Right Turn,No Control
Rider,Male,24,NotApplicable,NotFatal,NotWorn,MCycling,NoLicence,1,2 Metropolitan,2,off-peak,60,Cross Road,Straight road,Level,Dry,Not Raining,Daylight,Rear End,Traffic Signals
Rider,Male,52,NotApplicable,NotFatal,NotWorn,PCycling,NoLicence,1,2 Metropolitan,2,off-peak,50,Not Divided,Straight road,Level,Dry,Not Raining,Daylight,Hit Parked Vehicle,No Control
Driver,Male,37,Driver,NotFatal,Worn,Medium,Full,1,2 Metropolitan,2,off-peak,60,Not Divided,Straight road,Level,Dry,Not Raining,Daylight,Right Angle,No Control
Driver,Female,69,Driver,NotFatal,Worn,Small,Full,1,2 Metropolitan,2,off-peak,60,Not Divided,Straight road,Level,Dry,Not Raining,Daylight,Right Angle,No Control
Driver,Male,71,Driver,NotFatal,Worn,Medium,Full,1,3 Country,2,off-peak,100,Not Divided,Straight road,Level,Dry,Not Raining,Daylight,Hit Fixed Object,No Control
Driver,Female,21,Driver,NotFatal,Worn,Medium,Full,1,2 Metropolitan,3,peak,60,Cross Road,Straight road,Level,Dry,Not Raining,Daylight,Right Angle,Give Way Sign
Driver,Female,70,Driver,NotFatal,Worn,Medium,Full,1,2 Metropolitan,3,peak,60,Cross Road,Straight road,Level,Dry,Not Raining,Daylight,Right Angle,Give Way Sign
Driver,Female,75,Driver,NotFatal,Worn,Small,Full,1,2 Metropolitan,2,off-peak,80,T-Junction,"CURVED, VIEW OPEN",Level,Dry,Not Raining,Daylight,Hit Fixed Object,Stop Sign
Driver,Female,73,Driver,NotFatal,Worn,Medium,Full,2,3 Country,2,peak,60,Cross Road,Straight road,Slope,Dry,Not Raining,Daylight,Right Turn,Traffic Signals
Driver,Female,81,Driver,NotFatal,Unknown,Small,Full,1,2 Metropolitan,3,peak,60,Cross Road,Straight road,Level,Dry,Not Raining,Daylight,Right Turn,Traffic Signals
Driver,Female,26,Driver,NotFatal,Worn,Medium,Full,1,2 Metropolitan,3,peak,60,Cross Road,Straight road,Level,Dry,Not Raining,Daylight,Right Turn,Traffic Signals
Pedestrian,Female,22,NotApplicable,NotFatal,NotWorn,Pedestrian on Road,NoLicence,1,2 Metropolitan,2,off-peak,60,Not Divided,Straight road,Slope,Dry,Not Raining,Night,Hit Pedestrian,No Control
Driver,Male,62,Driver,NotFatal,Worn,Small,Full,1,3 Country,2,off-peak,50,Cross Road,Straight road,Level,Dry,Not Raining,Daylight,Right Angle,Give Way Sign
Driver,Male,58,Driver,NotFatal,NotWorn,Utility,Full,1,2 Metropolitan,2,off-peak,50,Not Divided,Straight road,Level,Dry,Not Raining,Daylight,Hit Parked Vehicle,No Control
Rider,Male,48,NotApplicable,NotFatal,NotWorn,MCycling,NoLicence,1,2 Metropolitan,2,off-peak,60,T-Junction,Straight road,Crest of Hill,Dry,Not Raining,Daylight,Right Turn,No Control
Driver,Female,24,Driver,NotFatal,Worn,Small,Full,1,2 Metropolitan,2,off-peak,60,Divided Road,Straight road,Level,Dry,Not Raining,Daylight,Rear End,No Control
Passenger,Male,13,Rear Seat Left Passenger,NotFatal,NotWorn,Small,NoLicence,4,2 Metropolitan,2,off-peak,50,Cross Road,Straight road,Level,Dry,Not Raining,Daylight,Right Angle,Roundabout
Driver,Male,26,Driver,NotFatal,Worn,Small,Provisional 1 ,1,2 Metropolitan,2,off-peak,60,T-Junction,Straight road,Level,Dry,Not Raining,Night,Rear End,No Control
Driver,Male,63,Driver,NotFatal,Worn,Medium,Full,2,3 Country,2,off-peak,110,Not Divided,Straight road,Level,Dry,Not Raining,Daylight,Hit Fixed Object,No Control
Driver,Female,28,Driver,NotFatal,Worn,Utility,Full,1,3 Country,2,off-peak,100,Not Divided,Straight road,Crest of Hill,Dry,Not Raining,Daylight,Hit Animal,No Control
Rider,Male,65,NotApplicable,NotFatal,NotWorn,PCycling,NoLicence,1,2 Metropolitan,1,off-peak,80,Not Divided,Straight road,Level,Dry,Not Raining,Daylight,Roll Over,No Control
Rider,Male,24,NotApplicable,NotFatal,NotWorn,MCycling,NoLicence,1,2 Metropolitan,1,off-peak,80,Not Divided,"CURVED, VIEW OBSCURED",Level,Dry,Not Raining,Daylight,Roll Over,No Control
Driver,Female,18,Driver,NotFatal,Worn,Medium,Provisional 1 ,2,2 Metropolitan,2,off-peak,60,Cross Road,Straight road,Level,Dry,Not Raining,Daylight,Right Turn,Traffic Signals
Passenger,Male,18,Front Seat Left Passenger,NotFatal,NotWorn,Medium,NoLicence,2,2 Metropolitan,2,off-peak,60,Cross Road,Straight road,Level,Dry,Not Raining,Daylight,Right Turn,Traffic Signals
Passenger,Female,26,Front Seat Left Passenger,NotFatal,NotWorn,Small,NoLicence,2,2 Metropolitan,2,off-peak,60,Cross Road,Straight road,Level,Dry,Not Raining,Daylight,Right Turn,Traffic Signals
Driver,Male,56,Driver,NotFatal,Unknown,Small,Full,1,3 Country,1,peak,100,Not Divided,Straight road,Level,Dry,Not Raining,Daylight,Roll Over,No Control
Driver,Male,31,Driver,NotFatal,Worn,Small,Full,1,3 Country,2,off-peak,60,Cross Road,Straight road,Level,Dry,Not Raining,Daylight,Right Angle,Give Way Sign
Passenger,Female,56,Front Seat Left Passenger,NotFatal,NotWorn,Small,NoLicence,2,2 Metropolitan,2,peak,60,Cross Road,Straight road,Level,Dry,Not Raining,Daylight,Right Turn,Traffic Signals
Passenger,Male,22,Rear Seat Left Passenger,NotFatal,NotWorn,Small,NoLicence,3,2 Metropolitan,2,peak,60,Cross Road,Straight road,Level,Dry,Not Raining,Daylight,Right Turn,Traffic Signals
Passenger,Male,22,Front Seat Left Passenger,NotFatal,NotWorn,Small,NoLicence,3,2 Metropolitan,2,peak,60,Cross Road,Straight road,Level,Dry,Not Raining,Daylight,Right Turn,Traffic Signals
Driver,Female,61,Driver,NotFatal,Worn,Small,Full,1,3 Country,2,off-peak,110,T-Junction,Straight road,Level,Dry,Not Raining,Daylight,Right Angle,No Control
Passenger,Female,33,Front Seat Left Passenger,NotFatal,NotWorn,Small,NoLicence,2,2 Metropolitan,2,off-peak,60,Divided Road,Straight road,Level,Dry,Not Raining,Daylight,Right Angle,No Control
Passenger,Male,5,Rear Seat Left Passenger,NotFatal,NotWorn,Medium,NoLicence,2,2 Metropolitan,2,off-peak,60,Divided Road,Straight road,Level,Dry,Not Raining,Daylight,Right Angle,No Control
Driver,Male,55,Driver,NotFatal,Worn,Utility,Full,2,3 Country,1,off-peak,100,T-Junction,Straight road,Level,Dry,Not Raining,Daylight,Roll Over,No Control
Passenger,Female,53,Front Seat Left Passenger,NotFatal,NotWorn,Utility,NoLicence,2,3 Country,1,off-peak,100,T-Junction,Straight road,Level,Dry,Not Raining,Daylight,Roll Over,No Control
Driver,Male,77,Driver,NotFatal,Worn,Small,Full,1,2 Metropolitan,5,off-peak,50,Not Divided,Straight road,Level,Dry,Not Raining,Night,Hit Parked Vehicle,No Control
Driver,Female,49,Driver,NotFatal,Worn,Small,Full,2,2 Metropolitan,5,off-peak,50,Not Divided,Straight road,Level,Dry,Not Raining,Night,Hit Parked Vehicle,No Control
Driver,Male,18,Driver,NotFatal,Worn,Small,Provisional 1 ,2,2 Metropolitan,2,off-peak,60,Divided Road,Straight road,Level,Dry,Not Raining,Night,Hit Fixed Object,No Control
Passenger,Male,17,Front Seat Left Passenger,NotFatal,NotWorn,Small,NoLicence,2,2 Metropolitan,2,off-peak,60,Divided Road,Straight road,Level,Dry,Not Raining,Night,Hit Fixed Object,No Control
Driver,Female,75,Driver,NotFatal,Worn,Medium,Full,1,2 Metropolitan,2,off-peak,20,Other,Straight road,Level,Dry,Not Raining,Daylight,Right Angle,No Control
Driver,Male,74,Driver,NotFatal,Worn,Small,Full,2,2 Metropolitan,2,off-peak,60,Cross Road,Straight road,Level,Dry,Not Raining,Daylight,Rear End,Traffic Signals
Driver,Female,41,Driver,NotFatal,Worn,Small,Full,1,2 Metropolitan,2,off-peak,60,Cross Road,Straight road,Level,Dry,Not Raining,Daylight,Right Turn,Traffic Signals
Rider,Male,50,NotApplicable,NotFatal,NotWorn,PCycling,NoLicence,1,2 Metropolitan,1,peak,80,Not Divided,Straight road,Bottom of Hill,Dry,Not Raining,Daylight,Roll Over,No Control
Driver,Male,39.88915925,Driver,NotFatal,Worn,Utility,Full,1,2 Metropolitan,3,off-peak,60,Divided Road,Straight road,Slope,Dry,Not Raining,Daylight,Side Swipe,No Control
Driver,Male,34,Driver,NotFatal,Worn,Small,Full,1,2 Metropolitan,3,off-peak,60,Divided Road,Straight road,Slope,Dry,Not Raining,Daylight,Side Swipe,No Control
Driver,Female,60,Driver,NotFatal,Worn,Medium,Full,2,2 Metropolitan,3,off-peak,60,Not Divided,Straight road,Level,Dry,Not Raining,Daylight,Rear End,No Control
Passenger,Male,1,Rear Seat Left Passenger,NotFatal,NotWorn,Medium,NoLicence,2,2 Metropolitan,3,off-peak,60,Not Divided,Straight road,Level,Dry,Not Raining,Daylight,Rear End,No Control
Passenger,Male,6,Rear Seat Left Passenger,NotFatal,NotWorn,Medium,NoLicence,5,2 Metropolitan,3,off-peak,60,Not Divided,Straight road,Level,Dry,Not Raining,Daylight,Rear End,No Control
Passenger,Female,31,Front Seat Left Passenger,NotFatal,NotWorn,Medium,NoLicence,5,2 Metropolitan,3,off-peak,60,Not Divided,Straight road,Level,Dry,Not Raining,Daylight,Rear End,No Control
Passenger,Male,3,Rear Seat Right Passenger,NotFatal,NotWorn,Medium,NoLicence,5,2 Metropolitan,3,off-peak,60,Not Divided,Straight road,Level,Dry,Not Raining,Daylight,Rear End,No Control
Driver,Female,39,Driver,NotFatal,Worn,Small,Full,2,2 Metropolitan,3,off-peak,60,Not Divided,Straight road,Level,Dry,Not Raining,Daylight,Rear End,No Control
Driver,Female,76,Driver,Fatal,Unknown,Medium,Full,2,3 Country,3,off-peak,110,Cross Road,Straight road,Level,Dry,Not Raining,Daylight,Head On,Give Way Sign
Passenger,Male,90,Front Seat Left Passenger,Fatal,NotWorn,Medium,NoLicence,2,3 Country,3,off-peak,110,Cross Road,Straight road,Level,Dry,Not Raining,Daylight,Head On,Give Way Sign
Rider,Female,55,NotApplicable,NotFatal,NotWorn,PCycling,NoLicence,1,2 Metropolitan,2,peak,50,Cross Road,Straight road,Level,Dry,Not Raining,Daylight,Right Angle,Roundabout
Pedestrian,Male,19,NotApplicable,NotFatal,NotWorn,Pedestrian on Road,NoLicence,1,1 City,2,off-peak,50,Divided Road,Straight road,Level,Dry,Not Raining,Daylight,Hit Pedestrian,No Control
Pedestrian,Male,17,NotApplicable,NotFatal,NotWorn,Pedestrian on Road,NoLicence,1,3 Country,2,off-peak,50,Not Divided,Unknown,Unknown,Dry,Not Raining,Night,Hit Pedestrian,No Control
Driver,Female,20,Driver,NotFatal,Worn,Medium,Provisional 2,1,2 Metropolitan,1,off-peak,80,T-Junction,"CURVED, VIEW OBSCURED",Level,Dry,Not Raining,Night,Roll Over,No Control
Driver,Female,26,Driver,NotFatal,Worn,Small,Full,1,2 Metropolitan,2,off-peak,80,Cross Road,"CURVED, VIEW OPEN",Level,Dry,Not Raining,Daylight,Right Angle,Traffic Signals
Pedestrian,Male,24,NotApplicable,Fatal,NotWorn,Pedestrian on Road,NoLicence,1,2 Metropolitan,2,off-peak,60,Not Divided,Straight road,Level,Dry,Not Raining,Night,Hit Pedestrian,No Control
Driver,Male,20,Driver,NotFatal,Worn,Small,Provisional 2,1,2 Metropolitan,2,off-peak,110,Divided Road,Straight road,Level,Dry,Not Raining,Daylight,Rear End,No Control
Driver,Female,29,Driver,NotFatal,Worn,Small,Full,1,2 Metropolitan,2,off-peak,60,Cross Road,Straight road,Level,Dry,Not Raining,Daylight,Side Swipe,Roundabout
Passenger,Female,46,Other,NotFatal,NotWorn,Small,NoLicence,9,3 Country,2,off-peak,80,Cross Road,Straight road,Slope,Dry,Not Raining,Daylight,Right Angle,Give Way Sign
Passenger,Female,62,Other,NotFatal,NotWorn,Small,NoLicence,9,3 Country,2,off-peak,80,Cross Road,Straight road,Slope,Dry,Not Raining,Daylight,Right Angle,Give Way Sign
Rider,Male,63,NotApplicable,NotFatal,NotWorn,PCycling,NoLicence,1,2 Metropolitan,2,off-peak,60,Divided Road,Straight road,Level,Dry,Not Raining,Daylight,Side Swipe,No Control
Driver,Male,29,Driver,NotFatal,Worn,Small,Full,1,3 Country,2,off-peak,100,Not Divided,Straight road,Level,Dry,Not Raining,Daylight,Hit Fixed Object,No Control
Driver,Female,52,Driver,NotFatal,Worn,Small,Full,1,2 Metropolitan,2,peak,60,T-Junction,Straight road,Level,Dry,Not Raining,Daylight,Rear End,Traffic Signals
Driver,Female,80,Driver,NotFatal,Worn,Small,Full,1,3 Country,2,off-peak,110,Not Divided,"CURVED, VIEW OPEN",Level,Dry,Not Raining,Daylight,Head On,No Control
Pedestrian,Male,21,NotApplicable,Fatal,NotWorn,Pedestrian on Road,NoLicence,1,2 Metropolitan,2,off-peak,70,Not Divided,Straight road,Level,Dry,Not Raining,Night,Hit Pedestrian,No Control
Rider,Unknown,48,NotApplicable,NotFatal,NotWorn,PCycling,NoLicence,1,2 Metropolitan,2,peak,60,Not Divided,Straight road,Level,Dry,Not Raining,Daylight,Roll Over,No Control
Driver,Male,26,Driver,NotFatal,Worn,Small,Full,2,2 Metropolitan,2,peak,80,Cross Road,Straight road,Level,Dry,Not Raining,Daylight,Right Angle,Traffic Signals
Passenger,Female,53,Front Seat Left Passenger,NotFatal,NotWorn,Small,NoLicence,2,2 Metropolitan,2,peak,80,Cross Road,Straight road,Level,Dry,Not Raining,Daylight,Right Angle,Traffic Signals
Driver,Female,29,Driver,NotFatal,Worn,Small,Full,1,3 Country,2,off-peak,60,T-Junction,Straight road,Level,Dry,Not Raining,Daylight,Rear End,No Control
Driver,Female,47,Driver,NotFatal,Worn,Medium,Full,2,3 Country,2,off-peak,110,Not Divided,Straight road,Slope,Dry,Not Raining,Daylight,Hit Animal,No Control
Passenger,Male,46,Front Seat Left Passenger,NotFatal,NotWorn,Medium,NoLicence,2,3 Country,2,off-peak,110,Not Divided,Straight road,Slope,Dry,Not Raining,Daylight,Hit Animal,No Control
Pedestrian,Male,39.88915925,NotApplicable,NotFatal,NotWorn,Pedestrian on Road,NoLicence,1,2 Metropolitan,2,off-peak,50,Cross Road,Straight road,Level,Dry,Not Raining,Daylight,Hit Pedestrian,Roundabout
Passenger,Female,39.88915925,Front Seat Left Passenger,NotFatal,NotWorn,Small,NoLicence,4,2 Metropolitan,2,off-peak,60,T-Junction,Straight road,Level,Dry,Not Raining,Daylight,Right Angle,No Control
Passenger,Female,82,Rear Seat Left Passenger,NotFatal,NotWorn,Small,NoLicence,4,2 Metropolitan,2,off-peak,60,T-Junction,Straight road,Level,Dry,Not Raining,Daylight,Right Angle,No Control
Pedestrian,Female,46,NotApplicable,NotFatal,NotWorn,Wheelchair,NoLicence,1,2 Metropolitan,2,off-peak,60,T-Junction,Straight road,Level,Dry,Not Raining,Daylight,Hit Pedestrian,No Control
Driver,Male,26,Driver,NotFatal,Worn,Utility,Provisional 2,1,2 Metropolitan,2,off-peak,60,Divided Road,Straight road,Level,Dry,Not Raining,Daylight,Hit Fixed Object,No Control
Driver,Male,20,Driver,NotFatal,Worn,Small,Provisional 2,4,3 Country,2,peak,50,Cross Road,Straight road,Slope,Dry,Not Raining,Daylight,Right Angle,Give Way Sign
Passenger,Unknown,39.88915925,Rear Seat Right Passenger,NotFatal,NotWorn,Small,NoLicence,4,3 Country,2,peak,50,Cross Road,Straight road,Slope,Dry,Not Raining,Daylight,Right Angle,Give Way Sign
Passenger,Male,20,Rear Seat Left Passenger,NotFatal,NotWorn,Small,NoLicence,4,3 Country,2,peak,50,Cross Road,Straight road,Slope,Dry,Not Raining,Daylight,Right Angle,Give Way Sign
Passenger,Unknown,39.88915925,Front Seat Left Passenger,NotFatal,NotWorn,Small,NoLicence,4,3 Country,2,peak,50,Cross Road,Straight road,Slope,Dry,Not Raining,Daylight,Right Angle,Give Way Sign
Driver,Female,76,Driver,NotFatal,Worn,Small,Full,1,3 Country,2,peak,50,Cross Road,Straight road,Slope,Dry,Not Raining,Daylight,Right Angle,Give Way Sign
Rider,Male,63,NotApplicable,NotFatal,NotWorn,PCycling,NoLicence,1,2 Metropolitan,2,peak,50,T-Junction,"CURVED, VIEW OPEN",Level,Dry,Not Raining,Daylight,Right Angle,Roundabout
Rider,Male,46,NotApplicable,Fatal,NotWorn,PCycling,NoLicence,1,2 Metropolitan,2,off-peak,60,Divided Road,"CURVED, VIEW OPEN",Slope,Dry,Not Raining,Daylight,Hit Fixed Object,No Control
Rider,Male,25,NotApplicable,NotFatal,NotWorn,MCycling,NoLicence,1,3 Country,2,off-peak,50,Not Divided,Straight road,Level,Dry,Not Raining,Daylight,Hit Fixed Object,No Control
Rider,Male,50,NotApplicable,NotFatal,NotWorn,PCycling,NoLicence,1,2 Metropolitan,2,off-peak,50,Not Divided,Straight road,Level,Unknown,Unknown,Daylight,Side Swipe,No Control
Rider,Female,47,NotApplicable,NotFatal,NotWorn,PCycling,NoLicence,1,2 Metropolitan,2,peak,50,Cross Road,Straight road,Level,Dry,Not Raining,Daylight,Right Angle,Roundabout
Passenger,Female,72,Front Seat Left Passenger,NotFatal,NotWorn,Small,NoLicence,2,2 Metropolitan,5,off-peak,60,T-Junction,Straight road,Level,Dry,Not Raining,Daylight,Rear End,No Control
Driver,Male,34,Driver,NotFatal,Unknown,Medium,Full,4,2 Metropolitan,2,off-peak,110,Divided Road,Straight road,Level,Dry,Not Raining,Daylight,Rear End,No Control
Passenger,Male,39.88915925,Rear Seat Left Passenger,NotFatal,NotWorn,Medium,NoLicence,4,2 Metropolitan,2,off-peak,110,Divided Road,Straight road,Level,Dry,Not Raining,Daylight,Rear End,No Control
Passenger,Male,2,Rear Seat Right Passenger,NotFatal,NotWorn,Medium,NoLicence,4,2 Metropolitan,2,off-peak,110,Divided Road,Straight road,Level,Dry,Not Raining,Daylight,Rear End,No Control
Passenger,Female,35,Front Seat Left Passenger,NotFatal,NotWorn,Medium,NoLicence,4,2 Metropolitan,2,off-peak,110,Divided Road,Straight road,Level,Dry,Not Raining,Daylight,Rear End,No Control
Rider,Male,23,NotApplicable,NotFatal,NotWorn,MCycling,NoLicence,1,2 Metropolitan,2,peak,60,T-Junction,Straight road,Level,Dry,Not Raining,Daylight,Rear End,No Control
Driver,Female,39,Driver,NotFatal,Worn,Medium,Full,1,2 Metropolitan,2,off-peak,80,Cross Road,Straight road,Level,Dry,Not Raining,Daylight,Right Angle,Give Way Sign
Driver,Female,24,Driver,NotFatal,Worn,Small,Full,2,2 Metropolitan,2,off-peak,60,Not Divided,Straight road,Level,Dry,Not Raining,Daylight,Side Swipe,No Control
Driver,Male,17,Driver,NotFatal,Worn,Small,Provisional 1 ,2,2 Metropolitan,2,peak,80,Not Divided,"CURVED, VIEW OBSCURED",Slope,Dry,Not Raining,Daylight,Hit Fixed Object,No Control
Passenger,Male,17,Front Seat Left Passenger,NotFatal,NotWorn,Small,NoLicence,2,2 Metropolitan,2,peak,80,Not Divided,"CURVED, VIEW OBSCURED",Slope,Dry,Not Raining,Daylight,Hit Fixed Object,No Control
Driver,Male,89,Driver,NotFatal,Worn,Small,Full,1,3 Country,2,off-peak,60,T-Junction,Straight road,Level,Dry,Not Raining,Daylight,Right Angle,No Control
Rider,Male,76,NotApplicable,NotFatal,NotWorn,MCycling,NoLicence,1,2 Metropolitan,2,peak,60,T-Junction,Straight road,Level,Dry,Not Raining,Daylight,Right Angle,Traffic Signals
Passenger,Male,31,Front Seat Left Passenger,NotFatal,NotWorn,Medium,NoLicence,2,3 Country,1,off-peak,100,Not Divided,"CURVED, VIEW OBSCURED",Level,Dry,Not Raining,Daylight,Roll Over,No Control
Driver,Male,18,Driver,NotFatal,Worn,Small,Provisional 2,1,2 Metropolitan,2,off-peak,50,Not Divided,Straight road,Level,Dry,Not Raining,Night,Hit Parked Vehicle,No Control
Driver,Male,30,Driver,NotFatal,Worn,Small,Full,1,2 Metropolitan,2,peak,60,T-Junction,Straight road,Level,Dry,Not Raining,Daylight,Right Angle,No Control
Rider,Male,41,NotApplicable,NotFatal,NotWorn,MCycling,NoLicence,1,3 Country,1,peak,50,Not Divided,Straight road,Level,Dry,Not Raining,Daylight,Roll Over,No Control
Rider,Male,42,NotApplicable,NotFatal,NotWorn,MCycling,NoLicence,1,2 Metropolitan,2,off-peak,80,T-Junction,"CURVED, VIEW OPEN",Slope,Dry,Not Raining,Daylight,Right Turn,No Control
Rider,Female,54,NotApplicable,NotFatal,NotWorn,PCycling,NoLicence,1,2 Metropolitan,1,off-peak,60,Divided Road,Straight road,Crest of Hill,Dry,Not Raining,Daylight,Roll Over,No Control
Driver,Female,48,Driver,NotFatal,Worn,Medium,Full,1,2 Metropolitan,2,off-peak,60,Cross Road,Straight road,Level,Dry,Not Raining,Daylight,Right Angle,Stop Sign
Driver,Female,36,Driver,NotFatal,Worn,Small,Full,3,2 Metropolitan,2,off-peak,60,Cross Road,Straight road,Level,Dry,Not Raining,Daylight,Right Angle,Stop Sign
Driver,Female,82,Driver,NotFatal,Worn,Small,Full,1,2 Metropolitan,3,off-peak,60,Divided Road,Straight road,Slope,Dry,Not Raining,Daylight,Hit Fixed Object,No Control
Rider,Male,50,NotApplicable,NotFatal,NotWorn,PCycling,NoLicence,1,2 Metropolitan,2,off-peak,50,Not Divided,Straight road,Level,Dry,Not Raining,Daylight,Roll Over,No Control
Driver,Male,39,Driver,NotFatal,Worn,Medium,Full,1,2 Metropolitan,3,peak,60,Divided Road,Straight road,Level,Dry,Not Raining,Daylight,Head On,No Control
Rider,Male,48,NotApplicable,NotFatal,NotWorn,MCycling,NoLicence,1,2 Metropolitan,2,off-peak,80,Not Divided,"CURVED, VIEW OBSCURED",Level,Dry,Not Raining,Daylight,Hit Fixed Object,No Control
Driver,Male,18,Driver,NotFatal,Worn,Small,Provisional 1 ,4,2 Metropolitan,2,peak,60,T-Junction,Straight road,Level,Dry,Not Raining,Daylight,Rear End,Traffic Signals
Passenger,Male,16,Rear Seat Right Passenger,NotFatal,NotWorn,Small,NoLicence,4,2 Metropolitan,2,peak,60,T-Junction,Straight road,Level,Dry,Not Raining,Daylight,Rear End,Traffic Signals
Passenger,Female,16,Front Seat Left Passenger,NotFatal,NotWorn,Small,NoLicence,4,2 Metropolitan,2,peak,60,T-Junction,Straight road,Level,Dry,Not Raining,Daylight,Rear End,Traffic Signals
Passenger,Male,17,Rear Seat Left Passenger,NotFatal,NotWorn,Small,NoLicence,4,2 Metropolitan,2,peak,60,T-Junction,Straight road,Level,Dry,Not Raining,Daylight,Rear End,Traffic Signals
Rider,Male,26,NotApplicable,NotFatal,NotWorn,MCycling,NoLicence,1,2 Metropolitan,1,off-peak,50,Not Divided,Straight road,Level,Dry,Not Raining,Daylight,Roll Over,No Control
Pedestrian,Male,24,NotApplicable,NotFatal,NotWorn,Pedestrian on Road,NoLicence,1,2 Metropolitan,2,off-peak,80,Not Divided,Straight road,Slope,Dry,Not Raining,Night,Hit Pedestrian,No Control
Driver,Male,17,Driver,NotFatal,Worn,Small,Full,1,3 Country,3,off-peak,50,Not Divided,Straight road,Level,Dry,Not Raining,Daylight,Hit Parked Vehicle,No Control
Driver,Male,29,Driver,NotFatal,Worn,Small,Full,1,3 Country,2,off-peak,110,Not Divided,"CURVED, VIEW OBSCURED",Level,Dry,Not Raining,Daylight,Roll Over,No Control
Rider,Male,11,NotApplicable,NotFatal,NotWorn,PCycling,NoLicence,1,2 Metropolitan,2,off-peak,50,Pedestrian Crossing,Straight road,Level,Dry,Not Raining,Daylight,Right Angle,Traffic Signals
Rider,Male,57,NotApplicable,NotFatal,NotWorn,PCycling,NoLicence,1,2 Metropolitan,1,off-peak,60,T-Junction,Straight road,Level,Dry,Not Raining,Daylight,Roll Over,Give Way Sign
Rider,Male,70,NotApplicable,NotFatal,NotWorn,PCycling,NoLicence,1,2 Metropolitan,2,peak,50,Cross Road,Straight road,Level,Dry,Not Raining,Daylight,Right Angle,Roundabout
Driver,Female,25,Driver,NotFatal,Worn,Small,Full,1,2 Metropolitan,5,peak,80,Divided Road,Straight road,Level,Dry,Not Raining,Night,Other,No Control
Driver,Female,30,Driver,NotFatal,Worn,Small,Full,1,2 Metropolitan,3,off-peak,60,Cross Road,Straight road,Level,Dry,Not Raining,Daylight,Rear End,Traffic Signals
Driver,Female,32,Driver,NotFatal,Worn,Small,Full,2,2 Metropolitan,2,peak,60,Cross Road,Straight road,Level,Dry,Not Raining,Daylight,Rear End,Roundabout
Driver,Male,27,Driver,NotFatal,Worn,Small,Learners,1,3 Country,2,off-peak,50,Not Divided,Straight road,Bottom of Hill,Dry,Not Raining,Night,Hit Fixed Object,No Control
Rider,Male,65,NotApplicable,NotFatal,NotWorn,PCycling,NoLicence,1,2 Metropolitan,2,off-peak,50,Not Divided,Straight road,Level,Dry,Not Raining,Daylight,Rear End,No Control
Driver,Female,53,Driver,NotFatal,Worn,Small,Full,1,2 Metropolitan,2,peak,60,Cross Road,Straight road,Slope,Dry,Not Raining,Daylight,Right Angle,Traffic Signals
Driver,Male,32,Driver,NotFatal,Worn,Small,Full,2,2 Metropolitan,2,peak,60,Divided Road,Straight road,Level,Dry,Not Raining,Daylight,Rear End,No Control
Pedestrian,Male,39.88915925,NotApplicable,NotFatal,NotWorn,Pedestrian on Road,NoLicence,1,2 Metropolitan,2,off-peak,50,Not Divided,Straight road,Level,Dry,Not Raining,Night,Hit Pedestrian,No Control
Driver,Male,30,Driver,NotFatal,Worn,Small,Full,2,1 City,2,off-peak,60,Cross Road,Straight road,Level,Wet,Raining,Night,Rear End,Traffic Signals
Driver,Female,59,Driver,NotFatal,Worn,Utility,Full,1,2 Metropolitan,2,off-peak,50,Cross Road,Straight road,Level,Dry,Not Raining,Daylight,Rear End,Traffic Signals
Driver,Female,21,Driver,NotFatal,Worn,Small,Full,1,1 City,2,peak,50,Cross Road,Straight road,Level,Dry,Not Raining,Daylight,Right Angle,Traffic Signals
Driver,Male,62,Driver,NotFatal,Worn,Small,Full,1,2 Metropolitan,2,off-peak,60,T-Junction,Straight road,Slope,Dry,Not Raining,Daylight,Rear End,No Control
Driver,Female,57,Driver,NotFatal,Worn,Small,Full,1,2 Metropolitan,2,peak,60,Cross Road,Straight road,Level,Dry,Not Raining,Daylight,Rear End,Traffic Signals